{
"type": "FeatureCollection",
"name": "batas_admin_kab_kot_sim",
"crs": { "type": "name", "properties": { "name": "urn:ogc:def:crs:OGC:1.3:CRS84" } },
"features": [
{ "type": "Feature", "properties": { "OBJECTID": 27, "NAMOBJ": "Halmahera Barat", "WADMPR": "Maluku Utara", "LUAS_KM": 2238.6901, "COLOR": "#3dece6", "S_DATA": "Badan Informasi Geospasial (BIG)" }, "geometry": { "type": "MultiPolygon", "coordinates": [ [ [ [ 127.632587670000021, 0.839956659000052, 0.0 ], [ 127.631903026000032, 0.839889412000048, 0.0 ], [ 127.631807804000118, 0.840262700000039, 0.0 ], [ 127.632292706000044, 0.840463889000034, 0.0 ], [ 127.632587670000021, 0.839956659000052, 0.0 ] ] ], [ [ [ 127.516512167000087, 0.861310132000028, 0.0 ], [ 127.516164765000099, 0.861352963000058, 0.0 ], [ 127.516331328000092, 0.862066801000026, 0.0 ], [ 127.516731077000031, 0.861947828000041, 0.0 ], [ 127.516512167000087, 0.861310132000028, 0.0 ] ] ], [ [ [ 127.600837856000112, 0.862267713000051, 0.0 ], [ 127.60030637300008, 0.859434147000059, 0.0 ], [ 127.598547249000035, 0.859222909000039, 0.0 ], [ 127.599211554000021, 0.862889304000021, 0.0 ], [ 127.600837856000112, 0.862267713000051, 0.0 ] ] ], [ [ [ 127.515370263000023, 0.864596520000021, 0.0 ], [ 127.515462254000113, 0.862822663000031, 0.0 ], [ 127.513445377000039, 0.862511645000041, 0.0 ], [ 127.51372738900011, 0.864661371000068, 0.0 ], [ 127.515370263000023, 0.864596520000021, 0.0 ] ] ], [ [ [ 127.511672185000066, 0.859236512000052, 0.0 ], [ 127.509292723000044, 0.859426868000071, 0.0 ], [ 127.508847670000023, 0.860545276000039, 0.0 ], [ 127.511777670000015, 0.864870276000033, 0.0 ], [ 127.513841670000033, 0.860954276000029, 0.0 ], [ 127.511672185000066, 0.859236512000052, 0.0 ] ] ], [ [ [ 127.531188, 0.864254819000053, 0.0 ], [ 127.530816975000107, 0.864714126000024, 0.0 ], [ 127.531729535000068, 0.865489806000028, 0.0 ], [ 127.531843784000102, 0.865116546000024, 0.0 ], [ 127.531188, 0.864254819000053, 0.0 ] ] ], [ [ [ 127.534197070000118, 0.865149206000069, 0.0 ], [ 127.533445926000013, 0.86498619200006, 0.0 ], [ 127.533996942000044, 0.86629775900002, 0.0 ], [ 127.534415596000031, 0.865618315000063, 0.0 ], [ 127.534197070000118, 0.865149206000069, 0.0 ] ] ], [ [ [ 127.508217624000054, 0.864108918000056, 0.0 ], [ 127.506588159000103, 0.86484701400002, 0.0 ], [ 127.507099120000021, 0.868124717000057, 0.0 ], [ 127.509202112000025, 0.866298594000057, 0.0 ], [ 127.508217624000054, 0.864108918000056, 0.0 ] ] ], [ [ [ 127.563340955000058, 0.86862313000006, 0.0 ], [ 127.564191205000043, 0.866722116000062, 0.0 ], [ 127.561929596000027, 0.86382233300003, 0.0 ], [ 127.557159191000096, 0.863478932000021, 0.0 ], [ 127.555320034000033, 0.864653685000064, 0.0 ], [ 127.555669580000085, 0.865989685000045, 0.0 ], [ 127.559359421000067, 0.866149422000035, 0.0 ], [ 127.563340955000058, 0.86862313000006, 0.0 ] ] ], [ [ [ 127.567888688000039, 0.868672772000025, 0.0 ], [ 127.566443516000049, 0.868117041000062, 0.0 ], [ 127.566233725000075, 0.869686778000073, 0.0 ], [ 127.567460522000033, 0.869352225000057, 0.0 ], [ 127.567888688000039, 0.868672772000025, 0.0 ] ] ], [ [ [ 127.561460529000101, 0.870409208000069, 0.0 ], [ 127.558760728000038, 0.869040447000032, 0.0 ], [ 127.557840315000021, 0.869205633000036, 0.0 ], [ 127.560237768000093, 0.871888324000054, 0.0 ], [ 127.561460529000101, 0.870409208000069, 0.0 ] ] ], [ [ [ 127.51455687300006, 0.871996372000069, 0.0 ], [ 127.513415555000051, 0.872290647000057, 0.0 ], [ 127.513369964000049, 0.872970278000025, 0.0 ], [ 127.514664415000084, 0.872401168000067, 0.0 ], [ 127.51455687300006, 0.871996372000069, 0.0 ] ] ], [ [ [ 127.557666837000056, 0.873896590000072, 0.0 ], [ 127.55646941100008, 0.872020012000064, 0.0 ], [ 127.558599731000072, 0.871255072000054, 0.0 ], [ 127.555642352000064, 0.871426228000075, 0.0 ], [ 127.555679621000081, 0.873436365000032, 0.0 ], [ 127.557666837000056, 0.873896590000072, 0.0 ] ] ], [ [ [ 127.51758810900003, 0.873336900000027, 0.0 ], [ 127.516725105000091, 0.873523208000051, 0.0 ], [ 127.516332681000108, 0.873989680000022, 0.0 ], [ 127.517195505000018, 0.874262820000069, 0.0 ], [ 127.51758810900003, 0.873336900000027, 0.0 ] ] ], [ [ [ 127.545948202000091, 0.874145268000063, 0.0 ], [ 127.548235525000109, 0.873658542000044, 0.0 ], [ 127.548708421000015, 0.870694596000021, 0.0 ], [ 127.551442984000118, 0.869810707000056, 0.0 ], [ 127.549291418000053, 0.868801843000028, 0.0 ], [ 127.553658923000057, 0.866844549000064, 0.0 ], [ 127.553802111000095, 0.865410824000037, 0.0 ], [ 127.549430638000103, 0.864908980000052, 0.0 ], [ 127.546705577000012, 0.866082866000056, 0.0 ], [ 127.546709279000083, 0.868600167000068, 0.0 ], [ 127.544185163000066, 0.873211846000061, 0.0 ], [ 127.545948202000091, 0.874145268000063, 0.0 ] ] ], [ [ [ 127.52180235700007, 0.872344281000039, 0.0 ], [ 127.521812262000026, 0.871460544000058, 0.0 ], [ 127.519756837000045, 0.872327853000058, 0.0 ], [ 127.519310029000053, 0.87399275000007, 0.0 ], [ 127.521525873000087, 0.87380537100006, 0.0 ], [ 127.52180235700007, 0.872344281000039, 0.0 ] ] ], [ [ [ 127.565336416000036, 0.874017680000065, 0.0 ], [ 127.56596296500004, 0.873423041000024, 0.0 ], [ 127.564089629000023, 0.868053309000061, 0.0 ], [ 127.563400301000115, 0.868850488000021, 0.0 ], [ 127.56217205400003, 0.868923671000061, 0.0 ], [ 127.561666295, 0.872637851000036, 0.0 ], [ 127.562844029000075, 0.87306940700006, 0.0 ], [ 127.563965970000027, 0.874581886000044, 0.0 ], [ 127.565336416000036, 0.874017680000065, 0.0 ] ] ], [ [ [ 127.530175997000015, 0.87355827500005, 0.0 ], [ 127.528596208000067, 0.874340912000036, 0.0 ], [ 127.529764925000109, 0.876024996000069, 0.0 ], [ 127.530739464000021, 0.875701268000057, 0.0 ], [ 127.530175997000015, 0.87355827500005, 0.0 ] ] ], [ [ [ 127.526469900000052, 0.872105863000058, 0.0 ], [ 127.524635806000106, 0.874485991000029, 0.0 ], [ 127.526303813000027, 0.876215492000028, 0.0 ], [ 127.527019289, 0.875368670000057, 0.0 ], [ 127.526469900000052, 0.872105863000058, 0.0 ] ] ], [ [ [ 127.531683249000025, 0.874398775000031, 0.0 ], [ 127.531212020000112, 0.875423150000074, 0.0 ], [ 127.531953049000094, 0.87632256400002, 0.0 ], [ 127.532330957000113, 0.875114134000057, 0.0 ], [ 127.531683249000025, 0.874398775000031, 0.0 ] ] ], [ [ [ 127.5278959420001, 0.87651037400002, 0.0 ], [ 127.526961644000039, 0.876624867000032, 0.0 ], [ 127.52744622900002, 0.877572675000067, 0.0 ], [ 127.530077563000077, 0.878255716000069, 0.0 ], [ 127.5278959420001, 0.87651037400002, 0.0 ] ] ], [ [ [ 127.662284985000042, 0.878100124000071, 0.0 ], [ 127.662867953000045, 0.877106699000024, 0.0 ], [ 127.66145976200005, 0.876936446000059, 0.0 ], [ 127.661499763000052, 0.87841540200003, 0.0 ], [ 127.662284985000042, 0.878100124000071, 0.0 ] ] ], [ [ [ 127.534667859000024, 0.879219554000031, 0.0 ], [ 127.533220332000042, 0.879490103000023, 0.0 ], [ 127.534461057000044, 0.880965242000059, 0.0 ], [ 127.535566183000014, 0.879906761000029, 0.0 ], [ 127.534667859000024, 0.879219554000031, 0.0 ] ] ], [ [ [ 127.540144077000036, 0.880389877000027, 0.0 ], [ 127.539972559000034, 0.881308715000046, 0.0 ], [ 127.540752363000024, 0.881136728000058, 0.0 ], [ 127.5407050230001, 0.880610252000054, 0.0 ], [ 127.540144077000036, 0.880389877000027, 0.0 ] ] ], [ [ [ 127.508080409000058, 0.880151399000056, 0.0 ], [ 127.507182963000105, 0.880390963000025, 0.0 ], [ 127.507563905000097, 0.881390636000049, 0.0 ], [ 127.508357899000089, 0.880904876000045, 0.0 ], [ 127.508080409000058, 0.880151399000056, 0.0 ] ] ], [ [ [ 127.513936755000032, 0.878562526000053, 0.0 ], [ 127.512476951000053, 0.879669742000033, 0.0 ], [ 127.513584150000042, 0.881414853000024, 0.0 ], [ 127.515484678, 0.879945955000039, 0.0 ], [ 127.513936755000032, 0.878562526000053, 0.0 ] ] ], [ [ [ 127.53823001100011, 0.882560442000056, 0.0 ], [ 127.539109369000016, 0.880990767000071, 0.0 ], [ 127.536647754000114, 0.880958872000065, 0.0 ], [ 127.536463409000021, 0.881474253000022, 0.0 ], [ 127.53823001100011, 0.882560442000056, 0.0 ] ] ], [ [ [ 127.512869060000071, 0.881446899000025, 0.0 ], [ 127.512178253000116, 0.881842794000022, 0.0 ], [ 127.512749965000012, 0.883237644000076, 0.0 ], [ 127.513587643000051, 0.882172137000055, 0.0 ], [ 127.512869060000071, 0.881446899000025, 0.0 ] ] ], [ [ [ 127.523821250000083, 0.881161715000076, 0.0 ], [ 127.522978451000085, 0.877408117000073, 0.0 ], [ 127.517455197000118, 0.878630969000028, 0.0 ], [ 127.517048304000014, 0.879996632000029, 0.0 ], [ 127.520281136000108, 0.881429332000039, 0.0 ], [ 127.521009441000047, 0.883684990000063, 0.0 ], [ 127.523821250000083, 0.881161715000076, 0.0 ] ] ], [ [ [ 127.51103743300007, 0.881728423000027, 0.0 ], [ 127.50886490500011, 0.882242371000075, 0.0 ], [ 127.50862160500003, 0.883556125000041, 0.0 ], [ 127.51101050200009, 0.883972988000039, 0.0 ], [ 127.51103743300007, 0.881728423000027, 0.0 ] ] ], [ [ [ 127.518863521000071, 0.884346223000023, 0.0 ], [ 127.519558395000104, 0.883576202000029, 0.0 ], [ 127.517756126000108, 0.883536425000045, 0.0 ], [ 127.518053493000025, 0.884470842000042, 0.0 ], [ 127.518863521000071, 0.884346223000023, 0.0 ] ] ], [ [ [ 127.524395458000072, 0.88325930000002, 0.0 ], [ 127.523235418000013, 0.883134402000053, 0.0 ], [ 127.522483758000021, 0.884282725000048, 0.0 ], [ 127.52376743800005, 0.884350242000039, 0.0 ], [ 127.524395458000072, 0.88325930000002, 0.0 ] ] ], [ [ [ 127.505605983, 0.878917340000044, 0.0 ], [ 127.503460892000021, 0.875000604000036, 0.0 ], [ 127.504031862000033, 0.87029095500003, 0.0 ], [ 127.501805915000091, 0.866044790000046, 0.0 ], [ 127.5003547230001, 0.865508381000041, 0.0 ], [ 127.497190987000067, 0.869932464000044, 0.0 ], [ 127.498668700000053, 0.878087776000029, 0.0 ], [ 127.501304475000097, 0.879022236000026, 0.0 ], [ 127.499172290000047, 0.884803772000055, 0.0 ], [ 127.505858511000042, 0.881843384000035, 0.0 ], [ 127.506682966000085, 0.880379877000053, 0.0 ], [ 127.505605983, 0.878917340000044, 0.0 ] ] ], [ [ [ 127.509094503000028, 0.885479713000052, 0.0 ], [ 127.508666623000067, 0.885431681000057, 0.0 ], [ 127.508656916000064, 0.885929411000063, 0.0 ], [ 127.509160871000063, 0.885967903000051, 0.0 ], [ 127.509094503000028, 0.885479713000052, 0.0 ] ] ], [ [ [ 127.519445940000082, 0.886366390000035, 0.0 ], [ 127.519672096000022, 0.885575435000021, 0.0 ], [ 127.518841828000063, 0.885667950000027, 0.0 ], [ 127.518999112000074, 0.886333905000072, 0.0 ], [ 127.519445940000082, 0.886366390000035, 0.0 ] ] ], [ [ [ 127.515242619000105, 0.885225892000051, 0.0 ], [ 127.514069546000087, 0.885479345000022, 0.0 ], [ 127.514324631000022, 0.886610791000066, 0.0 ], [ 127.515249569000048, 0.886115078000046, 0.0 ], [ 127.515242619000105, 0.885225892000051, 0.0 ] ] ], [ [ [ 127.666343136000023, 0.887305066000067, 0.0 ], [ 127.66570596300005, 0.887400559000071, 0.0 ], [ 127.665563145000078, 0.887888702000055, 0.0 ], [ 127.666048114000091, 0.887936741000033, 0.0 ], [ 127.666343136000023, 0.887305066000067, 0.0 ] ] ], [ [ [ 127.471507602000088, 0.953581099000075, 0.0 ], [ 127.470794306000016, 0.953873911000073, 0.0 ], [ 127.470972120000056, 0.954956782000068, 0.0 ], [ 127.471287112000027, 0.954932994000046, 0.0 ], [ 127.471507602000088, 0.953581099000075, 0.0 ] ] ], [ [ [ 127.496635316000038, 0.988835292000033, 0.0 ], [ 127.496740012000032, 0.989182694000021, 0.0 ], [ 127.497491922000108, 0.989463470000032, 0.0 ], [ 127.497406261000037, 0.989211247000071, 0.0 ], [ 127.496635316000038, 0.988835292000033, 0.0 ] ] ], [ [ [ 127.466176472000029, 1.012223961000075, 0.0 ], [ 127.465909998000029, 1.012692843000025, 0.0 ], [ 127.466061832000037, 1.013353357000028, 0.0 ], [ 127.466271359000075, 1.012654729000076, 0.0 ], [ 127.466176472000029, 1.012223961000075, 0.0 ] ] ], [ [ [ 127.485501143000079, 1.059853187000044, 0.0 ], [ 127.485230106000017, 1.059900912000046, 0.0 ], [ 127.485168144000113, 1.060211962000039, 0.0 ], [ 127.485467725000035, 1.060130750000042, 0.0 ], [ 127.485501143000079, 1.059853187000044, 0.0 ] ] ], [ [ [ 127.398260088000029, 1.083203749000063, 0.0 ], [ 127.397909437000067, 1.083221508000065, 0.0 ], [ 127.397671563000017, 1.083508521000056, 0.0 ], [ 127.398438148000082, 1.083646516000044, 0.0 ], [ 127.398260088000029, 1.083203749000063, 0.0 ] ] ], [ [ [ 127.532297857000117, 1.509303439000064, 0.0 ], [ 127.531936090000045, 1.509490582000069, 0.0 ], [ 127.532085143000018, 1.509777874000065, 0.0 ], [ 127.532734452000113, 1.509525563000068, 0.0 ], [ 127.532297857000117, 1.509303439000064, 0.0 ] ] ], [ [ [ 127.526306863000059, 1.543562880000025, 0.0 ], [ 127.526134459000104, 1.543580707000046, 0.0 ], [ 127.526164062000021, 1.543754217000071, 0.0 ], [ 127.526282937000019, 1.543778230000044, 0.0 ], [ 127.526306863000059, 1.543562880000025, 0.0 ] ] ], [ [ [ 127.518887903000063, 1.551832440000055, 0.0 ], [ 127.518749936000063, 1.551908918000038, 0.0 ], [ 127.518721236000033, 1.552148192000061, 0.0 ], [ 127.518992341000057, 1.552100525000071, 0.0 ], [ 127.518887903000063, 1.551832440000055, 0.0 ] ] ], [ [ [ 127.51683828900002, 1.553563911000026, 0.0 ], [ 127.515926858000057, 1.551856803000021, 0.0 ], [ 127.515043046000073, 1.552027346000045, 0.0 ], [ 127.515831613000046, 1.553564619000042, 0.0 ], [ 127.51683828900002, 1.553563911000026, 0.0 ] ] ], [ [ [ 127.554511693000109, 1.641338934000032, 0.0 ], [ 127.55436884400001, 1.641578128000049, 0.0 ], [ 127.554909696000095, 1.641763979000075, 0.0 ], [ 127.554808813000022, 1.64151264100002, 0.0 ], [ 127.554511693000109, 1.641338934000032, 0.0 ] ] ], [ [ [ 127.557043443000111, 1.644435532000045, 0.0 ], [ 127.55641515800005, 1.645836279000036, 0.0 ], [ 127.556715895000025, 1.646104673000025, 0.0 ], [ 127.557563825000102, 1.644995232000042, 0.0 ], [ 127.557043443000111, 1.644435532000045, 0.0 ] ] ], [ [ [ 127.556400623000059, 1.646987417000048, 0.0 ], [ 127.55623529200011, 1.647068641000033, 0.0 ], [ 127.556337547000112, 1.647176578000028, 0.0 ], [ 127.556464703000074, 1.64706450400007, 0.0 ], [ 127.556400623000059, 1.646987417000048, 0.0 ] ] ], [ [ [ 127.556878071000028, 1.648371931000042, 0.0 ], [ 127.556453666000039, 1.648761977000049, 0.0 ], [ 127.556486963000111, 1.648940562000064, 0.0 ], [ 127.556928128000095, 1.648576712000022, 0.0 ], [ 127.556878071000028, 1.648371931000042, 0.0 ] ] ], [ [ [ 127.556784125000036, 1.655049805000033, 0.0 ], [ 127.556548081000074, 1.65531403600005, 0.0 ], [ 127.5570159130001, 1.655388850000065, 0.0 ], [ 127.557011783, 1.655157988000042, 0.0 ], [ 127.556784125000036, 1.655049805000033, 0.0 ] ] ], [ [ [ 127.533724124000059, 1.658652292000056, 0.0 ], [ 127.533699355000067, 1.65904228900007, 0.0 ], [ 127.534511461000079, 1.659882682000045, 0.0 ], [ 127.534217875000081, 1.659013616000038, 0.0 ], [ 127.533724124000059, 1.658652292000056, 0.0 ] ] ], [ [ [ 127.576248906000046, 1.659576503000039, 0.0 ], [ 127.577148547000093, 1.658519444000035, 0.0 ], [ 127.576455418000023, 1.656772044000036, 0.0 ], [ 127.574347577000026, 1.658081887000037, 0.0 ], [ 127.576248906000046, 1.659576503000039, 0.0 ] ] ], [ [ [ 127.536112810000077, 1.660441174000027, 0.0 ], [ 127.535570873000097, 1.660229341000047, 0.0 ], [ 127.535529879000023, 1.660280943000032, 0.0 ], [ 127.535948874000042, 1.660543198000028, 0.0 ], [ 127.536112810000077, 1.660441174000027, 0.0 ] ] ], [ [ [ 127.539481748000071, 1.65939181300007, 0.0 ], [ 127.538358526000025, 1.658894437000072, 0.0 ], [ 127.538987267000039, 1.660827228000073, 0.0 ], [ 127.539349875000084, 1.660869375000061, 0.0 ], [ 127.539481748000071, 1.65939181300007, 0.0 ] ] ], [ [ [ 127.478138208000018, 1.661636046000069, 0.0 ], [ 127.477793363000046, 1.66170158400007, 0.0 ], [ 127.477781405000087, 1.661791309000023, 0.0 ], [ 127.478078528000083, 1.661941095000032, 0.0 ], [ 127.478138208000018, 1.661636046000069, 0.0 ] ] ], [ [ [ 127.578279297000108, 1.663494137000043, 0.0 ], [ 127.578142562000039, 1.663494038000067, 0.0 ], [ 127.578178044000083, 1.663757295000039, 0.0 ], [ 127.578302944000029, 1.663679613000056, 0.0 ], [ 127.578279297000108, 1.663494137000043, 0.0 ] ] ], [ [ [ 127.49068008100005, 1.661107323000067, 0.0 ], [ 127.490318462000118, 1.659772993000047, 0.0 ], [ 127.489288572000078, 1.661674570000059, 0.0 ], [ 127.491718345000095, 1.663836048000064, 0.0 ], [ 127.49068008100005, 1.661107323000067, 0.0 ] ] ], [ [ [ 127.580747035000059, 1.668949007000037, 0.0 ], [ 127.58119896200003, 1.668805754000061, 0.0 ], [ 127.581688763000102, 1.665581521000036, 0.0 ], [ 127.579701636000095, 1.667656021000028, 0.0 ], [ 127.580747035000059, 1.668949007000037, 0.0 ] ] ], [ [ [ 127.544186360000026, 1.668406451000067, 0.0 ], [ 127.543778341, 1.66863720200007, 0.0 ], [ 127.543685856000025, 1.669129705000046, 0.0 ], [ 127.544402246000118, 1.668718883000054, 0.0 ], [ 127.544186360000026, 1.668406451000067, 0.0 ] ] ], [ [ [ 127.544678663000013, 1.669052002000058, 0.0 ], [ 127.54456548600001, 1.669181704000039, 0.0 ], [ 127.544798324000112, 1.669248786000026, 0.0 ], [ 127.544789909000087, 1.669142129000022, 0.0 ], [ 127.544678663000013, 1.669052002000058, 0.0 ] ] ], [ [ [ 127.504178458000069, 1.669948896000051, 0.0 ], [ 127.503823479000062, 1.66997279900005, 0.0 ], [ 127.50376252500007, 1.670331525000051, 0.0 ], [ 127.50384486400003, 1.670383745000038, 0.0 ], [ 127.504178458000069, 1.669948896000051, 0.0 ] ] ], [ [ [ 127.5488453480001, 1.674049641000067, 0.0 ], [ 127.549004269000079, 1.674547802000063, 0.0 ], [ 127.549476710000022, 1.674860129000024, 0.0 ], [ 127.549521872000014, 1.67460638700004, 0.0 ], [ 127.5488453480001, 1.674049641000067, 0.0 ] ] ], [ [ [ 127.488200572000096, 1.672202560000073, 0.0 ], [ 127.491457869000101, 1.672803312000042, 0.0 ], [ 127.491423484000052, 1.671122260000061, 0.0 ], [ 127.493705265000017, 1.672470040000064, 0.0 ], [ 127.491413442000066, 1.668699422000032, 0.0 ], [ 127.490289455000038, 1.669248925000034, 0.0 ], [ 127.488852069000018, 1.66760268400003, 0.0 ], [ 127.488995580000051, 1.669624809000027, 0.0 ], [ 127.487207853000086, 1.669010840000055, 0.0 ], [ 127.487280988000066, 1.66041554800006, 0.0 ], [ 127.485737020000101, 1.658217664000063, 0.0 ], [ 127.487282581000045, 1.65831935600005, 0.0 ], [ 127.487345318000052, 1.657118160000039, 0.0 ], [ 127.484708527000066, 1.653588981000041, 0.0 ], [ 127.482124862000092, 1.656823404000022, 0.0 ], [ 127.483098752000046, 1.65820007700006, 0.0 ], [ 127.482122158000038, 1.660370889000035, 0.0 ], [ 127.478946859000075, 1.661421311000026, 0.0 ], [ 127.482178443000066, 1.664510665000023, 0.0 ], [ 127.48080539700004, 1.672005383000055, 0.0 ], [ 127.485368993000066, 1.67461720600005, 0.0 ], [ 127.48639167400006, 1.674390674000051, 0.0 ], [ 127.486893247000012, 1.67150760200002, 0.0 ], [ 127.488393180000116, 1.676862913000036, 0.0 ], [ 127.489150532000053, 1.673782621000043, 0.0 ], [ 127.488200572000096, 1.672202560000073, 0.0 ] ] ], [ [ [ 127.580776056000104, 1.678051550000021, 0.0 ], [ 127.580950286000075, 1.677949683000065, 0.0 ], [ 127.580467108000107, 1.677977188000057, 0.0 ], [ 127.580599442000107, 1.678091316000064, 0.0 ], [ 127.580776056000104, 1.678051550000021, 0.0 ] ] ], [ [ [ 127.546782189000055, 1.681925924000041, 0.0 ], [ 127.546472969000092, 1.682033377000039, 0.0 ], [ 127.546579616000031, 1.682524017000048, 0.0 ], [ 127.547102399000096, 1.683032917000048, 0.0 ], [ 127.546782189000055, 1.681925924000041, 0.0 ] ] ], [ [ [ 127.546496227000034, 1.682739323000021, 0.0 ], [ 127.54634158600004, 1.682834925000066, 0.0 ], [ 127.546656497000072, 1.683068478000052, 0.0 ], [ 127.546704107000096, 1.683002707000071, 0.0 ], [ 127.546496227000034, 1.682739323000021, 0.0 ] ] ], [ [ [ 127.580744396000114, 1.684156925000025, 0.0 ], [ 127.580818136000062, 1.683927619000031, 0.0 ], [ 127.580270333000044, 1.684118599000044, 0.0 ], [ 127.580509827000014, 1.68433539800003, 0.0 ], [ 127.580744396000114, 1.684156925000025, 0.0 ] ] ], [ [ [ 127.541542604000028, 1.684685875000071, 0.0 ], [ 127.541758730000083, 1.681850365000059, 0.0 ], [ 127.543405184000108, 1.682264390000057, 0.0 ], [ 127.54293202000008, 1.678979677000029, 0.0 ], [ 127.547341345000063, 1.681483642000046, 0.0 ], [ 127.548673717000042, 1.680545395000024, 0.0 ], [ 127.54722981000009, 1.679563193000035, 0.0 ], [ 127.547634978000019, 1.678331111000034, 0.0 ], [ 127.543611296000108, 1.676886333000027, 0.0 ], [ 127.544723760000011, 1.675864168000032, 0.0 ], [ 127.546649542000068, 1.676392062000048, 0.0 ], [ 127.545354924000094, 1.674512607000054, 0.0 ], [ 127.54684247800003, 1.672730948000037, 0.0 ], [ 127.547787380000045, 1.673204266000027, 0.0 ], [ 127.546646976000034, 1.671803523000051, 0.0 ], [ 127.545398170000112, 1.672299136000049, 0.0 ], [ 127.545280772000069, 1.670259034000026, 0.0 ], [ 127.543187652000029, 1.670933490000039, 0.0 ], [ 127.542968804000111, 1.669419770000047, 0.0 ], [ 127.541577719000088, 1.669376855000053, 0.0 ], [ 127.539982352000038, 1.672253212000044, 0.0 ], [ 127.535736912000061, 1.673267041000031, 0.0 ], [ 127.535343050000051, 1.675282819000074, 0.0 ], [ 127.532479099000057, 1.673252627000068, 0.0 ], [ 127.531901448000099, 1.674586268000041, 0.0 ], [ 127.530493690000071, 1.67298790500007, 0.0 ], [ 127.528906108000115, 1.673375564000025, 0.0 ], [ 127.530474702000106, 1.674537333000046, 0.0 ], [ 127.529218055000115, 1.67757544400007, 0.0 ], [ 127.530044860000089, 1.676959882000062, 0.0 ], [ 127.530953511, 1.67819892600005, 0.0 ], [ 127.532085149000068, 1.675382067000044, 0.0 ], [ 127.532517993000056, 1.676907908000032, 0.0 ], [ 127.534390667000025, 1.676885389000063, 0.0 ], [ 127.533563291000064, 1.67826670300002, 0.0 ], [ 127.534418574000028, 1.679326236000065, 0.0 ], [ 127.538229943000033, 1.678449691000026, 0.0 ], [ 127.539036249000105, 1.681423564000056, 0.0 ], [ 127.53775772500012, 1.681901194000034, 0.0 ], [ 127.541542604000028, 1.684685875000071, 0.0 ] ] ], [ [ [ 127.580296646000079, 1.685207432000027, 0.0 ], [ 127.580438830000048, 1.685075707000067, 0.0 ], [ 127.580324329000064, 1.684971493000035, 0.0 ], [ 127.580173823000109, 1.685113788000024, 0.0 ], [ 127.580296646000079, 1.685207432000027, 0.0 ] ] ], [ [ [ 127.580326156000069, 1.685455245000071, 0.0 ], [ 127.57998977200009, 1.685784721000061, 0.0 ], [ 127.580215709000072, 1.686007905000054, 0.0 ], [ 127.580327340000053, 1.685942116000035, 0.0 ], [ 127.580326156000069, 1.685455245000071, 0.0 ] ] ], [ [ [ 127.521964605000107, 1.687431718000028, 0.0 ], [ 127.521779137000067, 1.68741243300002, 0.0 ], [ 127.5217457010001, 1.687603843000034, 0.0 ], [ 127.521902608000119, 1.687656608000054, 0.0 ], [ 127.521964605000107, 1.687431718000028, 0.0 ] ] ], [ [ [ 127.576477768000018, 1.692937025000049, 0.0 ], [ 127.576077634000058, 1.693791034000071, 0.0 ], [ 127.576912012000093, 1.694222392000029, 0.0 ], [ 127.576413131000095, 1.693525658000056, 0.0 ], [ 127.576477768000018, 1.692937025000049, 0.0 ] ] ], [ [ [ 127.575135457000101, 1.694436449000023, 0.0 ], [ 127.574907108000048, 1.694515249000062, 0.0 ], [ 127.575021133000064, 1.694680451000067, 0.0 ], [ 127.575263720000066, 1.694644735000054, 0.0 ], [ 127.575135457000101, 1.694436449000023, 0.0 ] ] ], [ [ [ 127.516043204000084, 1.700253369000052, 0.0 ], [ 127.515890867000053, 1.700444687000072, 0.0 ], [ 127.515971568000055, 1.700640971000041, 0.0 ], [ 127.516142875000014, 1.700521456000047, 0.0 ], [ 127.516043204000084, 1.700253369000052, 0.0 ] ] ], [ [ [ 127.536700442000097, 1.701540034000061, 0.0 ], [ 127.536352682000029, 1.701523714000075, 0.0 ], [ 127.536075761, 1.701809763000028, 0.0 ], [ 127.536545445000115, 1.701854945000036, 0.0 ], [ 127.536700442000097, 1.701540034000061, 0.0 ] ] ], [ [ [ 127.550942731000077, 1.705090078000069, 0.0 ], [ 127.550761768000029, 1.705034229000034, 0.0 ], [ 127.550658552000073, 1.705153607000057, 0.0 ], [ 127.550869274000092, 1.705197741000063, 0.0 ], [ 127.550942731000077, 1.705090078000069, 0.0 ] ] ], [ [ [ 127.550621490000026, 1.705220689000043, 0.0 ], [ 127.550500682, 1.705153597000049, 0.0 ], [ 127.550450208000029, 1.705235627000036, 0.0 ], [ 127.550524070000051, 1.705294959000071, 0.0 ], [ 127.550621490000026, 1.705220689000043, 0.0 ] ] ], [ [ [ 127.550261228000068, 1.705141495000021, 0.0 ], [ 127.550096166000117, 1.705119456000034, 0.0 ], [ 127.549814083000115, 1.70550264000002, 0.0 ], [ 127.55004555700009, 1.705596623000076, 0.0 ], [ 127.550261228000068, 1.705141495000021, 0.0 ] ] ], [ [ [ 127.549483334000115, 1.705620374000034, 0.0 ], [ 127.549479364000035, 1.705423015000065, 0.0 ], [ 127.549054346000048, 1.705463246000022, 0.0 ], [ 127.54917037700011, 1.705754634000073, 0.0 ], [ 127.549483334000115, 1.705620374000034, 0.0 ] ] ], [ [ [ 127.548212393000085, 1.706309387000033, 0.0 ], [ 127.547576266000078, 1.706314887000076, 0.0 ], [ 127.547296551000045, 1.706709516000046, 0.0 ], [ 127.547427307000021, 1.706757475000074, 0.0 ], [ 127.548212393000085, 1.706309387000033, 0.0 ] ] ], [ [ [ 127.548453941000048, 1.709240971000042, 0.0 ], [ 127.550084193000089, 1.707507299000042, 0.0 ], [ 127.547195355000099, 1.706882929000074, 0.0 ], [ 127.545584908000023, 1.705996303000063, 0.0 ], [ 127.544839814000056, 1.708604081000033, 0.0 ], [ 127.548453941000048, 1.709240971000042, 0.0 ] ] ], [ [ [ 127.534897268, 1.711886385000071, 0.0 ], [ 127.534745845000089, 1.710871651000048, 0.0 ], [ 127.53353749200005, 1.711291884000048, 0.0 ], [ 127.53405061300009, 1.711991024000042, 0.0 ], [ 127.534897268, 1.711886385000071, 0.0 ] ] ], [ [ [ 127.531292873000098, 1.717936798000039, 0.0 ], [ 127.530888466000079, 1.71835100900006, 0.0 ], [ 127.531514711000113, 1.718712813000025, 0.0 ], [ 127.531575396000108, 1.718312913000034, 0.0 ], [ 127.531292873000098, 1.717936798000039, 0.0 ] ] ], [ [ [ 127.524603134000017, 1.720030559000065, 0.0 ], [ 127.526353699000083, 1.719586831000072, 0.0 ], [ 127.525437240000088, 1.717686112000024, 0.0 ], [ 127.526954842, 1.717132124000045, 0.0 ], [ 127.527965212000026, 1.718543157000056, 0.0 ], [ 127.528841284, 1.717289925000046, 0.0 ], [ 127.529695987000082, 1.719099664000055, 0.0 ], [ 127.532904930000086, 1.71468952500004, 0.0 ], [ 127.533979381000108, 1.715235948000043, 0.0 ], [ 127.533230526000011, 1.711818220000055, 0.0 ], [ 127.531167419000099, 1.710486144000072, 0.0 ], [ 127.532261204000065, 1.710620992000031, 0.0 ], [ 127.53194833200007, 1.709271120000039, 0.0 ], [ 127.533423703000039, 1.707951338000044, 0.0 ], [ 127.532359094000071, 1.706974192000075, 0.0 ], [ 127.534280368000054, 1.707186247000038, 0.0 ], [ 127.536214086000086, 1.703521705000071, 0.0 ], [ 127.535470908000093, 1.700962258000061, 0.0 ], [ 127.536517956000012, 1.700001084000064, 0.0 ], [ 127.535590184000057, 1.694142395000029, 0.0 ], [ 127.533003996000048, 1.692714219000038, 0.0 ], [ 127.535468052000056, 1.692113066000047, 0.0 ], [ 127.535327410000036, 1.689394550000031, 0.0 ], [ 127.532609388000083, 1.686190701000044, 0.0 ], [ 127.527893175000031, 1.683913807000067, 0.0 ], [ 127.525115281000012, 1.684466860000043, 0.0 ], [ 127.525209317000076, 1.685907491000023, 0.0 ], [ 127.523292613000081, 1.685977818000026, 0.0 ], [ 127.522254574000044, 1.687623377000023, 0.0 ], [ 127.521583872000065, 1.687771226000052, 0.0 ], [ 127.520316257000104, 1.684826927000074, 0.0 ], [ 127.519321350000041, 1.686036999000066, 0.0 ], [ 127.518237404000047, 1.68549536300003, 0.0 ], [ 127.51994236400003, 1.682404977000033, 0.0 ], [ 127.518864019000034, 1.680743447000054, 0.0 ], [ 127.510761002000095, 1.679320625000059, 0.0 ], [ 127.508456597000077, 1.676404259000037, 0.0 ], [ 127.505583362000039, 1.677292227000066, 0.0 ], [ 127.503885894000064, 1.670509351000021, 0.0 ], [ 127.50212061000002, 1.671637460000056, 0.0 ], [ 127.500970325000026, 1.670799052000064, 0.0 ], [ 127.50076429, 1.672818526000071, 0.0 ], [ 127.499157879000109, 1.671405463000042, 0.0 ], [ 127.4996005160001, 1.670955933000073, 0.0 ], [ 127.499724611000033, 1.670372154000063, 0.0 ], [ 127.494690175000073, 1.667716921000022, 0.0 ], [ 127.496440661000065, 1.673533074000034, 0.0 ], [ 127.498025158000019, 1.67249098000002, 0.0 ], [ 127.50002660600012, 1.673507122000046, 0.0 ], [ 127.502920601000028, 1.676581871000053, 0.0 ], [ 127.503441526000074, 1.679506435000064, 0.0 ], [ 127.509612234000087, 1.682741647000057, 0.0 ], [ 127.511274883000056, 1.685274655000057, 0.0 ], [ 127.511961814000074, 1.695038383000053, 0.0 ], [ 127.514952597000047, 1.695973941000034, 0.0 ], [ 127.517256919000033, 1.699019547000034, 0.0 ], [ 127.516547355000057, 1.700229829000023, 0.0 ], [ 127.517859193000049, 1.701293312000075, 0.0 ], [ 127.517994359000113, 1.704901981000035, 0.0 ], [ 127.521358232000011, 1.709312399000055, 0.0 ], [ 127.520551823000119, 1.71276240800006, 0.0 ], [ 127.522611389000076, 1.712486424000076, 0.0 ], [ 127.524612398000045, 1.714153471000031, 0.0 ], [ 127.525033484000119, 1.717025343000046, 0.0 ], [ 127.522757918000025, 1.719866402000036, 0.0 ], [ 127.52345045800007, 1.722259894000047, 0.0 ], [ 127.524603134000017, 1.720030559000065, 0.0 ] ] ], [ [ [ 127.574525752000113, 1.724777235000033, 0.0 ], [ 127.574347373000023, 1.724807014000021, 0.0 ], [ 127.574466051000059, 1.725112211000067, 0.0 ], [ 127.574692083000059, 1.724956836000047, 0.0 ], [ 127.574525752000113, 1.724777235000033, 0.0 ] ] ], [ [ [ 127.523484883000037, 1.723618999000053, 0.0 ], [ 127.523116216000062, 1.723714428000051, 0.0 ], [ 127.523191864000069, 1.725838233000047, 0.0 ], [ 127.523656003000042, 1.72528821700007, 0.0 ], [ 127.523484883000037, 1.723618999000053, 0.0 ] ] ], [ [ [ 127.569763115000114, 1.733436307000034, 0.0 ], [ 127.569483480000031, 1.733717273000025, 0.0 ], [ 127.56965561200002, 1.734088319000023, 0.0 ], [ 127.569839963000049, 1.734022651000032, 0.0 ], [ 127.569763115000114, 1.733436307000034, 0.0 ] ] ], [ [ [ 127.569239007000078, 1.734674287000075, 0.0 ], [ 127.569018805000042, 1.734979227000053, 0.0 ], [ 127.569536065000079, 1.73494372600004, 0.0 ], [ 127.569268662000013, 1.73477003000005, 0.0 ], [ 127.569239007000078, 1.734674287000075, 0.0 ] ] ], [ [ [ 127.574797530000069, 1.758686348000026, 0.0 ], [ 127.574743894000108, 1.758853817000045, 0.0 ], [ 127.574993547000076, 1.758919817000049, 0.0 ], [ 127.575017388000106, 1.758842063000031, 0.0 ], [ 127.574797530000069, 1.758686348000026, 0.0 ] ] ], [ [ [ 127.576436709000063, 1.760960964000049, 0.0 ], [ 127.576276757000073, 1.760207044000026, 0.0 ], [ 127.575890412000035, 1.760075132000054, 0.0 ], [ 127.576204556000107, 1.761337685000058, 0.0 ], [ 127.576436709000063, 1.760960964000049, 0.0 ] ] ], [ [ [ 127.611944428000015, 1.795117636000043, 0.0 ], [ 127.611704179000071, 1.795398965000061, 0.0 ], [ 127.612103145000106, 1.79581149400002, 0.0 ], [ 127.612276394000105, 1.795626113000026, 0.0 ], [ 127.611944428000015, 1.795117636000043, 0.0 ] ] ], [ [ [ 127.605070793000095, 1.802438764000044, 0.0 ], [ 127.604938667000056, 1.802279334000048, 0.0 ], [ 127.604478795000091, 1.802483042000063, 0.0 ], [ 127.604913080000074, 1.80283018800003, 0.0 ], [ 127.605070793000095, 1.802438764000044, 0.0 ] ] ], [ [ [ 127.604228486000011, 1.806930507000061, 0.0 ], [ 127.60348031400008, 1.805666405000068, 0.0 ], [ 127.603324579000059, 1.804058166000061, 0.0 ], [ 127.60243860300011, 1.805737391000036, 0.0 ], [ 127.604228486000011, 1.806930507000061, 0.0 ] ] ], [ [ [ 127.657126948000041, 1.87235488500005, 0.0 ], [ 127.657614483000089, 1.872391156000049, 0.0 ], [ 127.657900950000112, 1.870991421000042, 0.0 ], [ 127.656555851, 1.872737338000036, 0.0 ], [ 127.657126948000041, 1.87235488500005, 0.0 ] ] ], [ [ [ 127.656379451000021, 1.872799279000049, 0.0 ], [ 127.655939255000021, 1.873062178000055, 0.0 ], [ 127.65579613400007, 1.873612477000052, 0.0 ], [ 127.656509668000012, 1.873577132000037, 0.0 ], [ 127.656379451000021, 1.872799279000049, 0.0 ] ] ], [ [ [ 127.654533799000092, 1.876782122000066, 0.0 ], [ 127.656199563000087, 1.874609103000068, 0.0 ], [ 127.655525042000022, 1.873388108000029, 0.0 ], [ 127.654772733000073, 1.874368692000075, 0.0 ], [ 127.654533799000092, 1.876782122000066, 0.0 ] ] ], [ [ [ 127.674019093000084, 1.903098658000033, 0.0 ], [ 127.67365541300012, 1.903300122000076, 0.0 ], [ 127.673942949000093, 1.903689716000031, 0.0 ], [ 127.67421420900007, 1.903389904000051, 0.0 ], [ 127.674019093000084, 1.903098658000033, 0.0 ] ] ], [ [ [ 127.721370366000087, 1.95704912900004, 0.0 ], [ 127.720085457000096, 1.955592899000067, 0.0 ], [ 127.718221023000069, 1.956212344000051, 0.0 ], [ 127.721370366000087, 1.95847109400006, 0.0 ], [ 127.721370366000087, 1.95704912900004, 0.0 ] ] ], [ [ [ 127.741923373000077, 1.969963174000043, 0.0 ], [ 127.744939204000048, 1.96776896800003, 0.0 ], [ 127.743522235000114, 1.96298824400003, 0.0 ], [ 127.744320839000011, 1.959306366000021, 0.0 ], [ 127.742379602000028, 1.956053730000065, 0.0 ], [ 127.748790056000075, 1.94645117500005, 0.0 ], [ 127.753941797000039, 1.945436462000032, 0.0 ], [ 127.753943077000031, 1.953909801000066, 0.0 ], [ 127.760436509000101, 1.96116906900005, 0.0 ], [ 127.764313005000076, 1.961961704000032, 0.0 ], [ 127.767549622000047, 1.959570917000065, 0.0 ], [ 127.770529861000114, 1.949928557000021, 0.0 ], [ 127.773650866000025, 1.948775501000057, 0.0 ], [ 127.775442020000014, 1.944151973000032, 0.0 ], [ 127.774825954000107, 1.942076796000038, 0.0 ], [ 127.779062538000062, 1.938650951000056, 0.0 ], [ 127.784547404000023, 1.928697216000046, 0.0 ], [ 127.783652922000101, 1.919332052000073, 0.0 ], [ 127.784495395000022, 1.917090403000032, 0.0 ], [ 127.785506135000105, 1.917767314000059, 0.0 ], [ 127.786024974000043, 1.916660980000074, 0.0 ], [ 127.78441220000002, 1.915960711000025, 0.0 ], [ 127.784579710000116, 1.914181067000072, 0.0 ], [ 127.787035097000057, 1.913499606000073, 0.0 ], [ 127.788659291000045, 1.915143122000075, 0.0 ], [ 127.79046294300008, 1.914760191000028, 0.0 ], [ 127.789608841000017, 1.912692660000062, 0.0 ], [ 127.790651524000054, 1.910955412000021, 0.0 ], [ 127.786945315000025, 1.905426307000027, 0.0 ], [ 127.78548554300005, 1.906278358000066, 0.0 ], [ 127.784449191000022, 1.904581699000062, 0.0 ], [ 127.77838522400009, 1.905343645000073, 0.0 ], [ 127.778077008000082, 1.903170437000028, 0.0 ], [ 127.774407263000057, 1.903024579000032, 0.0 ], [ 127.771975109000095, 1.900797683000064, 0.0 ], [ 127.773043649000101, 1.897980283000038, 0.0 ], [ 127.77244263700004, 1.895462450000025, 0.0 ], [ 127.767097900000067, 1.893502028000057, 0.0 ], [ 127.760733739000102, 1.888638812000067, 0.0 ], [ 127.759775998, 1.883372293000036, 0.0 ], [ 127.761267168000018, 1.882699618000061, 0.0 ], [ 127.76043964400003, 1.880420044000061, 0.0 ], [ 127.761975522000057, 1.879137578000041, 0.0 ], [ 127.760690300000078, 1.875579318000064, 0.0 ], [ 127.752325604000021, 1.875199370000075, 0.0 ], [ 127.75090402, 1.871104440000067, 0.0 ], [ 127.748066680000079, 1.86862102300006, 0.0 ], [ 127.748259634000078, 1.864454967000029, 0.0 ], [ 127.746330606000015, 1.862868162000041, 0.0 ], [ 127.748311435000119, 1.861863123000035, 0.0 ], [ 127.747520976000033, 1.859101969000051, 0.0 ], [ 127.750595046000058, 1.857183107000026, 0.0 ], [ 127.748843162000071, 1.856527044000075, 0.0 ], [ 127.745549734000065, 1.857674312000029, 0.0 ], [ 127.743856704000109, 1.855216804000065, 0.0 ], [ 127.747626920000016, 1.851983210000071, 0.0 ], [ 127.748821924000026, 1.846118174000026, 0.0 ], [ 127.743697282000085, 1.836172628000043, 0.0 ], [ 127.742119088000095, 1.835783034000031, 0.0 ], [ 127.742917692000105, 1.83373053400004, 0.0 ], [ 127.740455330000032, 1.830585263000046, 0.0 ], [ 127.741190918000029, 1.821900604000064, 0.0 ], [ 127.739458351000053, 1.815768820000073, 0.0 ], [ 127.735176821000096, 1.813371290000021, 0.0 ], [ 127.736050864000049, 1.81267861300006, 0.0 ], [ 127.736018634000061, 1.804436306000071, 0.0 ], [ 127.734059850000108, 1.800853312000072, 0.0 ], [ 127.73458913200011, 1.797443877000035, 0.0 ], [ 127.730003864000082, 1.795694530000048, 0.0 ], [ 127.726062969000054, 1.791036818000066, 0.0 ], [ 127.71997431200009, 1.792724174000057, 0.0 ], [ 127.71663280700011, 1.790017852000062, 0.0 ], [ 127.718944133000036, 1.782560359000058, 0.0 ], [ 127.72180104600011, 1.778571689000046, 0.0 ], [ 127.717713902000014, 1.777581184000042, 0.0 ], [ 127.717676035000068, 1.765026199000033, 0.0 ], [ 127.714217512000118, 1.762684879000062, 0.0 ], [ 127.714325727000073, 1.760079481000048, 0.0 ], [ 127.711413595000067, 1.754778160000058, 0.0 ], [ 127.710731573000089, 1.750577712000052, 0.0 ], [ 127.713425036000103, 1.744064506000029, 0.0 ], [ 127.709362575000114, 1.733693276000054, 0.0 ], [ 127.710557948000087, 1.728764255000044, 0.0 ], [ 127.709535925000068, 1.723822760000076, 0.0 ], [ 127.707325504000096, 1.722801200000049, 0.0 ], [ 127.706945216, 1.718596166000054, 0.0 ], [ 127.705138850000026, 1.717812175000063, 0.0 ], [ 127.703332485000033, 1.714557423000031, 0.0 ], [ 127.705166693000024, 1.710271163000073, 0.0 ], [ 127.703237413000011, 1.705743433000066, 0.0 ], [ 127.705749388000072, 1.697549666000043, 0.0 ], [ 127.705700850000085, 1.692574821000051, 0.0 ], [ 127.711346879000075, 1.683104369000034, 0.0 ], [ 127.713711784000111, 1.681363849000036, 0.0 ], [ 127.712695487000019, 1.676701812000033, 0.0 ], [ 127.713113747000079, 1.661648718000038, 0.0 ], [ 127.719505796000021, 1.655388880000032, 0.0 ], [ 127.717782572000033, 1.646233116000076, 0.0 ], [ 127.718282626000018, 1.642319422000071, 0.0 ], [ 127.725151484000094, 1.633139344000028, 0.0 ], [ 127.730817592000108, 1.630287729000031, 0.0 ], [ 127.73159260400007, 1.62439626400004, 0.0 ], [ 127.728700101000072, 1.621037938000029, 0.0 ], [ 127.731311038000058, 1.611715419000063, 0.0 ], [ 127.730047686000034, 1.606173473000069, 0.0 ], [ 127.734830733000081, 1.605556462000038, 0.0 ], [ 127.735249285, 1.604059408000069, 0.0 ], [ 127.731634136000025, 1.599180718000071, 0.0 ], [ 127.731432249000022, 1.595481320000033, 0.0 ], [ 127.728776318000087, 1.595530569000061, 0.0 ], [ 127.726881109000033, 1.592500837000046, 0.0 ], [ 127.726720890000024, 1.581097575000058, 0.0 ], [ 127.728552012000023, 1.572206659000074, 0.0 ], [ 127.72591473500006, 1.559248539000066, 0.0 ], [ 127.72600650000004, 1.551932475000058, 0.0 ], [ 127.729548847000046, 1.538577638000049, 0.0 ], [ 127.728310239000052, 1.534953872000074, 0.0 ], [ 127.725459204000117, 1.531798460000061, 0.0 ], [ 127.725116079000031, 1.527064596000059, 0.0 ], [ 127.726759054000013, 1.524373729000047, 0.0 ], [ 127.719100776000118, 1.521076127000072, 0.0 ], [ 127.718522454000095, 1.51788841900003, 0.0 ], [ 127.72156252000002, 1.51398793200002, 0.0 ], [ 127.712117429000045, 1.510090456000057, 0.0 ], [ 127.714268629000117, 1.497162131000039, 0.0 ], [ 127.711328502000015, 1.49409173500004, 0.0 ], [ 127.710983806000058, 1.488240814000051, 0.0 ], [ 127.70834681700012, 1.489796639000076, 0.0 ], [ 127.705744224000114, 1.488442322000026, 0.0 ], [ 127.699944838000079, 1.479354121000028, 0.0 ], [ 127.684274278000089, 1.479921116000071, 0.0 ], [ 127.68060450300004, 1.476214546000051, 0.0 ], [ 127.679501669000047, 1.471557564000022, 0.0 ], [ 127.680243229000098, 1.467965029000027, 0.0 ], [ 127.670573369000067, 1.462222630000042, 0.0 ], [ 127.671105650000072, 1.457440121000047, 0.0 ], [ 127.67312727400008, 1.456656013000043, 0.0 ], [ 127.674715998000011, 1.453578048000054, 0.0 ], [ 127.674834838000038, 1.448921020000057, 0.0 ], [ 127.678875393000112, 1.445642086000021, 0.0 ], [ 127.683343772000057, 1.444097659000022, 0.0 ], [ 127.677425547000098, 1.441365208000036, 0.0 ], [ 127.673551367000073, 1.429437430000064, 0.0 ], [ 127.666915803000052, 1.428056531000038, 0.0 ], [ 127.661234967000041, 1.424313497000071, 0.0 ], [ 127.658039760000065, 1.418757981000056, 0.0 ], [ 127.657056500000067, 1.411128046000044, 0.0 ], [ 127.661255935000099, 1.396631013000047, 0.0 ], [ 127.667611208000039, 1.393186705000062, 0.0 ], [ 127.67054582600008, 1.38569257000006, 0.0 ], [ 127.676086163000036, 1.377004820000025, 0.0 ], [ 127.666760705000115, 1.366287041000021, 0.0 ], [ 127.661930142000074, 1.364269009000054, 0.0 ], [ 127.663207828000054, 1.358897564000074, 0.0 ], [ 127.661021993000077, 1.35449240600002, 0.0 ], [ 127.659749376000036, 1.345807497000067, 0.0 ], [ 127.655908446000012, 1.34154292300002, 0.0 ], [ 127.657391171000086, 1.334278554000036, 0.0 ], [ 127.653878854000027, 1.327631841000027, 0.0 ], [ 127.652013321000027, 1.32696128200007, 0.0 ], [ 127.648619710000048, 1.330493948000026, 0.0 ], [ 127.648517961000039, 1.332828572000039, 0.0 ], [ 127.645346085000028, 1.330979519000039, 0.0 ], [ 127.642967850000105, 1.333931082000049, 0.0 ], [ 127.640598219000026, 1.32838670700005, 0.0 ], [ 127.643854273000102, 1.325881887000037, 0.0 ], [ 127.644329632000108, 1.315812884000024, 0.0 ], [ 127.643646303000082, 1.313347606000036, 0.0 ], [ 127.640705016000084, 1.313347606000036, 0.0 ], [ 127.640060904000052, 1.310236006000025, 0.0 ], [ 127.637383906000082, 1.30921681600006, 0.0 ], [ 127.637254827000106, 1.305085708000036, 0.0 ], [ 127.642637557000057, 1.303720610000028, 0.0 ], [ 127.644016100000044, 1.29906328900006, 0.0 ], [ 127.639960246000101, 1.297523255000044, 0.0 ], [ 127.639118286000098, 1.29026224100005, 0.0 ], [ 127.635535260000097, 1.285452354000029, 0.0 ], [ 127.635834214000056, 1.277748949000056, 0.0 ], [ 127.63453490500001, 1.274917612000024, 0.0 ], [ 127.635655623000048, 1.27293510800007, 0.0 ], [ 127.638714144000119, 1.271442, 0.0 ], [ 127.644607053000072, 1.272936635000065, 0.0 ], [ 127.649447803000044, 1.271366114000045, 0.0 ], [ 127.649202016000118, 1.26495645500006, 0.0 ], [ 127.647510700000112, 1.264672688000076, 0.0 ], [ 127.647313906000022, 1.25234703700005, 0.0 ], [ 127.641669012000079, 1.245960913000033, 0.0 ], [ 127.635727019000115, 1.249673778000044, 0.0 ], [ 127.632533745000046, 1.250000002000036, 0.0 ], [ 127.627418995000085, 1.248118243000022, 0.0 ], [ 127.628931520000037, 1.243714498000031, 0.0 ], [ 127.626804366000101, 1.242519701000049, 0.0 ], [ 127.623878115000025, 1.237794637000036, 0.0 ], [ 127.627463999000042, 1.234863406000045, 0.0 ], [ 127.628565328000036, 1.230012235000061, 0.0 ], [ 127.635903873000075, 1.21979992100006, 0.0 ], [ 127.637172189000012, 1.214710871000023, 0.0 ], [ 127.635868549000065, 1.212092252000048, 0.0 ], [ 127.636155385000052, 1.208036993000064, 0.0 ], [ 127.639330645000086, 1.201525954000033, 0.0 ], [ 127.638324436000062, 1.198751052000034, 0.0 ], [ 127.639836402000014, 1.195753675000049, 0.0 ], [ 127.639878792000104, 1.193353803000036, 0.0 ], [ 127.638146326000083, 1.19179205100005, 0.0 ], [ 127.637709810000047, 1.182553953000024, 0.0 ], [ 127.64008474000002, 1.178523221000034, 0.0 ], [ 127.643697002000067, 1.177095592000057, 0.0 ], [ 127.644300243000089, 1.171566895000069, 0.0 ], [ 127.639774204000105, 1.168026108000049, 0.0 ], [ 127.633755446, 1.167005633000031, 0.0 ], [ 127.631590887000016, 1.163057779000042, 0.0 ], [ 127.628152638000074, 1.160351244000026, 0.0 ], [ 127.626817882000068, 1.151783636000062, 0.0 ], [ 127.622870025000111, 1.146451701000046, 0.0 ], [ 127.622062344000028, 1.142121169000063, 0.0 ], [ 127.619944722000014, 1.140364643000055, 0.0 ], [ 127.622314032000077, 1.136948821000033, 0.0 ], [ 127.625902028000041, 1.125523322000049, 0.0 ], [ 127.625307081000074, 1.116255, 0.0 ], [ 127.613885777000064, 1.117120291000049, 0.0 ], [ 127.613168301000087, 1.11392808100004, 0.0 ], [ 127.609611274000031, 1.109286204000057, 0.0 ], [ 127.603847864000045, 1.108404840000048, 0.0 ], [ 127.608351517000074, 1.094001023000033, 0.0 ], [ 127.61318248900011, 1.091463629000032, 0.0 ], [ 127.610683816000119, 1.086754979000034, 0.0 ], [ 127.614650487000063, 1.081338870000025, 0.0 ], [ 127.610211218000018, 1.075697478000052, 0.0 ], [ 127.603721048000011, 1.073044203000052, 0.0 ], [ 127.601979457000084, 1.070352638000031, 0.0 ], [ 127.601935965000052, 1.063135696000074, 0.0 ], [ 127.60458251700004, 1.05922130700003, 0.0 ], [ 127.603580728000111, 1.056070025000054, 0.0 ], [ 127.606402682000066, 1.043849908000027, 0.0 ], [ 127.611776833000022, 1.040553572000022, 0.0 ], [ 127.623631314000022, 1.042222718000062, 0.0 ], [ 127.646589308000102, 1.037801717000036, 0.0 ], [ 127.648356949000117, 1.034403922000024, 0.0 ], [ 127.646119749000036, 1.027726856000072, 0.0 ], [ 127.647989729000074, 1.02575620600004, 0.0 ], [ 127.649393395000061, 1.025889732000053, 0.0 ], [ 127.650541240000052, 1.021873913000036, 0.0 ], [ 127.650033181000026, 1.020499293000057, 0.0 ], [ 127.643671882000035, 1.018814506000069, 0.0 ], [ 127.641035776000081, 1.016749746000073, 0.0 ], [ 127.647321441000031, 1.01617501000004, 0.0 ], [ 127.644692495000072, 1.011261105000074, 0.0 ], [ 127.64280951100011, 1.000488526000026, 0.0 ], [ 127.64562842600003, 0.999426435000032, 0.0 ], [ 127.644429414000115, 0.997855399000059, 0.0 ], [ 127.642293771000027, 0.999274128000025, 0.0 ], [ 127.639308978000031, 0.99214600800002, 0.0 ], [ 127.636525009000025, 0.99063742900006, 0.0 ], [ 127.632827326000097, 0.990746885000021, 0.0 ], [ 127.632636809000019, 0.987465567000072, 0.0 ], [ 127.62982743200007, 0.987987113000031, 0.0 ], [ 127.627245206000111, 0.990336471000035, 0.0 ], [ 127.626829137000072, 0.985820862000025, 0.0 ], [ 127.625226314000088, 0.985217559000034, 0.0 ], [ 127.623718613000051, 0.981188893000024, 0.0 ], [ 127.622096569000064, 0.982244048000041, 0.0 ], [ 127.616298338000092, 0.980062975000067, 0.0 ], [ 127.6134968, 0.980290257000036, 0.0 ], [ 127.6106612210001, 0.976079785000024, 0.0 ], [ 127.612696414000084, 0.974910962000024, 0.0 ], [ 127.613705142000072, 0.972951221000073, 0.0 ], [ 127.612821482000072, 0.97222675200004, 0.0 ], [ 127.608002022000051, 0.972101133000024, 0.0 ], [ 127.605890529000021, 0.969768624000039, 0.0 ], [ 127.602512064000052, 0.971306898000023, 0.0 ], [ 127.605220327000097, 0.966543868000031, 0.0 ], [ 127.601913610000111, 0.964713676000031, 0.0 ], [ 127.602630434000048, 0.963451639000027, 0.0 ], [ 127.601572803000067, 0.962010482000039, 0.0 ], [ 127.603548421000028, 0.958227513000054, 0.0 ], [ 127.601034073000051, 0.95618378100005, 0.0 ], [ 127.60420591500008, 0.951024637000046, 0.0 ], [ 127.607810440000094, 0.952076552000051, 0.0 ], [ 127.616737225000065, 0.94923985500003, 0.0 ], [ 127.622023126000045, 0.940575633000037, 0.0 ], [ 127.625422410000056, 0.940915601000029, 0.0 ], [ 127.624178550000011, 0.935737133000032, 0.0 ], [ 127.629675583000108, 0.923529659000053, 0.0 ], [ 127.628445692000014, 0.919673506000038, 0.0 ], [ 127.632626602000073, 0.919181145000039, 0.0 ], [ 127.634129618000088, 0.914451199000041, 0.0 ], [ 127.636735275000092, 0.914534666000065, 0.0 ], [ 127.642279877000078, 0.906337612000073, 0.0 ], [ 127.649518976000081, 0.90047905900002, 0.0 ], [ 127.65131489700002, 0.895323369000039, 0.0 ], [ 127.650036081000053, 0.891581511000027, 0.0 ], [ 127.648645769000041, 0.890718709000055, 0.0 ], [ 127.648475964000113, 0.892583506000051, 0.0 ], [ 127.643518585000038, 0.891032669000026, 0.0 ], [ 127.64310424100006, 0.889207146000047, 0.0 ], [ 127.639134796, 0.888534857000025, 0.0 ], [ 127.639515510000024, 0.885717575000058, 0.0 ], [ 127.637916512000061, 0.882443437000063, 0.0 ], [ 127.637999184000023, 0.878921962000049, 0.0 ], [ 127.640578137000034, 0.87565408200004, 0.0 ], [ 127.640067700000031, 0.872539678000066, 0.0 ], [ 127.642514580000011, 0.87316342400004, 0.0 ], [ 127.645669158000032, 0.869642445000068, 0.0 ], [ 127.64855047900005, 0.86141318600005, 0.0 ], [ 127.649703407000061, 0.860864454000023, 0.0 ], [ 127.650843888000054, 0.862341971000035, 0.0 ], [ 127.649528621000059, 0.866629904000035, 0.0 ], [ 127.654997991000073, 0.869268780000027, 0.0 ], [ 127.660091022000074, 0.867058678000035, 0.0 ], [ 127.666329109000117, 0.867261464000023, 0.0 ], [ 127.665441854000051, 0.865895129000023, 0.0 ], [ 127.671828761000029, 0.859519114000022, 0.0 ], [ 127.672456400000101, 0.853447299000038, 0.0 ], [ 127.676531760000103, 0.854611367000075, 0.0 ], [ 127.681833679000079, 0.854124490000061, 0.0 ], [ 127.682553776000077, 0.856199653000033, 0.0 ], [ 127.684062931000085, 0.855773889000034, 0.0 ], [ 127.687634265000042, 0.857695454000066, 0.0 ], [ 127.688301381000088, 0.878544652000073, 0.0 ], [ 127.690035647000059, 0.879834032000076, 0.0 ], [ 127.694007942000098, 0.879099861000043, 0.0 ], [ 127.69234366000012, 0.876800339000056, 0.0 ], [ 127.690998655000044, 0.866404992000071, 0.0 ], [ 127.693333454000026, 0.856742326000074, 0.0 ], [ 127.692444973000079, 0.852357583000071, 0.0 ], [ 127.69632402700006, 0.845003504000033, 0.0 ], [ 127.693743896000115, 0.84057275300006, 0.0 ], [ 127.696955614000103, 0.833748820000039, 0.0 ], [ 127.706031830000029, 0.829647579000039, 0.0 ], [ 127.708441305000065, 0.82647649300003, 0.0 ], [ 127.709576004000041, 0.820385560000034, 0.0 ], [ 127.714519056000086, 0.809650784000041, 0.0 ], [ 127.714166788000057, 0.805151343000034, 0.0 ], [ 127.71638907800002, 0.798888729000055, 0.0 ], [ 127.716426519000038, 0.778774913000063, 0.0 ], [ 127.718050713000025, 0.775771560000067, 0.0 ], [ 127.725257756000019, 0.771899099000052, 0.0 ], [ 127.727459214000078, 0.763083289000065, 0.0 ], [ 127.728998340000089, 0.762924843000064, 0.0 ], [ 127.731329040000105, 0.759566297000049, 0.0 ], [ 127.727417241000012, 0.757508087000076, 0.0 ], [ 127.725305354000056, 0.760245632000021, 0.0 ], [ 127.722887934000028, 0.759724272000028, 0.0 ], [ 127.722148422000032, 0.761727708000024, 0.0 ], [ 127.720913800000062, 0.760532581000064, 0.0 ], [ 127.718563967000023, 0.761549797000043, 0.0 ], [ 127.717722127000116, 0.764072019000025, 0.0 ], [ 127.716254458000094, 0.764633897000067, 0.0 ], [ 127.713761557000112, 0.760220876000062, 0.0 ], [ 127.711255612000059, 0.761775311000065, 0.0 ], [ 127.706798074000062, 0.761248906000048, 0.0 ], [ 127.702534476000096, 0.762455490000036, 0.0 ], [ 127.700518603000091, 0.760339244000022, 0.0 ], [ 127.700986367000041, 0.756079690000035, 0.0 ], [ 127.69879137700002, 0.755101459000059, 0.0 ], [ 127.69622149700001, 0.756726277000041, 0.0 ], [ 127.692260969000017, 0.755515608000053, 0.0 ], [ 127.688439878000054, 0.758024095000053, 0.0 ], [ 127.681607328000041, 0.758235085000024, 0.0 ], [ 127.674162495000019, 0.766203434000033, 0.0 ], [ 127.672596843000065, 0.770846258000063, 0.0 ], [ 127.66652332000001, 0.766933014000074, 0.0 ], [ 127.66623447500001, 0.770592018000059, 0.0 ], [ 127.662981576000107, 0.771131263000029, 0.0 ], [ 127.66289718400003, 0.774562120000041, 0.0 ], [ 127.661610676, 0.77563585300004, 0.0 ], [ 127.658022200000119, 0.775519768000038, 0.0 ], [ 127.657226239000011, 0.772448311000062, 0.0 ], [ 127.651553987000057, 0.775889208000024, 0.0 ], [ 127.651408544000105, 0.774051432000022, 0.0 ], [ 127.648276883000108, 0.773621909000042, 0.0 ], [ 127.648028502000102, 0.769487972000036, 0.0 ], [ 127.642249501000038, 0.769158875000073, 0.0 ], [ 127.635771865000038, 0.770454541000049, 0.0 ], [ 127.628472204000104, 0.77704552900002, 0.0 ], [ 127.623936532000016, 0.777936383000053, 0.0 ], [ 127.623182923000059, 0.781437200000028, 0.0 ], [ 127.625341757000115, 0.783046136000053, 0.0 ], [ 127.623372434000089, 0.783792300000073, 0.0 ], [ 127.623242871000116, 0.786777784000037, 0.0 ], [ 127.620719751000024, 0.785312505000036, 0.0 ], [ 127.61980147700001, 0.787645069000064, 0.0 ], [ 127.618734683000071, 0.787617791000059, 0.0 ], [ 127.619411085000024, 0.788859781000042, 0.0 ], [ 127.618169213000101, 0.789216483000075, 0.0 ], [ 127.62055895200001, 0.799615770000059, 0.0 ], [ 127.622545312000057, 0.802765725000029, 0.0 ], [ 127.634287636000067, 0.807306978000042, 0.0 ], [ 127.63758491100009, 0.814554360000045, 0.0 ], [ 127.638580923000063, 0.821848832000057, 0.0 ], [ 127.63606311500007, 0.826719332000039, 0.0 ], [ 127.639112247000071, 0.836484188000043, 0.0 ], [ 127.635479621000059, 0.836703081000053, 0.0 ], [ 127.633738360000052, 0.839765618000058, 0.0 ], [ 127.636930945000017, 0.847060867000039, 0.0 ], [ 127.640267738000034, 0.849866749000057, 0.0 ], [ 127.639896381000085, 0.851273753000044, 0.0 ], [ 127.636047808000058, 0.852505863000033, 0.0 ], [ 127.630272882000099, 0.851461771000061, 0.0 ], [ 127.630150116000095, 0.84903993000006, 0.0 ], [ 127.627208308000036, 0.848596805000057, 0.0 ], [ 127.627051711000036, 0.84442497200007, 0.0 ], [ 127.624046578000048, 0.845007812000063, 0.0 ], [ 127.626431647000118, 0.849995832000047, 0.0 ], [ 127.626287440000056, 0.854418184000053, 0.0 ], [ 127.624318544000062, 0.855748024000036, 0.0 ], [ 127.629090182000027, 0.861445270000047, 0.0 ], [ 127.620245799000031, 0.863471380000021, 0.0 ], [ 127.617593072000091, 0.862465321000059, 0.0 ], [ 127.618071194000095, 0.855066132000047, 0.0 ], [ 127.614163186000042, 0.854241500000057, 0.0 ], [ 127.610824224000112, 0.857628859000044, 0.0 ], [ 127.609596096000018, 0.861600888000055, 0.0 ], [ 127.611012705, 0.862649307000027, 0.0 ], [ 127.610327137000013, 0.864827, 0.0 ], [ 127.604936283000029, 0.86239366600006, 0.0 ], [ 127.603623762000097, 0.86553587700007, 0.0 ], [ 127.601057556000114, 0.864835139000036, 0.0 ], [ 127.599960029000044, 0.865846410000074, 0.0 ], [ 127.595064853000054, 0.864773483000022, 0.0 ], [ 127.592779037000014, 0.86166167600004, 0.0 ], [ 127.588604757000098, 0.86099964400006, 0.0 ], [ 127.582346764000022, 0.863639212000066, 0.0 ], [ 127.579717360000018, 0.867055276000031, 0.0 ], [ 127.576844161000054, 0.866726910000068, 0.0 ], [ 127.574086894000061, 0.868364144000054, 0.0 ], [ 127.572954270000082, 0.867697895000049, 0.0 ], [ 127.573867983000014, 0.866460575000076, 0.0 ], [ 127.572935235000045, 0.864994827000032, 0.0 ], [ 127.567329225000094, 0.865727701000026, 0.0 ], [ 127.565899693000119, 0.866589960000056, 0.0 ], [ 127.566193938000083, 0.868016309000041, 0.0 ], [ 127.566983268000058, 0.86781559800005, 0.0 ], [ 127.568675348000056, 0.869242479000036, 0.0 ], [ 127.56923714800007, 0.867213415000037, 0.0 ], [ 127.570710637000047, 0.868333908000068, 0.0 ], [ 127.566668285000105, 0.870955111000058, 0.0 ], [ 127.566882459000112, 0.874132551000059, 0.0 ], [ 127.563860731000091, 0.874814035000043, 0.0 ], [ 127.560440996000011, 0.87272581600007, 0.0 ], [ 127.559725378000053, 0.877304827000046, 0.0 ], [ 127.55871989000002, 0.877615998000067, 0.0 ], [ 127.554789947000017, 0.876559996000026, 0.0 ], [ 127.554944917000057, 0.874617129000058, 0.0 ], [ 127.556309069, 0.875020342000028, 0.0 ], [ 127.555130855000016, 0.873689329000058, 0.0 ], [ 127.554206094000051, 0.874579136000023, 0.0 ], [ 127.553941499000075, 0.873305122000033, 0.0 ], [ 127.551359731000048, 0.873172616000033, 0.0 ], [ 127.549439094000036, 0.874130882000031, 0.0 ], [ 127.551323252000088, 0.876451408000037, 0.0 ], [ 127.550272564000011, 0.877652960000034, 0.0 ], [ 127.549276539000061, 0.874389099000041, 0.0 ], [ 127.547514603000081, 0.87577098600002, 0.0 ], [ 127.549223107000103, 0.879425800000035, 0.0 ], [ 127.548081978000027, 0.880314197000075, 0.0 ], [ 127.542846908000115, 0.873341780000032, 0.0 ], [ 127.545205898000063, 0.868338755000025, 0.0 ], [ 127.543253087000039, 0.861570156000028, 0.0 ], [ 127.527013748000059, 0.858414451000044, 0.0 ], [ 127.524287890000096, 0.860006912000074, 0.0 ], [ 127.526376150000033, 0.863059401000044, 0.0 ], [ 127.52929086100005, 0.862179396000045, 0.0 ], [ 127.529794858000059, 0.863876690000041, 0.0 ], [ 127.53114585600008, 0.86188336500004, 0.0 ], [ 127.535704991000102, 0.864165703000026, 0.0 ], [ 127.539355457000056, 0.867856012000061, 0.0 ], [ 127.536988355000062, 0.869197043000042, 0.0 ], [ 127.537235066000108, 0.866705482000043, 0.0 ], [ 127.535968175000107, 0.866176547000066, 0.0 ], [ 127.535211914000115, 0.870379528000058, 0.0 ], [ 127.534050760000014, 0.868776901000047, 0.0 ], [ 127.534777784000084, 0.867797649000067, 0.0 ], [ 127.533238651000033, 0.86900638100002, 0.0 ], [ 127.532161138000106, 0.867774849000057, 0.0 ], [ 127.529766677000111, 0.869825457000047, 0.0 ], [ 127.530637987000091, 0.871312193000051, 0.0 ], [ 127.531513026000084, 0.87036009000002, 0.0 ], [ 127.532857577000073, 0.87170621100006, 0.0 ], [ 127.533980359000111, 0.869790822000027, 0.0 ], [ 127.533756603000029, 0.872457513000029, 0.0 ], [ 127.535751806, 0.872907905000034, 0.0 ], [ 127.538101063000113, 0.870880255000031, 0.0 ], [ 127.536463536000042, 0.873381193000057, 0.0 ], [ 127.539286028000106, 0.87251126700005, 0.0 ], [ 127.539846411000099, 0.874495443000058, 0.0 ], [ 127.536892879000106, 0.877500817000055, 0.0 ], [ 127.541474762, 0.880272639000054, 0.0 ], [ 127.546142987000053, 0.879773271000033, 0.0 ], [ 127.546300415000019, 0.880765536000069, 0.0 ], [ 127.542522192000092, 0.882074052000064, 0.0 ], [ 127.543876530000034, 0.883732415000054, 0.0 ], [ 127.540381776000117, 0.881825872000036, 0.0 ], [ 127.53843495000001, 0.883518183000035, 0.0 ], [ 127.534471638000014, 0.882073075000051, 0.0 ], [ 127.533487622000052, 0.883125369000027, 0.0 ], [ 127.531657888000041, 0.880199580000067, 0.0 ], [ 127.525476526000034, 0.877187695000032, 0.0 ], [ 127.525686259000054, 0.880735641000058, 0.0 ], [ 127.523911124000051, 0.882669531000033, 0.0 ], [ 127.528095322000013, 0.884868337000057, 0.0 ], [ 127.530382180000061, 0.884722688000068, 0.0 ], [ 127.521129874000053, 0.886292642000058, 0.0 ], [ 127.518009143000086, 0.888698025000053, 0.0 ], [ 127.514878404000115, 0.887567876000048, 0.0 ], [ 127.507040181000093, 0.888384022000025, 0.0 ], [ 127.50513963800006, 0.884820858000069, 0.0 ], [ 127.502943520000031, 0.885512290000065, 0.0 ], [ 127.501911371000119, 0.88462181500006, 0.0 ], [ 127.500926883000034, 0.886176138000053, 0.0 ], [ 127.496841494000023, 0.886683745000028, 0.0 ], [ 127.497622622000108, 0.889565138000023, 0.0 ], [ 127.499780147000024, 0.890090064000049, 0.0 ], [ 127.498524045000067, 0.89270762700005, 0.0 ], [ 127.493894425, 0.889786339000068, 0.0 ], [ 127.492885522000051, 0.892169287000058, 0.0 ], [ 127.491135739000015, 0.892561006000051, 0.0 ], [ 127.492847006000034, 0.893346595000025, 0.0 ], [ 127.491259138000032, 0.893087502000071, 0.0 ], [ 127.493301393000024, 0.89833365800007, 0.0 ], [ 127.490817262000064, 0.90397994500006, 0.0 ], [ 127.492384683000068, 0.907704005000028, 0.0 ], [ 127.492137183000068, 0.916288406000035, 0.0 ], [ 127.493503470000064, 0.917553328000054, 0.0 ], [ 127.489830464000079, 0.917940336000072, 0.0 ], [ 127.490929822000112, 0.926660646000073, 0.0 ], [ 127.497023078000097, 0.931305554000062, 0.0 ], [ 127.496754847000034, 0.935966882000059, 0.0 ], [ 127.500242623000076, 0.940696838000065, 0.0 ], [ 127.504140112000073, 0.943512626000029, 0.0 ], [ 127.506429463000018, 0.948940823000044, 0.0 ], [ 127.50980095400007, 0.952816106000057, 0.0 ], [ 127.512199450000026, 0.953073089000043, 0.0 ], [ 127.511521304000098, 0.957862944000055, 0.0 ], [ 127.51273482900001, 0.962624245000029, 0.0 ], [ 127.510821743000065, 0.967456930000026, 0.0 ], [ 127.511824834000095, 0.97302452200006, 0.0 ], [ 127.510614616000112, 0.975880956000026, 0.0 ], [ 127.507112049000057, 0.978098613000043, 0.0 ], [ 127.506132811000043, 0.982991287000061, 0.0 ], [ 127.503015717000039, 0.983581393000065, 0.0 ], [ 127.501023042000043, 0.989726261000044, 0.0 ], [ 127.496163390000106, 0.989518198000042, 0.0 ], [ 127.495687497000063, 0.995481127000062, 0.0 ], [ 127.491660601000035, 0.994902591000027, 0.0 ], [ 127.489646869000012, 0.996019730000057, 0.0 ], [ 127.486059950000026, 0.994206036000037, 0.0 ], [ 127.480316884000104, 0.993566889000022, 0.0 ], [ 127.480374995000034, 1.00105665500007, 0.0 ], [ 127.474425776000089, 1.003872724000075, 0.0 ], [ 127.472308853000072, 1.006369927000037, 0.0 ], [ 127.474907298000062, 1.006177649000051, 0.0 ], [ 127.479379132000076, 1.015964066000038, 0.0 ], [ 127.480906514000026, 1.013457010000025, 0.0 ], [ 127.482594344000063, 1.013539166000044, 0.0 ], [ 127.483676549000052, 1.017473640000048, 0.0 ], [ 127.485731472000111, 1.015435840000066, 0.0 ], [ 127.494656128000088, 1.014755657000023, 0.0 ], [ 127.494906331000038, 1.01862275700006, 0.0 ], [ 127.497780087000024, 1.024592093000024, 0.0 ], [ 127.496471362000079, 1.027180633000057, 0.0 ], [ 127.497476917000085, 1.032354639000062, 0.0 ], [ 127.499130619000084, 1.034284135000064, 0.0 ], [ 127.498424096, 1.040304431000038, 0.0 ], [ 127.501827997000078, 1.041191449000053, 0.0 ], [ 127.500600661000021, 1.042540480000071, 0.0 ], [ 127.501646286000096, 1.043378510000025, 0.0 ], [ 127.500647696000101, 1.043622111000047, 0.0 ], [ 127.49937559600005, 1.049115689000075, 0.0 ], [ 127.49688324400006, 1.051038406000032, 0.0 ], [ 127.4951125770001, 1.055081606000044, 0.0 ], [ 127.485822779000046, 1.060372132000055, 0.0 ], [ 127.485142870000118, 1.060367011000039, 0.0 ], [ 127.484040395000079, 1.05913171900005, 0.0 ], [ 127.482181623000088, 1.058542146000036, 0.0 ], [ 127.481756498000095, 1.062571613000046, 0.0 ], [ 127.479311739000082, 1.064369876000058, 0.0 ], [ 127.474320399000021, 1.062309490000075, 0.0 ], [ 127.472954911000102, 1.064170495000042, 0.0 ], [ 127.468049624000059, 1.061191274000066, 0.0 ], [ 127.469243386000016, 1.060464426000067, 0.0 ], [ 127.468269367000062, 1.059095199000069, 0.0 ], [ 127.469625268000073, 1.057377767000048, 0.0 ], [ 127.469753998000101, 1.056650387000047, 0.0 ], [ 127.467750959000114, 1.059415590000071, 0.0 ], [ 127.467647726000109, 1.056625413000063, 0.0 ], [ 127.465593213000034, 1.057710769000039, 0.0 ], [ 127.46167600800004, 1.056550655000024, 0.0 ], [ 127.458667027000047, 1.055204348000075, 0.0 ], [ 127.458700983000085, 1.053835629000048, 0.0 ], [ 127.455758932000094, 1.05175713400007, 0.0 ], [ 127.451417659000072, 1.052506334000043, 0.0 ], [ 127.4495597, 1.050342239000031, 0.0 ], [ 127.444628857000112, 1.051134207000075, 0.0 ], [ 127.443137728000011, 1.047510645000045, 0.0 ], [ 127.441100392000067, 1.049750974000062, 0.0 ], [ 127.438612665000051, 1.04656368600007, 0.0 ], [ 127.433636022000087, 1.046118726000032, 0.0 ], [ 127.430714045000059, 1.04715617200003, 0.0 ], [ 127.430128465000053, 1.04938968600004, 0.0 ], [ 127.427246540000056, 1.05080001400006, 0.0 ], [ 127.423472074000074, 1.049611244000062, 0.0 ], [ 127.423591502000022, 1.048481878000075, 0.0 ], [ 127.421661475000064, 1.047901828000022, 0.0 ], [ 127.424917779000111, 1.046545533000028, 0.0 ], [ 127.428652869000075, 1.040861985000049, 0.0 ], [ 127.424031437000053, 1.032219649000069, 0.0 ], [ 127.419806120000089, 1.031816736000053, 0.0 ], [ 127.417452090000097, 1.032994036000048, 0.0 ], [ 127.414656011000034, 1.038723492000031, 0.0 ], [ 127.41267037800003, 1.040032570000051, 0.0 ], [ 127.409573781000063, 1.040575371000045, 0.0 ], [ 127.404968583000027, 1.039274919000036, 0.0 ], [ 127.400724241000034, 1.041312643000026, 0.0 ], [ 127.398844438000083, 1.044894938000027, 0.0 ], [ 127.399020796000059, 1.048705602000041, 0.0 ], [ 127.40418167100006, 1.044108037000058, 0.0 ], [ 127.410070558000029, 1.045433084000024, 0.0 ], [ 127.412714225000059, 1.047408524000048, 0.0 ], [ 127.410900508000054, 1.049555173000044, 0.0 ], [ 127.405033858000024, 1.05124509500007, 0.0 ], [ 127.402007043000026, 1.054790905000061, 0.0 ], [ 127.400361258000089, 1.053934618000028, 0.0 ], [ 127.399592743000085, 1.057577298000069, 0.0 ], [ 127.397154662000048, 1.06036965200002, 0.0 ], [ 127.396683638000013, 1.063324541000043, 0.0 ], [ 127.39805414600005, 1.067847694000022, 0.0 ], [ 127.396847038000033, 1.069133203000035, 0.0 ], [ 127.399948992000077, 1.081170746000055, 0.0 ], [ 127.399145225000098, 1.083934031000069, 0.0 ], [ 127.40402257900007, 1.08761559900006, 0.0 ], [ 127.40576119900004, 1.09277307800005, 0.0 ], [ 127.410032021, 1.097124339000061, 0.0 ], [ 127.417945545000066, 1.10238085900005, 0.0 ], [ 127.419476348000103, 1.107185320000042, 0.0 ], [ 127.422333970000068, 1.109184884000058, 0.0 ], [ 127.426175105000084, 1.116963723000026, 0.0 ], [ 127.428039433000095, 1.131531250000023, 0.0 ], [ 127.431228763000036, 1.135636745000056, 0.0 ], [ 127.429665714000066, 1.13557008600003, 0.0 ], [ 127.43177176100005, 1.142636162000031, 0.0 ], [ 127.429005406000101, 1.158469380000042, 0.0 ], [ 127.427786447000017, 1.159515575000057, 0.0 ], [ 127.425528645000099, 1.158317885000031, 0.0 ], [ 127.424974540000107, 1.160806143000059, 0.0 ], [ 127.422293112000034, 1.162593293000043, 0.0 ], [ 127.421435324000072, 1.166098335000072, 0.0 ], [ 127.419331836000083, 1.16529554300007, 0.0 ], [ 127.417084218000014, 1.167166673000054, 0.0 ], [ 127.418330433000051, 1.170529328000043, 0.0 ], [ 127.416980042000091, 1.172765870000035, 0.0 ], [ 127.417508292000093, 1.174022414000035, 0.0 ], [ 127.415802386000109, 1.17432653000003, 0.0 ], [ 127.414570721000018, 1.176802417000033, 0.0 ], [ 127.411545889000081, 1.176238368000043, 0.0 ], [ 127.409928773000047, 1.177182611000035, 0.0 ], [ 127.41131107800004, 1.181568279000032, 0.0 ], [ 127.40931894400012, 1.183535238000047, 0.0 ], [ 127.412057647000097, 1.18559465900006, 0.0 ], [ 127.411854584000025, 1.187329349000038, 0.0 ], [ 127.410031021, 1.18550375600006, 0.0 ], [ 127.408123243000091, 1.18544881400004, 0.0 ], [ 127.407170168000107, 1.189193045000025, 0.0 ], [ 127.405071913000029, 1.18964646400002, 0.0 ], [ 127.404886118000036, 1.192344271000024, 0.0 ], [ 127.401236999000048, 1.192198571000063, 0.0 ], [ 127.398994607000077, 1.195242126000039, 0.0 ], [ 127.402481522000016, 1.198384756000053, 0.0 ], [ 127.404201601000068, 1.20439774700003, 0.0 ], [ 127.405342753000014, 1.204350563000048, 0.0 ], [ 127.407973370000036, 1.208294304000049, 0.0 ], [ 127.40936303, 1.220325099000036, 0.0 ], [ 127.407478295000033, 1.221472536000022, 0.0 ], [ 127.40561995600001, 1.228237154000055, 0.0 ], [ 127.407336369000063, 1.230319948000044, 0.0 ], [ 127.407215471000086, 1.233735642000056, 0.0 ], [ 127.416636229000119, 1.243073390000063, 0.0 ], [ 127.417026668000062, 1.246142447000068, 0.0 ], [ 127.416009543000087, 1.24746387600004, 0.0 ], [ 127.420035314000074, 1.254010747000052, 0.0 ], [ 127.420342232000053, 1.257582257000024, 0.0 ], [ 127.423467408000079, 1.259444600000052, 0.0 ], [ 127.423553267000102, 1.26491231600005, 0.0 ], [ 127.431109720000109, 1.271144340000035, 0.0 ], [ 127.4319270740001, 1.275876720000042, 0.0 ], [ 127.434195920000093, 1.278534188000037, 0.0 ], [ 127.433903278000116, 1.280849103000037, 0.0 ], [ 127.436789606000048, 1.284589728000071, 0.0 ], [ 127.43826075100003, 1.28931654500002, 0.0 ], [ 127.440286769000068, 1.290574052000068, 0.0 ], [ 127.440249644000119, 1.292972880000036, 0.0 ], [ 127.442649864000032, 1.294643391000022, 0.0 ], [ 127.442648088000055, 1.297550729000022, 0.0 ], [ 127.445542064000051, 1.298527618000037, 0.0 ], [ 127.446712108000042, 1.299940139000057, 0.0 ], [ 127.446057303000089, 1.30157287000003, 0.0 ], [ 127.453394862000096, 1.306351213000028, 0.0 ], [ 127.457116830000018, 1.314118437000047, 0.0 ], [ 127.45899428700011, 1.315375871000072, 0.0 ], [ 127.459749731000102, 1.31441918400003, 0.0 ], [ 127.462054073000104, 1.317423695000059, 0.0 ], [ 127.463374035000015, 1.316700664000052, 0.0 ], [ 127.464253183000096, 1.317568634000054, 0.0 ], [ 127.466170023000018, 1.322469281000053, 0.0 ], [ 127.467934447000061, 1.32391210000003, 0.0 ], [ 127.468056250000018, 1.328817620000052, 0.0 ], [ 127.46941709400005, 1.329291068000032, 0.0 ], [ 127.46951089300012, 1.331402862000061, 0.0 ], [ 127.47153047300003, 1.333551753000052, 0.0 ], [ 127.471580765000112, 1.338732421000032, 0.0 ], [ 127.482736125000088, 1.350440754000033, 0.0 ], [ 127.485814606000076, 1.360762150000028, 0.0 ], [ 127.484891189000109, 1.364129599000023, 0.0 ], [ 127.486278030000108, 1.370585377000054, 0.0 ], [ 127.485448523000059, 1.375819359000047, 0.0 ], [ 127.486636066000074, 1.387192468000023, 0.0 ], [ 127.484868888000051, 1.390026937000073, 0.0 ], [ 127.486203522000096, 1.394370946000038, 0.0 ], [ 127.488051577000078, 1.395215646000054, 0.0 ], [ 127.495243352000102, 1.405360323000025, 0.0 ], [ 127.505901410000092, 1.414233053000032, 0.0 ], [ 127.515803449000032, 1.424989779000043, 0.0 ], [ 127.522232945000042, 1.437598844000036, 0.0 ], [ 127.524366299, 1.447800224000048, 0.0 ], [ 127.526676035000037, 1.448355287000027, 0.0 ], [ 127.525499382000021, 1.451541942000063, 0.0 ], [ 127.531782770000063, 1.471264107000025, 0.0 ], [ 127.536225158000093, 1.497223211000062, 0.0 ], [ 127.53657691, 1.495668015000035, 0.0 ], [ 127.537672716000088, 1.496194008000032, 0.0 ], [ 127.536942659000033, 1.499897839000027, 0.0 ], [ 127.536214707000113, 1.500428589000023, 0.0 ], [ 127.535657399000115, 1.498217108000063, 0.0 ], [ 127.535140119000062, 1.508936768000069, 0.0 ], [ 127.530317031000095, 1.512110155000073, 0.0 ], [ 127.529626306000068, 1.513844583000036, 0.0 ], [ 127.531140515000061, 1.516262511000036, 0.0 ], [ 127.530532798000081, 1.518308081000043, 0.0 ], [ 127.529474993, 1.517846712000051, 0.0 ], [ 127.530288602000041, 1.51900785700002, 0.0 ], [ 127.528921178000019, 1.519294076000051, 0.0 ], [ 127.530673698000101, 1.520922492000068, 0.0 ], [ 127.528836437000109, 1.521537420000072, 0.0 ], [ 127.530006563000029, 1.522920160000069, 0.0 ], [ 127.527574006, 1.524779017000071, 0.0 ], [ 127.528952347000086, 1.525928588000056, 0.0 ], [ 127.527608310000119, 1.526783146000071, 0.0 ], [ 127.529687968000076, 1.52813062000007, 0.0 ], [ 127.526025509000078, 1.52907929600002, 0.0 ], [ 127.527486447000115, 1.531144234000067, 0.0 ], [ 127.525922513000069, 1.531920864000028, 0.0 ], [ 127.524713501000065, 1.53524623800007, 0.0 ], [ 127.526463211000078, 1.540960645000041, 0.0 ], [ 127.525463854, 1.541944173000047, 0.0 ], [ 127.526414343000056, 1.542868518000034, 0.0 ], [ 127.526793573000077, 1.54463957300004, 0.0 ], [ 127.526093589000084, 1.545955212000024, 0.0 ], [ 127.529215756000099, 1.549274037000032, 0.0 ], [ 127.529114427000081, 1.551389346000065, 0.0 ], [ 127.52716354100005, 1.552933833000054, 0.0 ], [ 127.520045992000064, 1.550559806000024, 0.0 ], [ 127.519784665000088, 1.554781190000028, 0.0 ], [ 127.515770539000073, 1.555691651000075, 0.0 ], [ 127.511058342000069, 1.554680201000053, 0.0 ], [ 127.510650106000071, 1.557064814000057, 0.0 ], [ 127.511955321000073, 1.560292795000066, 0.0 ], [ 127.513761395000074, 1.558860269000036, 0.0 ], [ 127.514000994000071, 1.562195384000063, 0.0 ], [ 127.517040160000079, 1.563535001000048, 0.0 ], [ 127.516117518000101, 1.568639821000033, 0.0 ], [ 127.520340248000025, 1.568842011000072, 0.0 ], [ 127.518647951000048, 1.572192543000028, 0.0 ], [ 127.519977295000103, 1.572840090000057, 0.0 ], [ 127.521354132000056, 1.57002312000003, 0.0 ], [ 127.522762878000094, 1.569638115000032, 0.0 ], [ 127.523100192000015, 1.57556697900003, 0.0 ], [ 127.526682419000053, 1.57730151200002, 0.0 ], [ 127.527059671000075, 1.579486877000022, 0.0 ], [ 127.528673544000071, 1.580260317000068, 0.0 ], [ 127.527098036000098, 1.583058593000032, 0.0 ], [ 127.528368612, 1.585546307000072, 0.0 ], [ 127.531421953000063, 1.582144004000043, 0.0 ], [ 127.53143173400008, 1.583697354000037, 0.0 ], [ 127.53423677, 1.585835408000037, 0.0 ], [ 127.535714175000066, 1.584740693000072, 0.0 ], [ 127.536221849000071, 1.586218255000063, 0.0 ], [ 127.537916481000025, 1.58619053700005, 0.0 ], [ 127.539373916000045, 1.584840592000035, 0.0 ], [ 127.538423412000043, 1.583143390000032, 0.0 ], [ 127.538955552000061, 1.579333967000025, 0.0 ], [ 127.541070381000054, 1.58144726300003, 0.0 ], [ 127.544299299000045, 1.580079564000073, 0.0 ], [ 127.545046834000118, 1.582227790000047, 0.0 ], [ 127.547269288000052, 1.583467726000038, 0.0 ], [ 127.547166256000082, 1.58629735300002, 0.0 ], [ 127.549925040000062, 1.585671142000024, 0.0 ], [ 127.548989284000072, 1.589164237000034, 0.0 ], [ 127.551450705000093, 1.588729257000068, 0.0 ], [ 127.549261860000115, 1.590426729000058, 0.0 ], [ 127.552571903000057, 1.592110141000035, 0.0 ], [ 127.551156132000074, 1.593431265000049, 0.0 ], [ 127.551308695000102, 1.596290990000057, 0.0 ], [ 127.554292246000045, 1.597316106000051, 0.0 ], [ 127.551246475000085, 1.600245354000037, 0.0 ], [ 127.553571480000073, 1.609218379000026, 0.0 ], [ 127.552566220000017, 1.610055206000027, 0.0 ], [ 127.551531358000034, 1.619111916000065, 0.0 ], [ 127.545209987000021, 1.621966970000074, 0.0 ], [ 127.549298030000045, 1.624757748000036, 0.0 ], [ 127.550057483000046, 1.626840192000031, 0.0 ], [ 127.548126646000014, 1.633413512000061, 0.0 ], [ 127.549273256000106, 1.63445529300003, 0.0 ], [ 127.547810856000069, 1.634406369000033, 0.0 ], [ 127.547767908000083, 1.636260898000046, 0.0 ], [ 127.544951806000086, 1.633818007000059, 0.0 ], [ 127.544082959000093, 1.635067704000051, 0.0 ], [ 127.545021205000012, 1.636510158000021, 0.0 ], [ 127.543279667000093, 1.636090115000059, 0.0 ], [ 127.542535801000099, 1.637142480000023, 0.0 ], [ 127.54397631300003, 1.642796942000075, 0.0 ], [ 127.54147290100002, 1.643656575000023, 0.0 ], [ 127.542375509000067, 1.645051145000025, 0.0 ], [ 127.54027854200001, 1.651055964000022, 0.0 ], [ 127.541818118000037, 1.651260504000049, 0.0 ], [ 127.543480156000101, 1.64656551500002, 0.0 ], [ 127.544679610000117, 1.648510690000023, 0.0 ], [ 127.549047656000084, 1.650512038000045, 0.0 ], [ 127.548686271000065, 1.66511494100007, 0.0 ], [ 127.550398237000081, 1.66536148900002, 0.0 ], [ 127.55049516400004, 1.662884824000059, 0.0 ], [ 127.551576092000118, 1.664327395000043, 0.0 ], [ 127.554341240000099, 1.663306434000049, 0.0 ], [ 127.556230279000033, 1.66531195500005, 0.0 ], [ 127.559482564000064, 1.664781908000066, 0.0 ], [ 127.555240563000098, 1.652855721000037, 0.0 ], [ 127.555597868000063, 1.652012454000044, 0.0 ], [ 127.553399, 1.65096989500006, 0.0 ], [ 127.553067348000013, 1.64922277200003, 0.0 ], [ 127.552062408000097, 1.649569020000058, 0.0 ], [ 127.554602275000093, 1.639376750000054, 0.0 ], [ 127.557341419000068, 1.641400814000065, 0.0 ], [ 127.55706504200009, 1.643388292000054, 0.0 ], [ 127.560168720000092, 1.642780332000029, 0.0 ], [ 127.559054619000108, 1.64612971400004, 0.0 ], [ 127.561064572000078, 1.645335504000059, 0.0 ], [ 127.560534655000083, 1.649787285000059, 0.0 ], [ 127.56167568, 1.650348076000057, 0.0 ], [ 127.561648575000049, 1.648357084000054, 0.0 ], [ 127.562542101000076, 1.649180924000063, 0.0 ], [ 127.563340199000095, 1.654297731000042, 0.0 ], [ 127.56178839800009, 1.656182280000053, 0.0 ], [ 127.563090535000015, 1.657566383000074, 0.0 ], [ 127.563700068000117, 1.656499551000024, 0.0 ], [ 127.56469744900005, 1.658405105000043, 0.0 ], [ 127.563702632000059, 1.65953865900002, 0.0 ], [ 127.564785244000063, 1.661965950000024, 0.0 ], [ 127.566884216000062, 1.659770709000043, 0.0 ], [ 127.565754767000044, 1.656333538000069, 0.0 ], [ 127.568341590000045, 1.65692888500007, 0.0 ], [ 127.568796346000113, 1.652832395000075, 0.0 ], [ 127.56981758400002, 1.654642247000027, 0.0 ], [ 127.570888459000116, 1.653551813000036, 0.0 ], [ 127.57005929200011, 1.655824566000035, 0.0 ], [ 127.571875864000049, 1.656122616000061, 0.0 ], [ 127.571042057000113, 1.658227856000053, 0.0 ], [ 127.572638298000015, 1.660698597000021, 0.0 ], [ 127.571333722000077, 1.662693415000035, 0.0 ], [ 127.574012167000092, 1.661556292000057, 0.0 ], [ 127.574143462000052, 1.65753134800002, 0.0 ], [ 127.576184666000017, 1.656298033000041, 0.0 ], [ 127.576845756000012, 1.656288938000046, 0.0 ], [ 127.577134675000025, 1.657964254000035, 0.0 ], [ 127.579810645000066, 1.658625464000067, 0.0 ], [ 127.578436439000029, 1.659898750000025, 0.0 ], [ 127.580302096000082, 1.661407698000062, 0.0 ], [ 127.578827039000089, 1.662375801000053, 0.0 ], [ 127.579111253000065, 1.66397932600006, 0.0 ], [ 127.579843120000078, 1.66310042300006, 0.0 ], [ 127.581257073000074, 1.664447517000042, 0.0 ], [ 127.584073074000116, 1.658831944000042, 0.0 ], [ 127.584101382000085, 1.660824152000032, 0.0 ], [ 127.585201088000076, 1.660998438000036, 0.0 ], [ 127.582607585000119, 1.663060545000064, 0.0 ], [ 127.582214197000098, 1.664484105000042, 0.0 ], [ 127.584414776000017, 1.663199449000047, 0.0 ], [ 127.581890817000044, 1.665689353000062, 0.0 ], [ 127.582589690000077, 1.669381087000033, 0.0 ], [ 127.580691873000092, 1.671258227000067, 0.0 ], [ 127.579164354000113, 1.670760565000023, 0.0 ], [ 127.583068426000068, 1.673305983000034, 0.0 ], [ 127.58054065400006, 1.674865586000067, 0.0 ], [ 127.581328856000027, 1.678324067000062, 0.0 ], [ 127.580184634000034, 1.682158036000033, 0.0 ], [ 127.581722892000016, 1.684259033000046, 0.0 ], [ 127.580711807000057, 1.684838599000045, 0.0 ], [ 127.581649706, 1.686807541000064, 0.0 ], [ 127.583896565000032, 1.687347616000068, 0.0 ], [ 127.584334290000015, 1.690405017000046, 0.0 ], [ 127.582237867000117, 1.689007153000034, 0.0 ], [ 127.579380192000031, 1.694540093000057, 0.0 ], [ 127.573244040000077, 1.695706033000022, 0.0 ], [ 127.569855757000028, 1.698364535000053, 0.0 ], [ 127.570502134000094, 1.698977626000044, 0.0 ], [ 127.568808208000064, 1.700010140000074, 0.0 ], [ 127.57053871800008, 1.70096863200007, 0.0 ], [ 127.567589437000038, 1.70165561500005, 0.0 ], [ 127.5677995100001, 1.703785543000038, 0.0 ], [ 127.565706187000046, 1.704655027000058, 0.0 ], [ 127.566465829000094, 1.706455132000031, 0.0 ], [ 127.562005325000086, 1.711893450000048, 0.0 ], [ 127.560621447000017, 1.711696180000047, 0.0 ], [ 127.560849162000068, 1.712471682000057, 0.0 ], [ 127.560525582000082, 1.712691593000045, 0.0 ], [ 127.559411755000042, 1.710712943000033, 0.0 ], [ 127.554525693000073, 1.709620437000069, 0.0 ], [ 127.554960754000035, 1.708190956000067, 0.0 ], [ 127.553558738000106, 1.706819911000025, 0.0 ], [ 127.550499430000059, 1.711531768000043, 0.0 ], [ 127.551920254000038, 1.71160463700005, 0.0 ], [ 127.552156607000029, 1.713537152000072, 0.0 ], [ 127.554795040000045, 1.715130492000071, 0.0 ], [ 127.559152324000024, 1.715785888000028, 0.0 ], [ 127.566478263000022, 1.721708116000059, 0.0 ], [ 127.567887687000052, 1.721146826000052, 0.0 ], [ 127.567496382000058, 1.719704748000026, 0.0 ], [ 127.56938648400012, 1.720322373000045, 0.0 ], [ 127.569484724000063, 1.724115354000048, 0.0 ], [ 127.571518747000027, 1.723081917000059, 0.0 ], [ 127.571980911000082, 1.725176144000045, 0.0 ], [ 127.574514645000022, 1.723724305000076, 0.0 ], [ 127.57638621600006, 1.725293134000026, 0.0 ], [ 127.577964681000026, 1.72927270200006, 0.0 ], [ 127.572947942000042, 1.727904900000055, 0.0 ], [ 127.569822707000071, 1.733250895000026, 0.0 ], [ 127.572058864000041, 1.732241548000047, 0.0 ], [ 127.573283013000037, 1.732996273000026, 0.0 ], [ 127.573819215000071, 1.731483103000073, 0.0 ], [ 127.576108744000067, 1.730653265000058, 0.0 ], [ 127.574965524000049, 1.732979600000021, 0.0 ], [ 127.575779385000033, 1.733829734000039, 0.0 ], [ 127.573418643000082, 1.734480039000061, 0.0 ], [ 127.57549889400002, 1.735253361000048, 0.0 ], [ 127.575527747000024, 1.736419974000057, 0.0 ], [ 127.571899849000033, 1.738158130000045, 0.0 ], [ 127.569518679000112, 1.742242366000028, 0.0 ], [ 127.569606363000048, 1.744222642000068, 0.0 ], [ 127.573499021000089, 1.746187880000036, 0.0 ], [ 127.572623538000016, 1.748215282000046, 0.0 ], [ 127.573376705000101, 1.750704584000061, 0.0 ], [ 127.571776599000032, 1.751798157000053, 0.0 ], [ 127.575450782000075, 1.75965003500005, 0.0 ], [ 127.57902471500006, 1.75939956000002, 0.0 ], [ 127.579505439000059, 1.760574829000063, 0.0 ], [ 127.581015704000038, 1.760067535000076, 0.0 ], [ 127.58217052800012, 1.762239212000054, 0.0 ], [ 127.58448424900007, 1.76208027000007, 0.0 ], [ 127.585548681000091, 1.770977701000049, 0.0 ], [ 127.586438477000115, 1.76965584900006, 0.0 ], [ 127.589997626000013, 1.770603659000074, 0.0 ], [ 127.59623866600009, 1.769331992000048, 0.0 ], [ 127.600076596, 1.771935769000038, 0.0 ], [ 127.603793739000025, 1.777217728000039, 0.0 ], [ 127.613679065000042, 1.783407606000026, 0.0 ], [ 127.611741594000023, 1.790298714000073, 0.0 ], [ 127.613318673000094, 1.795290560000069, 0.0 ], [ 127.616737349000118, 1.79685306500005, 0.0 ], [ 127.618607077000092, 1.795883037000067, 0.0 ], [ 127.622433265000041, 1.797775774000058, 0.0 ], [ 127.622755658000074, 1.801775297000063, 0.0 ], [ 127.625854023000102, 1.801067975000024, 0.0 ], [ 127.626972903000024, 1.80208583600006, 0.0 ], [ 127.626652745000115, 1.806116207000059, 0.0 ], [ 127.636280334000048, 1.819019143000048, 0.0 ], [ 127.638443025000015, 1.820992133000061, 0.0 ], [ 127.644405367000104, 1.82183598000006, 0.0 ], [ 127.646439806000103, 1.824036982000052, 0.0 ], [ 127.64633273000004, 1.833055139000066, 0.0 ], [ 127.642121084000109, 1.837266785000054, 0.0 ], [ 127.644191215000092, 1.837790267000059, 0.0 ], [ 127.644797978000042, 1.840669414000047, 0.0 ], [ 127.646189962000108, 1.841192896000052, 0.0 ], [ 127.646594471000071, 1.84729621300005, 0.0 ], [ 127.648926343000085, 1.845059520000063, 0.0 ], [ 127.650258841000095, 1.846296840000036, 0.0 ], [ 127.64898026100002, 1.848585214000025, 0.0 ], [ 127.649818640000035, 1.848224203000029, 0.0 ], [ 127.651081839000085, 1.850715011000034, 0.0 ], [ 127.652107682000064, 1.848795274000054, 0.0 ], [ 127.654706053000041, 1.848909488000061, 0.0 ], [ 127.654035045000114, 1.850651253000024, 0.0 ], [ 127.655755396000018, 1.853113995000058, 0.0 ], [ 127.654541870000116, 1.85407053900002, 0.0 ], [ 127.657490023000037, 1.858189386000049, 0.0 ], [ 127.657018889000028, 1.861180368000021, 0.0 ], [ 127.654898790000061, 1.862401032000037, 0.0 ], [ 127.658025401000032, 1.862365340000053, 0.0 ], [ 127.659817136000015, 1.864792390000048, 0.0 ], [ 127.657796973000018, 1.870667279000031, 0.0 ], [ 127.661787329000049, 1.867176610000058, 0.0 ], [ 127.664557022000054, 1.868789885000069, 0.0 ], [ 127.665613503000031, 1.872687442000029, 0.0 ], [ 127.661815883000031, 1.877955568000061, 0.0 ], [ 127.666170296000018, 1.878940665000073, 0.0 ], [ 127.665813377000063, 1.884208792000038, 0.0 ], [ 127.668754391000107, 1.886764333000031, 0.0 ], [ 127.675607239000101, 1.885936281000056, 0.0 ], [ 127.678648190000104, 1.889576856000076, 0.0 ], [ 127.679090770000016, 1.893431583000051, 0.0 ], [ 127.677648816000101, 1.895544544000074, 0.0 ], [ 127.675121829000091, 1.896286936000024, 0.0 ], [ 127.675764283000035, 1.898214299000074, 0.0 ], [ 127.674349917000086, 1.902403779000053, 0.0 ], [ 127.675507301000039, 1.904281925000021, 0.0 ], [ 127.677848691, 1.903596640000046, 0.0 ], [ 127.677548879000028, 1.905267022000032, 0.0 ], [ 127.682460086000106, 1.907123001000059, 0.0 ], [ 127.681560650000051, 1.907865393000066, 0.0 ], [ 127.682160274000012, 1.909849864000023, 0.0 ], [ 127.684203042000036, 1.908578042000045, 0.0 ], [ 127.688029215000029, 1.912975286000062, 0.0 ], [ 127.689418820000014, 1.918952492000074, 0.0 ], [ 127.692102386000101, 1.918567366000048, 0.0 ], [ 127.69461901000011, 1.921144903000027, 0.0 ], [ 127.696201243000019, 1.927472148000049, 0.0 ], [ 127.695271032000051, 1.929595343000074, 0.0 ], [ 127.693193306000012, 1.92961828600005, 0.0 ], [ 127.693655755, 1.931837544000075, 0.0 ], [ 127.697578991000114, 1.931624329000044, 0.0 ], [ 127.700823581, 1.934529527000052, 0.0 ], [ 127.704777606000107, 1.93961857100004, 0.0 ], [ 127.706560818000071, 1.945352144000026, 0.0 ], [ 127.708759087000089, 1.944266778000042, 0.0 ], [ 127.711984680000114, 1.947031030000062, 0.0 ], [ 127.714242096000021, 1.945126556000048, 0.0 ], [ 127.717421201000093, 1.946572154000023, 0.0 ], [ 127.720685791000051, 1.950502497000059, 0.0 ], [ 127.727712463000103, 1.952387843000054, 0.0 ], [ 127.728332617000092, 1.954540647000044, 0.0 ], [ 127.73054490800007, 1.955508751000025, 0.0 ], [ 127.730342261000033, 1.956788433000042, 0.0 ], [ 127.732804581000096, 1.957204450000063, 0.0 ], [ 127.736689502000104, 1.960484066000049, 0.0 ], [ 127.737898436000023, 1.968714723000062, 0.0 ], [ 127.741923373000077, 1.969963174000043, 0.0 ] ] ] ] } },
{ "type": "Feature", "properties": { "OBJECTID": 28, "NAMOBJ": "Halmahera Selatan", "WADMPR": "Maluku Utara", "LUAS_KM": 8094.2898, "COLOR": "#eeea6b", "S_DATA": "Badan Informasi Geospasial (BIG)" }, "geometry": { "type": "MultiPolygon", "coordinates": [ [ [ [ 127.638253311000085, -1.846884872999965, 0.0 ], [ 127.639450060000058, -1.848386074999951, 0.0 ], [ 127.633361020000052, -1.850966600999925, 0.0 ], [ 127.637018370000078, -1.848594515999935, 0.0 ], [ 127.638253311000085, -1.846884872999965, 0.0 ] ] ], [ [ [ 127.64490378500011, -1.841858024999965, 0.0 ], [ 127.645724699000084, -1.842075744999931, 0.0 ], [ 127.642947868000078, -1.843407052999964, 0.0 ], [ 127.642983560000062, -1.844752637999932, 0.0 ], [ 127.639760580000029, -1.847040489999927, 0.0 ], [ 127.638638783000033, -1.846420878999936, 0.0 ], [ 127.638374663000036, -1.844329332999962, 0.0 ], [ 127.64490378500011, -1.841858024999965, 0.0 ] ] ], [ [ [ 127.646957562000011, -1.828021335999949, 0.0 ], [ 127.64761786300005, -1.82802847499994, 0.0 ], [ 127.648702897000021, -1.829852331999973, 0.0 ], [ 127.646004588000096, -1.829224153999974, 0.0 ], [ 127.646957562000011, -1.828021335999949, 0.0 ] ] ], [ [ [ 127.632096187000116, -1.820680567999943, 0.0 ], [ 127.641533129000095, -1.822044, 0.0 ], [ 127.644766817000118, -1.826962345999959, 0.0 ], [ 127.643841325000039, -1.83209168999997, 0.0 ], [ 127.641903254000113, -1.832455746999926, 0.0 ], [ 127.645185245000107, -1.834039040999926, 0.0 ], [ 127.637558596000076, -1.839785200999927, 0.0 ], [ 127.641223601000092, -1.84076553999995, 0.0 ], [ 127.639572255000076, -1.842040930999929, 0.0 ], [ 127.636636, -1.841329470999938, 0.0 ], [ 127.638694234000013, -1.84265721099996, 0.0 ], [ 127.63601734000008, -1.845895656999971, 0.0 ], [ 127.629278409000108, -1.848460239999952, 0.0 ], [ 127.628612160000102, -1.84974217499996, 0.0 ], [ 127.625667577000058, -1.850262681999936, 0.0 ], [ 127.6245522050001, -1.849037258999942, 0.0 ], [ 127.620762913000021, -1.851369130999956, 0.0 ], [ 127.618770114000085, -1.850937853999937, 0.0 ], [ 127.617788587000064, -1.848855825999976, 0.0 ], [ 127.610100251000063, -1.847942707999948, 0.0 ], [ 127.608437603000084, -1.84648528799994, 0.0 ], [ 127.601849470000047, -1.847216971999956, 0.0 ], [ 127.601769163000085, -1.848540546999971, 0.0 ], [ 127.600576458000091, -1.845215249999967, 0.0 ], [ 127.593630217000054, -1.846657798999956, 0.0 ], [ 127.589976316000048, -1.849087703999942, 0.0 ], [ 127.59204644700003, -1.850686701999962, 0.0 ], [ 127.590135740000051, -1.853173237999954, 0.0 ], [ 127.593210004000071, -1.852114378999943, 0.0 ], [ 127.596067736, -1.852911497999969, 0.0 ], [ 127.593933360000051, -1.853898973999947, 0.0 ], [ 127.593402740000101, -1.856583006999927, 0.0 ], [ 127.582483433000107, -1.861502124999959, 0.0 ], [ 127.578105225000058, -1.866320533999954, 0.0 ], [ 127.57150222100006, -1.865214084999934, 0.0 ], [ 127.572108983000021, -1.862644265999961, 0.0 ], [ 127.574928645000114, -1.863524666999979, 0.0 ], [ 127.577406061000033, -1.860446834999948, 0.0 ], [ 127.576654150000081, -1.859590228999934, 0.0 ], [ 127.574322278000068, -1.86122729799996, 0.0 ], [ 127.572513888000117, -1.860446833999958, 0.0 ], [ 127.573189655000078, -1.85312761299997, 0.0 ], [ 127.571789695, -1.852255151999941, 0.0 ], [ 127.572885679000024, -1.849370443999931, 0.0 ], [ 127.5715960120001, -1.847152785999924, 0.0 ], [ 127.571891064000056, -1.842866662999938, 0.0 ], [ 127.574203900000043, -1.838041114999953, 0.0 ], [ 127.579571964000024, -1.834857396999951, 0.0 ], [ 127.582027568000058, -1.828368606999959, 0.0 ], [ 127.584040592000065, -1.827504862999945, 0.0 ], [ 127.583412414, -1.829560716999936, 0.0 ], [ 127.584925752000117, -1.831902106999962, 0.0 ], [ 127.587359940000056, -1.829517886999952, 0.0 ], [ 127.601915104000113, -1.822557962999952, 0.0 ], [ 127.613122364000105, -1.822093967999933, 0.0 ], [ 127.617997880000075, -1.823700103999954, 0.0 ], [ 127.632096187000116, -1.820680567999943, 0.0 ] ] ], [ [ [ 128.349389574000043, -1.601691843999959, 0.0 ], [ 128.35872135000011, -1.606620839999948, 0.0 ], [ 128.362173769000037, -1.610499567999966, 0.0 ], [ 128.36526840700003, -1.617638274999933, 0.0 ], [ 128.36512236100009, -1.628323286999944, 0.0 ], [ 128.362885985000048, -1.641337503999978, 0.0 ], [ 128.361534617000075, -1.646153001999949, 0.0 ], [ 128.358893297, -1.649598936999951, 0.0 ], [ 128.345604111000057, -1.657134413999927, 0.0 ], [ 128.337412153000059, -1.657533796999928, 0.0 ], [ 128.329874868000047, -1.663347664999947, 0.0 ], [ 128.321910907000074, -1.664752355999951, 0.0 ], [ 128.316588231000082, -1.663070212999969, 0.0 ], [ 128.29558664700005, -1.646259912999938, 0.0 ], [ 128.294746019000058, -1.64233894399996, 0.0 ], [ 128.299105008000083, -1.631150829999967, 0.0 ], [ 128.30567790200007, -1.621209005999958, 0.0 ], [ 128.313679414000035, -1.613628884999969, 0.0 ], [ 128.322058401000049, -1.608016358999976, 0.0 ], [ 128.329765866000116, -1.604701404999958, 0.0 ], [ 128.342253995000078, -1.601790083999958, 0.0 ], [ 128.349389574000043, -1.601691843999959, 0.0 ] ] ], [ [ [ 128.074515519000101, -1.577501549999965, 0.0 ], [ 128.074444136000011, -1.577979820999929, 0.0 ], [ 128.073658913000031, -1.578272494999965, 0.0 ], [ 128.074065801000074, -1.577522964999957, 0.0 ], [ 128.074515519000101, -1.577501549999965, 0.0 ] ] ], [ [ [ 128.100857635000011, -1.560864667999965, 0.0 ], [ 128.103712989000087, -1.562399419999963, 0.0 ], [ 128.10001292700008, -1.562565982999956, 0.0 ], [ 128.097145676000082, -1.564731291999976, 0.0 ], [ 128.098394893000091, -1.565445130999933, 0.0 ], [ 128.09682444900011, -1.566908498999965, 0.0 ], [ 128.098858888000109, -1.57302371399993, 0.0 ], [ 128.094706729000109, -1.577723148999951, 0.0 ], [ 128.08937013100001, -1.576360989999955, 0.0 ], [ 128.084420630000068, -1.572213980999948, 0.0 ], [ 128.08396231100005, -1.567401533999941, 0.0 ], [ 128.085285274000057, -1.566198793999945, 0.0 ], [ 128.087545850000083, -1.567353707999928, 0.0 ], [ 128.086925891000078, -1.564671805999978, 0.0 ], [ 128.088734282000019, -1.562482701999954, 0.0 ], [ 128.091363586000057, -1.560924153999963, 0.0 ], [ 128.09249383100007, -1.56180455599997, 0.0 ], [ 128.100857635000011, -1.560864667999965, 0.0 ] ] ], [ [ [ 128.065722994000112, -1.535872777999941, 0.0 ], [ 128.06747267500009, -1.53665693399995, 0.0 ], [ 128.068930203000036, -1.539560450999943, 0.0 ], [ 128.068206356000019, -1.542409998999972, 0.0 ], [ 128.059568459000047, -1.545165573999952, 0.0 ], [ 128.05738843600011, -1.54164054499995, 0.0 ], [ 128.05798153, -1.537472, 0.0 ], [ 128.060246241000073, -1.536076701999946, 0.0 ], [ 128.065722994000112, -1.535872777999941, 0.0 ] ] ], [ [ [ 128.092525053000031, -1.539894085999947, 0.0 ], [ 128.083399486000076, -1.54057015099994, 0.0 ], [ 128.080724193000037, -1.538359215999947, 0.0 ], [ 128.078696134000097, -1.533755783999936, 0.0 ], [ 128.092011981000041, -1.537741796999967, 0.0 ], [ 128.093166492000023, -1.538841121999951, 0.0 ], [ 128.092525053000031, -1.539894085999947, 0.0 ] ] ], [ [ [ 127.35641192300011, -1.527324078999925, 0.0 ], [ 127.355962204000093, -1.527374047999956, 0.0 ], [ 127.355769468000062, -1.526995713999952, 0.0 ], [ 127.356872348000024, -1.526545994999935, 0.0 ], [ 127.35641192300011, -1.527324078999925, 0.0 ] ] ], [ [ [ 128.038719994000076, -1.526567261999958, 0.0 ], [ 128.042876544000023, -1.527135405999957, 0.0 ], [ 128.046044560000041, -1.529462094999928, 0.0 ], [ 128.046885139000096, -1.532608755999945, 0.0 ], [ 128.045670180000116, -1.537986774999979, 0.0 ], [ 128.042022259000078, -1.538466556999936, 0.0 ], [ 128.037476871000081, -1.535820362999971, 0.0 ], [ 128.031425157000058, -1.52882029899996, 0.0 ], [ 128.031982750000111, -1.527552128999957, 0.0 ], [ 128.038719994000076, -1.526567261999958, 0.0 ] ] ], [ [ [ 128.750502943000015, -1.523764879999931, 0.0 ], [ 128.748956887000077, -1.523695879999934, 0.0 ], [ 128.748436731000083, -1.52236729599997, 0.0 ], [ 128.751871296000104, -1.51780464199993, 0.0 ], [ 128.752046231, -1.522053539999945, 0.0 ], [ 128.750502943000015, -1.523764879999931, 0.0 ] ] ], [ [ [ 128.001801571000101, -1.509547293999958, 0.0 ], [ 128.001601697000069, -1.509533016999967, 0.0 ], [ 128.001690927000027, -1.509311727999943, 0.0 ], [ 128.001833694000084, -1.509379541999976, 0.0 ], [ 128.001801571000101, -1.509547293999958, 0.0 ] ] ], [ [ [ 128.712425513000085, -1.508664563999957, 0.0 ], [ 128.715591255000049, -1.513937165999948, 0.0 ], [ 128.715055789000075, -1.516181213999971, 0.0 ], [ 128.712498563000054, -1.518377117999933, 0.0 ], [ 128.706796265000094, -1.516383570999949, 0.0 ], [ 128.704376693000086, -1.511972802999935, 0.0 ], [ 128.709986756000035, -1.507123941999964, 0.0 ], [ 128.712425513000085, -1.508664563999957, 0.0 ] ] ], [ [ [ 128.730485111, -1.521340318999933, 0.0 ], [ 128.72478860800004, -1.520274384999937, 0.0 ], [ 128.722612994000087, -1.514301753999973, 0.0 ], [ 128.723481890000016, -1.508556916999964, 0.0 ], [ 128.725699808000059, -1.505793758999971, 0.0 ], [ 128.728646929000092, -1.504874937999944, 0.0 ], [ 128.734961720000115, -1.506728466999959, 0.0 ], [ 128.737636591000069, -1.514958440999976, 0.0 ], [ 128.736324798000055, -1.518588253999951, 0.0 ], [ 128.730485111, -1.521340318999933, 0.0 ] ] ], [ [ [ 128.644381847000091, -1.499455195999928, 0.0 ], [ 128.646753893000096, -1.502693075999957, 0.0 ], [ 128.64493931800007, -1.508611228999939, 0.0 ], [ 128.636810101000037, -1.51236201699993, 0.0 ], [ 128.631613068000092, -1.512133733999974, 0.0 ], [ 128.630263472000024, -1.510858853999935, 0.0 ], [ 128.629669671000102, -1.505957637999927, 0.0 ], [ 128.63237593000008, -1.501787064999974, 0.0 ], [ 128.638180012000021, -1.498652280999977, 0.0 ], [ 128.644381847000091, -1.499455195999928, 0.0 ] ] ], [ [ [ 127.988252734000071, -1.487016296999968, 0.0 ], [ 127.99105058300006, -1.487510402999931, 0.0 ], [ 127.994141249000108, -1.491037623999944, 0.0 ], [ 127.998487753000063, -1.500374223999927, 0.0 ], [ 127.997290722000116, -1.503817430999959, 0.0 ], [ 127.993720330000087, -1.504812177999952, 0.0 ], [ 127.989058751000016, -1.501296243999946, 0.0 ], [ 127.989126787000032, -1.497980072999951, 0.0 ], [ 127.985868119000088, -1.493320951999976, 0.0 ], [ 127.984964485000091, -1.488489246999961, 0.0 ], [ 127.988252734000071, -1.487016296999968, 0.0 ] ] ], [ [ [ 127.395673404000036, -1.483530920999954, 0.0 ], [ 127.395825690000038, -1.485772372999975, 0.0 ], [ 127.395207030000051, -1.484173375999944, 0.0 ], [ 127.393907844000069, -1.488047137999956, 0.0 ], [ 127.395997011000077, -1.48791388799998, 0.0 ], [ 127.397862508000117, -1.490393286999961, 0.0 ], [ 127.401012915000024, -1.490233862999958, 0.0 ], [ 127.407701579000104, -1.493524656999966, 0.0 ], [ 127.407780102000061, -1.495894600999975, 0.0 ], [ 127.410563658000115, -1.500722225999937, 0.0 ], [ 127.407629783000061, -1.500593735999928, 0.0 ], [ 127.40455857500001, -1.503331248999928, 0.0 ], [ 127.39888222400009, -1.499310998999931, 0.0 ], [ 127.399717414000065, -1.502059275999954, 0.0 ], [ 127.404529864000096, -1.507484854999973, 0.0 ], [ 127.404538863000084, -1.509752280999976, 0.0 ], [ 127.403532351000081, -1.510380457999929, 0.0 ], [ 127.398778188000051, -1.506751779999945, 0.0 ], [ 127.395987080000054, -1.508472129999973, 0.0 ], [ 127.396372553000106, -1.512105567999924, 0.0 ], [ 127.399089897000067, -1.516533744999947, 0.0 ], [ 127.396253186000081, -1.521833176999962, 0.0 ], [ 127.39586277, -1.525237320999963, 0.0 ], [ 127.394143677000102, -1.523749172999942, 0.0 ], [ 127.385393613000019, -1.521896476999927, 0.0 ], [ 127.378044709000051, -1.521756982999932, 0.0 ], [ 127.377199269000016, -1.515848759999926, 0.0 ], [ 127.379545417000031, -1.51226053299996, 0.0 ], [ 127.378217678000055, -1.50629760399994, 0.0 ], [ 127.381615549000117, -1.501905118999957, 0.0 ], [ 127.381073582000113, -1.494206610999925, 0.0 ], [ 127.384970588000101, -1.492020837999974, 0.0 ], [ 127.386679041000093, -1.488128038999946, 0.0 ], [ 127.391157188000079, -1.483621340999946, 0.0 ], [ 127.395673404000036, -1.483530920999954, 0.0 ] ] ], [ [ [ 127.414806274000057, -1.480690212999946, 0.0 ], [ 127.414463633000082, -1.480718765999939, 0.0 ], [ 127.414320865000036, -1.480633105999971, 0.0 ], [ 127.414606400000025, -1.480490337999925, 0.0 ], [ 127.414806274000057, -1.480690212999946, 0.0 ] ] ], [ [ [ 128.668061204000082, -1.478161124999929, 0.0 ], [ 128.668620377000025, -1.478666759999953, 0.0 ], [ 128.667460390000088, -1.478952294999942, 0.0 ], [ 128.668150433000051, -1.478446659999975, 0.0 ], [ 128.668061204000082, -1.478161124999929, 0.0 ] ] ], [ [ [ 127.963444659000061, -1.46915239599997, 0.0 ], [ 127.968465322000043, -1.471769802999972, 0.0 ], [ 127.969072084000118, -1.473625782999932, 0.0 ], [ 127.959423370000081, -1.470127975999958, 0.0 ], [ 127.956663196000022, -1.466665859999978, 0.0 ], [ 127.963444659000061, -1.46915239599997, 0.0 ] ] ], [ [ [ 127.465474470000117, -1.43325619899997, 0.0 ], [ 127.464636649000113, -1.43358290599997, 0.0 ], [ 127.464214767000044, -1.432501800999944, 0.0 ], [ 127.4662172190001, -1.432828508999933, 0.0 ], [ 127.465474470000117, -1.43325619899997, 0.0 ] ] ], [ [ [ 127.423926146000099, -1.428654627999947, 0.0 ], [ 127.424789890000056, -1.429425572999946, 0.0 ], [ 127.42483272100003, -1.42980390799994, 0.0 ], [ 127.423811932000035, -1.429832461999979, 0.0 ], [ 127.423926146000099, -1.428654627999947, 0.0 ] ] ], [ [ [ 127.844222935000062, -1.427803220999976, 0.0 ], [ 127.846688057000051, -1.430154128999959, 0.0 ], [ 127.845213832000013, -1.433716777999962, 0.0 ], [ 127.841959344000088, -1.431578807999927, 0.0 ], [ 127.842600632000085, -1.42871125399995, 0.0 ], [ 127.844222935000062, -1.427803220999976, 0.0 ] ] ], [ [ [ 127.282025377000082, -1.419714054999929, 0.0 ], [ 127.281262425000023, -1.421638668999947, 0.0 ], [ 127.279494088000092, -1.42177410499994, 0.0 ], [ 127.280520864000096, -1.419642772999964, 0.0 ], [ 127.282025377000082, -1.419714054999929, 0.0 ] ] ], [ [ [ 127.875249600000075, -1.41912005699993, 0.0 ], [ 127.879092431000117, -1.42289150199997, 0.0 ], [ 127.871311592000097, -1.42611567199998, 0.0 ], [ 127.868123115000117, -1.431873967999934, 0.0 ], [ 127.865351043000032, -1.428138213999944, 0.0 ], [ 127.866897693000055, -1.423331701999928, 0.0 ], [ 127.870526371000096, -1.419167645999948, 0.0 ], [ 127.875249600000075, -1.41912005699993, 0.0 ] ] ], [ [ [ 127.394943903000012, -1.412483020999957, 0.0 ], [ 127.394758305000096, -1.412483020999957, 0.0 ], [ 127.394691680000051, -1.412183208999977, 0.0 ], [ 127.39486300100009, -1.412145137999971, 0.0 ], [ 127.394943903000012, -1.412483020999957, 0.0 ] ] ], [ [ [ 127.523487172000046, -1.395778207999967, 0.0 ], [ 127.523154155000043, -1.395569709999961, 0.0 ], [ 127.523091776000115, -1.394528225999977, 0.0 ], [ 127.523991915000011, -1.394945371999938, 0.0 ], [ 127.523487172000046, -1.395778207999967, 0.0 ] ] ], [ [ [ 128.935529521000035, -1.392752301999963, 0.0 ], [ 128.936037291000048, -1.392678074999935, 0.0 ], [ 128.9368483290001, -1.393108973999972, 0.0 ], [ 128.93572567800004, -1.394016176999969, 0.0 ], [ 128.934443722000083, -1.393068213999925, 0.0 ], [ 128.935529521000035, -1.392752301999963, 0.0 ] ] ], [ [ [ 127.869494385000053, -1.386081622999939, 0.0 ], [ 127.869025226000076, -1.385776344999954, 0.0 ], [ 127.868744210000045, -1.384585054999945, 0.0 ], [ 127.869386473000077, -1.385260835999929, 0.0 ], [ 127.869494385000053, -1.386081622999939, 0.0 ] ] ], [ [ [ 128.909055900000112, -1.380055323999954, 0.0 ], [ 128.908927410000047, -1.380029149999928, 0.0 ], [ 128.908953583000084, -1.379919693999966, 0.0 ], [ 128.909060659000033, -1.379948247999948, 0.0 ], [ 128.909055900000112, -1.380055323999954, 0.0 ] ] ], [ [ [ 128.909669802000053, -1.379381936999948, 0.0 ], [ 128.909572243000071, -1.379891140999973, 0.0 ], [ 128.909077316000094, -1.379715060999956, 0.0 ], [ 128.909134423000069, -1.379315310999971, 0.0 ], [ 128.909669802000053, -1.379381936999948, 0.0 ] ] ], [ [ [ 128.924432369000101, -1.378860902999975, 0.0 ], [ 128.928511135, -1.38135531699993, 0.0 ], [ 128.930243164000103, -1.385572932999935, 0.0 ], [ 128.929517277000059, -1.389123517999963, 0.0 ], [ 128.922236127000019, -1.396821073999945, 0.0 ], [ 128.916467072000046, -1.398447767999926, 0.0 ], [ 128.910609466000096, -1.390243630999976, 0.0 ], [ 128.911779882000019, -1.384230559999935, 0.0 ], [ 128.916030493000108, -1.379060777999939, 0.0 ], [ 128.919442640000057, -1.380973863999941, 0.0 ], [ 128.921370891000038, -1.379254321999952, 0.0 ], [ 128.924432369000101, -1.378860902999975, 0.0 ] ] ], [ [ [ 128.910756144000061, -1.377843971999937, 0.0 ], [ 128.910591961000023, -1.37757271299995, 0.0 ], [ 128.911041680000039, -1.377001642999971, 0.0 ], [ 128.911305800000036, -1.377526312999976, 0.0 ], [ 128.910756144000061, -1.377843971999937, 0.0 ] ] ], [ [ [ 128.910866789000011, -1.377023056999974, 0.0 ], [ 128.910773990000052, -1.377058748999957, 0.0 ], [ 128.910891774000106, -1.376805336999951, 0.0 ], [ 128.910920327000099, -1.37694096599995, 0.0 ], [ 128.910866789000011, -1.377023056999974, 0.0 ] ] ], [ [ [ 127.393222908000098, -1.374996658999976, 0.0 ], [ 127.394135599000037, -1.376999721999937, 0.0 ], [ 127.396952103000103, -1.37684289799995, 0.0 ], [ 127.396989987000097, -1.379261016999976, 0.0 ], [ 127.390840270000012, -1.379468030999931, 0.0 ], [ 127.390570403000083, -1.376557764999973, 0.0 ], [ 127.391975090000074, -1.374191156999927, 0.0 ], [ 127.390547265, -1.371426982999935, 0.0 ], [ 127.391169356000091, -1.370341849999932, 0.0 ], [ 127.393222908000098, -1.374996658999976, 0.0 ] ] ], [ [ [ 127.343668714000046, -1.364418403999935, 0.0 ], [ 127.347303342000032, -1.365212548999978, 0.0 ], [ 127.349673879000079, -1.369903061999935, 0.0 ], [ 127.351514987000087, -1.370682334999969, 0.0 ], [ 127.349660792, -1.375143228999946, 0.0 ], [ 127.348556722000012, -1.37474347999995, 0.0 ], [ 127.349955845000068, -1.376275852999925, 0.0 ], [ 127.347425353000062, -1.38247070999995, 0.0 ], [ 127.348081259000082, -1.384059926999953, 0.0 ], [ 127.351146004000043, -1.382080214999974, 0.0 ], [ 127.353901420000057, -1.376759739999954, 0.0 ], [ 127.357727594000039, -1.378553852999971, 0.0 ], [ 127.358141619000094, -1.380167127999925, 0.0 ], [ 127.359930974, -1.379058298999951, 0.0 ], [ 127.360368795000113, -1.377592550999964, 0.0 ], [ 127.358431914000107, -1.374746715999947, 0.0 ], [ 127.360102295000047, -1.371458300999961, 0.0 ], [ 127.358255834000033, -1.369159740999976, 0.0 ], [ 127.360782821000043, -1.365081345999954, 0.0 ], [ 127.362615006000055, -1.365861808999966, 0.0 ], [ 127.364359056000012, -1.370136351999975, 0.0 ], [ 127.364794592000067, -1.375541455999951, 0.0 ], [ 127.367501025000024, -1.377593030999947, 0.0 ], [ 127.372669131000066, -1.374812874999975, 0.0 ], [ 127.374853475, -1.369801729999949, 0.0 ], [ 127.377359048000017, -1.369944497999938, 0.0 ], [ 127.381142391000026, -1.36781012199998, 0.0 ], [ 127.384069128000078, -1.373428028999967, 0.0 ], [ 127.383026924000092, -1.379352886999925, 0.0 ], [ 127.371898653000017, -1.380361942999969, 0.0 ], [ 127.372626768000032, -1.385208904999956, 0.0 ], [ 127.37481183500006, -1.38499220999995, 0.0 ], [ 127.377488729000106, -1.388318695999942, 0.0 ], [ 127.382272926000041, -1.389617044999966, 0.0 ], [ 127.385298120000016, -1.389501287999963, 0.0 ], [ 127.388731682000071, -1.387466848999964, 0.0 ], [ 127.392572132000055, -1.387995088999958, 0.0 ], [ 127.392225746, -1.393118309999977, 0.0 ], [ 127.399255486000015, -1.401085402999968, 0.0 ], [ 127.399131754000109, -1.405368432999978, 0.0 ], [ 127.39402395400009, -1.407773455999973, 0.0 ], [ 127.393306616000018, -1.41056770199998, 0.0 ], [ 127.39431915800003, -1.41222165399995, 0.0 ], [ 127.387425852000092, -1.415774007999971, 0.0 ], [ 127.382750207000072, -1.420396108999967, 0.0 ], [ 127.377042564000021, -1.42279997199995, 0.0 ], [ 127.374867597000048, -1.425699935999944, 0.0 ], [ 127.365892600000052, -1.425520171999949, 0.0 ], [ 127.356434213000057, -1.428187342999934, 0.0 ], [ 127.351493714000071, -1.433520471999941, 0.0 ], [ 127.344860510000103, -1.433738816999949, 0.0 ], [ 127.341093335000096, -1.435355651999942, 0.0 ], [ 127.33830626800011, -1.441903024999931, 0.0 ], [ 127.3351155040001, -1.44309175099994, 0.0 ], [ 127.334582506000061, -1.444695507999938, 0.0 ], [ 127.331068042000084, -1.446841780999932, 0.0 ], [ 127.329511874000104, -1.450263445999951, 0.0 ], [ 127.332391022000024, -1.453661316999955, 0.0 ], [ 127.327846251000096, -1.453937333999932, 0.0 ], [ 127.327199038000117, -1.454970019999962, 0.0 ], [ 127.325866540000106, -1.454218110999932, 0.0 ], [ 127.324833854000076, -1.446113666999963, 0.0 ], [ 127.320584169000085, -1.443556317999935, 0.0 ], [ 127.318230056000061, -1.437459339999975, 0.0 ], [ 127.31112539500009, -1.435070490999976, 0.0 ], [ 127.30355187300006, -1.435705262999932, 0.0 ], [ 127.300018895000107, -1.433748333999972, 0.0 ], [ 127.297742981000056, -1.434460211999976, 0.0 ], [ 127.293697228000042, -1.43267719399995, 0.0 ], [ 127.294443986000033, -1.430858113999932, 0.0 ], [ 127.293103472000098, -1.42660021699993, 0.0 ], [ 127.286096674000078, -1.418293494999944, 0.0 ], [ 127.283234143000072, -1.417769869999972, 0.0 ], [ 127.281516172000011, -1.414714641999979, 0.0 ], [ 127.284395699000015, -1.412416669999971, 0.0 ], [ 127.285423626000011, -1.406910596999978, 0.0 ], [ 127.29006357500009, -1.40714378399997, 0.0 ], [ 127.293580418000033, -1.404673903999935, 0.0 ], [ 127.298772402000054, -1.404631073999951, 0.0 ], [ 127.301366015000099, -1.400838212999929, 0.0 ], [ 127.307192312000097, -1.396618255999954, 0.0 ], [ 127.314742176000095, -1.39703981699995, 0.0 ], [ 127.320286321000026, -1.39283293099993, 0.0 ], [ 127.32052426700011, -1.389182836999964, 0.0 ], [ 127.315051506000032, -1.379798243999971, 0.0 ], [ 127.318772983000031, -1.376733496999975, 0.0 ], [ 127.31966766100004, -1.36861001699998, 0.0 ], [ 127.322242237000069, -1.365849842999978, 0.0 ], [ 127.327615060000085, -1.365892672999962, 0.0 ], [ 127.327529399000014, -1.368472008999959, 0.0 ], [ 127.324978617000056, -1.370618282999942, 0.0 ], [ 127.328071917000102, -1.374192232999974, 0.0 ], [ 127.326796692000016, -1.381258834999926, 0.0 ], [ 127.330338691000065, -1.380199043999937, 0.0 ], [ 127.331051168000045, -1.382201101999954, 0.0 ], [ 127.334141069000111, -1.384320269999932, 0.0 ], [ 127.335421219000068, -1.388703236999959, 0.0 ], [ 127.341369561000079, -1.386843633999945, 0.0 ], [ 127.341726479000044, -1.383950208999977, 0.0 ], [ 127.33998947300006, -1.383525475999932, 0.0 ], [ 127.337511859000074, -1.378864705999945, 0.0 ], [ 127.338279236000062, -1.375120029999948, 0.0 ], [ 127.341592635000097, -1.373195640999938, 0.0 ], [ 127.340795515000082, -1.368225540999958, 0.0 ], [ 127.34228565300009, -1.364697990999957, 0.0 ], [ 127.343668714000046, -1.364418403999935, 0.0 ] ] ], [ [ [ 127.708877058000098, -1.333768435999957, 0.0 ], [ 127.70813371700001, -1.333081223999955, 0.0 ], [ 127.709504594, -1.331873620999943, 0.0 ], [ 127.709781761000045, -1.333209129999943, 0.0 ], [ 127.708877058000098, -1.333768435999957, 0.0 ] ] ], [ [ [ 127.642757291000066, -1.33095697899995, 0.0 ], [ 127.651958667000031, -1.332072945999926, 0.0 ], [ 127.655105060000096, -1.338337426999942, 0.0 ], [ 127.653657603000056, -1.338683088999971, 0.0 ], [ 127.654252467000106, -1.341662173999964, 0.0 ], [ 127.659887031000039, -1.346525791999966, 0.0 ], [ 127.663694169000109, -1.345926166999959, 0.0 ], [ 127.667988668000021, -1.347513596999931, 0.0 ], [ 127.668692988000089, -1.348903202999963, 0.0 ], [ 127.669530558000019, -1.34509606499995, 0.0 ], [ 127.665941125000018, -1.340436110999974, 0.0 ], [ 127.665584165000041, -1.33728900899996, 0.0 ], [ 127.668464554000025, -1.332566434999933, 0.0 ], [ 127.672240217000081, -1.331732870999929, 0.0 ], [ 127.674548544000118, -1.332216934999963, 0.0 ], [ 127.677418175000071, -1.337104348999958, 0.0 ], [ 127.680202144000077, -1.338608167999951, 0.0 ], [ 127.68143855400001, -1.341121395999949, 0.0 ], [ 127.680053708000059, -1.343534168999952, 0.0 ], [ 127.682994722000103, -1.34712477599993, 0.0 ], [ 127.684101172000055, -1.34477624799996, 0.0 ], [ 127.686792342000103, -1.347838613999954, 0.0 ], [ 127.691032541000027, -1.34778864599997, 0.0 ], [ 127.690097413000103, -1.349037862999978, 0.0 ], [ 127.69192483900008, -1.350758212999949, 0.0 ], [ 127.690597100000105, -1.352599915999974, 0.0 ], [ 127.692395972000099, -1.352621330999966, 0.0 ], [ 127.693315988000109, -1.349535186999958, 0.0 ], [ 127.695820950000098, -1.351430687999937, 0.0 ], [ 127.696322404000057, -1.349468330999969, 0.0 ], [ 127.69854212000007, -1.352499977999969, 0.0 ], [ 127.701939991000017, -1.353006803999961, 0.0 ], [ 127.702311187000078, -1.348902232999933, 0.0 ], [ 127.704160493000018, -1.348339505999945, 0.0 ], [ 127.701881890000095, -1.346778204999964, 0.0 ], [ 127.701814353000032, -1.343821652999964, 0.0 ], [ 127.699633479000113, -1.344282120999935, 0.0 ], [ 127.697904852000079, -1.341568749999965, 0.0 ], [ 127.699757684000019, -1.339321480999956, 0.0 ], [ 127.702494064, -1.33934527699995, 0.0 ], [ 127.706672398000023, -1.336099691999948, 0.0 ], [ 127.723095438000087, -1.343383815999971, 0.0 ], [ 127.732184979000067, -1.34403816799994, 0.0 ], [ 127.737059900000077, -1.350468661999969, 0.0 ], [ 127.747163215000114, -1.354244052999945, 0.0 ], [ 127.750874005000014, -1.35713297999996, 0.0 ], [ 127.757590112000116, -1.352790981999931, 0.0 ], [ 127.76004621900006, -1.353144110999949, 0.0 ], [ 127.762550643000054, -1.35900087899995, 0.0 ], [ 127.764784812000016, -1.360417404999964, 0.0 ], [ 127.766114049000066, -1.363317639999934, 0.0 ], [ 127.768731045000095, -1.362573259999976, 0.0 ], [ 127.771305739000013, -1.364100132999965, 0.0 ], [ 127.773861726000064, -1.365999629999976, 0.0 ], [ 127.774895514000036, -1.370486407999977, 0.0 ], [ 127.77981623900007, -1.372394734999943, 0.0 ], [ 127.779825758000015, -1.375559418999956, 0.0 ], [ 127.776565896000079, -1.37960450199995, 0.0 ], [ 127.77922137500002, -1.379061984999964, 0.0 ], [ 127.78595524900004, -1.371214521999946, 0.0 ], [ 127.792428659000052, -1.372460028999967, 0.0 ], [ 127.79375493900011, -1.375197254999932, 0.0 ], [ 127.793589845000042, -1.381169587999977, 0.0 ], [ 127.788839475000032, -1.389650432999929, 0.0 ], [ 127.792495999000039, -1.389648247999958, 0.0 ], [ 127.793611745000021, -1.390905097999962, 0.0 ], [ 127.798009712000066, -1.408484904999966, 0.0 ], [ 127.800915239000119, -1.413861447999977, 0.0 ], [ 127.810431575000052, -1.417050079999967, 0.0 ], [ 127.817098825000016, -1.414594475999934, 0.0 ], [ 127.82081792200006, -1.417642565999927, 0.0 ], [ 127.824094439000078, -1.417821024999967, 0.0 ], [ 127.831668264000086, -1.424010003999967, 0.0 ], [ 127.839506209000092, -1.425587585999949, 0.0 ], [ 127.83907992200011, -1.42968743299997, 0.0 ], [ 127.834565033000104, -1.431838933999927, 0.0 ], [ 127.83621481900002, -1.433509406999974, 0.0 ], [ 127.834956680000118, -1.433664070999953, 0.0 ], [ 127.835453115000064, -1.436121305999961, 0.0 ], [ 127.837401305000071, -1.434786310999925, 0.0 ], [ 127.842279362000113, -1.435028467999928, 0.0 ], [ 127.848702667000111, -1.439095745999964, 0.0 ], [ 127.849944746000119, -1.438046403999977, 0.0 ], [ 127.856140862000075, -1.438781657999925, 0.0 ], [ 127.860545244000036, -1.435355233999928, 0.0 ], [ 127.869589575000077, -1.43570501399995, 0.0 ], [ 127.873915436000061, -1.438496121999947, 0.0 ], [ 127.878551478000077, -1.439256279999938, 0.0 ], [ 127.880991538000103, -1.436935533999929, 0.0 ], [ 127.885097654000106, -1.427150643999937, 0.0 ], [ 127.886946495000075, -1.42548026299994, 0.0 ], [ 127.890216740000028, -1.425431791999927, 0.0 ], [ 127.893556342000011, -1.426415756999972, 0.0 ], [ 127.896777249000024, -1.431389003999925, 0.0 ], [ 127.908353515000044, -1.436086488999933, 0.0 ], [ 127.911016516000018, -1.438764834999972, 0.0 ], [ 127.912186835000057, -1.438251586999968, 0.0 ], [ 127.918227057000081, -1.441753933999962, 0.0 ], [ 127.922481823000112, -1.442277635999972, 0.0 ], [ 127.935505683000088, -1.448606702999939, 0.0 ], [ 127.945422940000071, -1.45892239799997, 0.0 ], [ 127.945965457000057, -1.460828344999925, 0.0 ], [ 127.949934398000096, -1.462891337999963, 0.0 ], [ 127.955195386000014, -1.472920765999959, 0.0 ], [ 127.960694320000016, -1.476078310999981, 0.0 ], [ 127.966434979000041, -1.477062140999976, 0.0 ], [ 127.978137831000026, -1.484143, 0.0 ], [ 127.981861688000095, -1.490650826999968, 0.0 ], [ 127.982194812000103, -1.495338364999952, 0.0 ], [ 127.989993450000043, -1.504634683999939, 0.0 ], [ 127.989396251000016, -1.507905465999954, 0.0 ], [ 127.99167577500009, -1.512321745999941, 0.0 ], [ 127.995230224000011, -1.512416730999973, 0.0 ], [ 127.998659518000068, -1.517284908999954, 0.0 ], [ 127.99678300700009, -1.513537420999967, 0.0 ], [ 127.997691864000103, -1.510136238999962, 0.0 ], [ 128.000718916000096, -1.508982590999949, 0.0 ], [ 128.000861683000039, -1.510898056999963, 0.0 ], [ 128.00376462600002, -1.514479145999928, 0.0 ], [ 128.001873744000022, -1.510148578999974, 0.0 ], [ 128.003229247000036, -1.50911346099997, 0.0 ], [ 128.011840309000036, -1.516225309999925, 0.0 ], [ 128.016917374000059, -1.524615366999967, 0.0 ], [ 128.012104804000046, -1.530383972999971, 0.0 ], [ 128.019352717000061, -1.52684992099995, 0.0 ], [ 128.037731446000066, -1.540201710999952, 0.0 ], [ 128.040906053000072, -1.544267325999954, 0.0 ], [ 128.045223185000054, -1.546025197999938, 0.0 ], [ 128.045255872000098, -1.550716640999951, 0.0 ], [ 128.046435455000051, -1.551949510999975, 0.0 ], [ 128.048154879000094, -1.55110339099997, 0.0 ], [ 128.05102786000009, -1.553392850999955, 0.0 ], [ 128.05126580600006, -1.557485523999958, 0.0 ], [ 128.053045643000019, -1.558522968999966, 0.0 ], [ 128.052693483000098, -1.559922091999965, 0.0 ], [ 128.05594858500001, -1.560302805999925, 0.0 ], [ 128.058594546000108, -1.564424031999977, 0.0 ], [ 128.058442260000106, -1.566108689999965, 0.0 ], [ 128.070942968000054, -1.564894529999947, 0.0 ], [ 128.07807915, -1.566575200999978, 0.0 ], [ 128.081189907000066, -1.571055589999958, 0.0 ], [ 128.081147077000082, -1.574182201999974, 0.0 ], [ 128.076914016000046, -1.575774060999947, 0.0 ], [ 128.075067402000059, -1.574781807999955, 0.0 ], [ 128.07176559200002, -1.579494473999944, 0.0 ], [ 128.073790856000073, -1.579112941999938, 0.0 ], [ 128.077830932000097, -1.581384407999963, 0.0 ], [ 128.080990033000035, -1.576816264999934, 0.0 ], [ 128.083559850000029, -1.578643690999968, 0.0 ], [ 128.084107126000049, -1.58180837499998, 0.0 ], [ 128.090008190000049, -1.583688147999965, 0.0 ], [ 128.093672560000073, -1.579488399999946, 0.0 ], [ 128.101025094000079, -1.578203490999954, 0.0 ], [ 128.100572997000086, -1.576002488999961, 0.0 ], [ 128.104228133000106, -1.573021580999978, 0.0 ], [ 128.11093014700009, -1.56036028699998, 0.0 ], [ 128.120176732000118, -1.565399985999932, 0.0 ], [ 128.125640154000052, -1.57024720499993, 0.0 ], [ 128.140969095000059, -1.58962454999994, 0.0 ], [ 128.158402301000024, -1.605035838999925, 0.0 ], [ 128.165755429000114, -1.617669373999945, 0.0 ], [ 128.167846705000102, -1.638293135999959, 0.0 ], [ 128.161745765000092, -1.666566306999925, 0.0 ], [ 128.156262218000052, -1.682985246999976, 0.0 ], [ 128.148292741000091, -1.68755454099994, 0.0 ], [ 128.135973147000072, -1.690121451999971, 0.0 ], [ 128.123781096000016, -1.697145554999963, 0.0 ], [ 128.110179599000048, -1.701607465999928, 0.0 ], [ 128.1007118980001, -1.714283165999973, 0.0 ], [ 128.088610393000067, -1.721391880999931, 0.0 ], [ 128.085029463000069, -1.721392869999931, 0.0 ], [ 128.080554230000075, -1.716173297999944, 0.0 ], [ 128.07537951900008, -1.715313764999962, 0.0 ], [ 128.07186119000005, -1.715443354999934, 0.0 ], [ 128.064240816000051, -1.71884838699998, 0.0 ], [ 128.038796918000116, -1.717646038999931, 0.0 ], [ 128.030544883000061, -1.721672349999949, 0.0 ], [ 128.024030175, -1.726679174999958, 0.0 ], [ 128.015639641, -1.722525472999962, 0.0 ], [ 128.012346117000106, -1.718998449999958, 0.0 ], [ 128.008934457, -1.720010299999956, 0.0 ], [ 128.002823644000046, -1.711488885999927, 0.0 ], [ 127.98820274600007, -1.702033821999976, 0.0 ], [ 127.979952124000079, -1.698784542999931, 0.0 ], [ 127.969380278000017, -1.696780917999945, 0.0 ], [ 127.967757486000096, -1.697437648999937, 0.0 ], [ 127.962934779000079, -1.695652203999941, 0.0 ], [ 127.952689526000086, -1.696215629999926, 0.0 ], [ 127.941752982000025, -1.69207875099994, 0.0 ], [ 127.92424702400001, -1.688004046999936, 0.0 ], [ 127.905552054000054, -1.684306663999962, 0.0 ], [ 127.900889873000096, -1.685255938999944, 0.0 ], [ 127.88966060100006, -1.682696233999934, 0.0 ], [ 127.882276737000097, -1.68483320799993, 0.0 ], [ 127.8724198970001, -1.692165633999934, 0.0 ], [ 127.865188198000055, -1.693186692999973, 0.0 ], [ 127.855410229000086, -1.697738804999972, 0.0 ], [ 127.848539935000076, -1.697777032999966, 0.0 ], [ 127.843630173000065, -1.694092161999947, 0.0 ], [ 127.839393654000105, -1.693347078999977, 0.0 ], [ 127.828715467000052, -1.698547409999946, 0.0 ], [ 127.816396997000084, -1.700722237999969, 0.0 ], [ 127.813549235000096, -1.699024578999968, 0.0 ], [ 127.797896269000034, -1.695438184999944, 0.0 ], [ 127.791084283000032, -1.695706881999968, 0.0 ], [ 127.772363881000047, -1.688540586999977, 0.0 ], [ 127.763895417000072, -1.689742490999947, 0.0 ], [ 127.755762813000047, -1.686735472999942, 0.0 ], [ 127.747791207000091, -1.687226530999965, 0.0 ], [ 127.741516426000089, -1.694408651999936, 0.0 ], [ 127.735736525000107, -1.69562110399994, 0.0 ], [ 127.732606836000059, -1.693699331999937, 0.0 ], [ 127.728401707000103, -1.687372497999945, 0.0 ], [ 127.72071001200004, -1.686139967999964, 0.0 ], [ 127.715313394000077, -1.686763385999939, 0.0 ], [ 127.704828895000105, -1.690061913999955, 0.0 ], [ 127.697347869000055, -1.695929664999937, 0.0 ], [ 127.691807294000114, -1.703346444999966, 0.0 ], [ 127.684730777000027, -1.705178629999978, 0.0 ], [ 127.679434097000012, -1.703427346999945, 0.0 ], [ 127.673837605000017, -1.70601144099993, 0.0 ], [ 127.670216065000091, -1.710432479999952, 0.0 ], [ 127.670504749000088, -1.715846082999974, 0.0 ], [ 127.668557938000049, -1.723405776999925, 0.0 ], [ 127.661738402000083, -1.727322369999968, 0.0 ], [ 127.656903338, -1.728021931999933, 0.0 ], [ 127.652053996000063, -1.730572713999948, 0.0 ], [ 127.6455910520001, -1.730251136999925, 0.0 ], [ 127.635229690000074, -1.724312001999976, 0.0 ], [ 127.631398758000046, -1.72068094499997, 0.0 ], [ 127.626011658000039, -1.718844000999979, 0.0 ], [ 127.62131936000003, -1.720709497999962, 0.0 ], [ 127.617017295000096, -1.717344940999965, 0.0 ], [ 127.612515355000028, -1.719515008999963, 0.0 ], [ 127.609521993000044, -1.72281770099994, 0.0 ], [ 127.607700516000023, -1.731064912999955, 0.0 ], [ 127.605887366000047, -1.734067791999962, 0.0 ], [ 127.597235646000058, -1.737813063999965, 0.0 ], [ 127.582597202000102, -1.732830472999979, 0.0 ], [ 127.566164644000082, -1.734952951999958, 0.0 ], [ 127.554362517000072, -1.733539551999968, 0.0 ], [ 127.525471102000097, -1.724649885999952, 0.0 ], [ 127.517190578000054, -1.726148945999967, 0.0 ], [ 127.514511436000021, -1.725154607999968, 0.0 ], [ 127.50487691100011, -1.72566108999996, 0.0 ], [ 127.497424439000042, -1.723895529999936, 0.0 ], [ 127.495525629000099, -1.716195593999942, 0.0 ], [ 127.489562700000079, -1.708847817999924, 0.0 ], [ 127.482283334000044, -1.703078219999952, 0.0 ], [ 127.47062397500008, -1.696933261999959, 0.0 ], [ 127.458661963000054, -1.692554934999976, 0.0 ], [ 127.433873200000107, -1.679296696999927, 0.0 ], [ 127.431160614000078, -1.674851863999947, 0.0 ], [ 127.424583784000106, -1.668674782999972, 0.0 ], [ 127.424257441, -1.661836335999965, 0.0 ], [ 127.422744103000014, -1.658605026999965, 0.0 ], [ 127.420193321000056, -1.658314732999941, 0.0 ], [ 127.416432628000052, -1.663054736999925, 0.0 ], [ 127.412071076000075, -1.663697190999926, 0.0 ], [ 127.408901634000017, -1.662462250999965, 0.0 ], [ 127.407776943000044, -1.657022118999976, 0.0 ], [ 127.403476463000061, -1.651580975999934, 0.0 ], [ 127.403576401, -1.643678785999953, 0.0 ], [ 127.398761912000055, -1.628678942999954, 0.0 ], [ 127.396020773000032, -1.623824842999966, 0.0 ], [ 127.391878132000102, -1.620277065999971, 0.0 ], [ 127.392216015000031, -1.617416953999964, 0.0 ], [ 127.396541875000025, -1.612876941999957, 0.0 ], [ 127.400477504000037, -1.604953337999973, 0.0 ], [ 127.408020395000108, -1.58392841999995, 0.0 ], [ 127.411507828000026, -1.569593700999974, 0.0 ], [ 127.410771686000089, -1.567463738999948, 0.0 ], [ 127.412292525000112, -1.564762634999965, 0.0 ], [ 127.410001568000098, -1.556954209999958, 0.0 ], [ 127.411141996000083, -1.549802734999957, 0.0 ], [ 127.410488026000053, -1.544977437999933, 0.0 ], [ 127.408565156, -1.54206342599997, 0.0 ], [ 127.402629436000097, -1.537846289999948, 0.0 ], [ 127.405074067000101, -1.532148968999934, 0.0 ], [ 127.408452901000032, -1.529112775999977, 0.0 ], [ 127.406193594000115, -1.52475644499998, 0.0 ], [ 127.410602527000037, -1.521376259999954, 0.0 ], [ 127.411397109000063, -1.516920918999972, 0.0 ], [ 127.414255405000063, -1.514156928999967, 0.0 ], [ 127.417743523000013, -1.507231070999978, 0.0 ], [ 127.424275815000101, -1.503110013999958, 0.0 ], [ 127.428490946000011, -1.502278650999926, 0.0 ], [ 127.431342437000012, -1.499385177999955, 0.0 ], [ 127.432246633000091, -1.495630388999928, 0.0 ], [ 127.430657152000094, -1.494516801999964, 0.0 ], [ 127.427606578000109, -1.498662534999937, 0.0 ], [ 127.427677962000075, -1.496925528999952, 0.0 ], [ 127.424893992000079, -1.496521019999932, 0.0 ], [ 127.42458952700008, -1.495130701999926, 0.0 ], [ 127.420910880000065, -1.496239530999958, 0.0 ], [ 127.418745570000056, -1.494707157999926, 0.0 ], [ 127.418959722000068, -1.492075473999932, 0.0 ], [ 127.416256654000108, -1.48835399799998, 0.0 ], [ 127.418769366000106, -1.483271467999941, 0.0 ], [ 127.418726535000019, -1.48190565799996, 0.0 ], [ 127.416142440000044, -1.480354248999959, 0.0 ], [ 127.416794413000048, -1.477617868999971, 0.0 ], [ 127.419397543000059, -1.472264081999924, 0.0 ], [ 127.432511273000046, -1.469326987999978, 0.0 ], [ 127.432339952, -1.466647714999965, 0.0 ], [ 127.42834721600002, -1.465162931999942, 0.0 ], [ 127.428437635000023, -1.458200628999975, 0.0 ], [ 127.43407219900007, -1.456620666999925, 0.0 ], [ 127.434376770000085, -1.455078775999937, 0.0 ], [ 127.432920540000055, -1.453513090999934, 0.0 ], [ 127.434866939000017, -1.451585726999951, 0.0 ], [ 127.43852655000012, -1.452385225999933, 0.0 ], [ 127.436270821000107, -1.447402633999957, 0.0 ], [ 127.439464058000112, -1.445484788999977, 0.0 ], [ 127.43924038900002, -1.442567569999937, 0.0 ], [ 127.444119414000056, -1.433829790999937, 0.0 ], [ 127.443482908000078, -1.432770930999936, 0.0 ], [ 127.436564198000042, -1.43724694399998, 0.0 ], [ 127.433185196000068, -1.437070616999961, 0.0 ], [ 127.429484935000119, -1.433457007999948, 0.0 ], [ 127.431788254000026, -1.431610545999945, 0.0 ], [ 127.431378987000016, -1.426156821999939, 0.0 ], [ 127.429998900000101, -1.426190134999956, 0.0 ], [ 127.429185124000014, -1.424429332999978, 0.0 ], [ 127.426924635000091, -1.425228831999959, 0.0 ], [ 127.423955068000055, -1.424172351999971, 0.0 ], [ 127.422660641000107, -1.425457260999963, 0.0 ], [ 127.423621944000047, -1.427179990999946, 0.0 ], [ 127.420128895000062, -1.428022319999968, 0.0 ], [ 127.415641231000109, -1.422820816999945, 0.0 ], [ 127.414670411000088, -1.419751312999949, 0.0 ], [ 127.421770723, -1.416810298999962, 0.0 ], [ 127.422617811, -1.417809672999965, 0.0 ], [ 127.4244452370001, -1.417357574999926, 0.0 ], [ 127.426429708000114, -1.415744299999972, 0.0 ], [ 127.42647729600003, -1.413859767999952, 0.0 ], [ 127.430051247000051, -1.41364561599994, 0.0 ], [ 127.433211172000028, -1.411437475999946, 0.0 ], [ 127.43509094500007, -1.411337538999931, 0.0 ], [ 127.435871409000015, -1.415097086999936, 0.0 ], [ 127.437394264000091, -1.414725890999932, 0.0 ], [ 127.440635090000114, -1.40883910499997, 0.0 ], [ 127.443856880000112, -1.413364839999929, 0.0 ], [ 127.447135777000085, -1.41358374999993, 0.0 ], [ 127.447697330000096, -1.415948933999971, 0.0 ], [ 127.444589754000049, -1.415392139999938, 0.0 ], [ 127.435633462000055, -1.418090448999976, 0.0 ], [ 127.434472286000073, -1.421959452999943, 0.0 ], [ 127.436356819000025, -1.423287191999975, 0.0 ], [ 127.437289568000097, -1.426080678999938, 0.0 ], [ 127.439778484000044, -1.427199025999926, 0.0 ], [ 127.441020562000062, -1.42587128599996, 0.0 ], [ 127.445503467000094, -1.426551811999957, 0.0 ], [ 127.447935276000067, -1.428631460999952, 0.0 ], [ 127.448211293000099, -1.43227679599994, 0.0 ], [ 127.455501962000085, -1.433257133999973, 0.0 ], [ 127.454431205000105, -1.434870407999938, 0.0 ], [ 127.458215635000101, -1.438721854999926, 0.0 ], [ 127.463176956000098, -1.437017583999932, 0.0 ], [ 127.464809266000088, -1.43907343799998, 0.0 ], [ 127.468892421000078, -1.438116894999951, 0.0 ], [ 127.471424168000112, -1.44062960499997, 0.0 ], [ 127.473480021000114, -1.438316768999925, 0.0 ], [ 127.474070786000084, -1.439419073999943, 0.0 ], [ 127.482069876000082, -1.440758096999957, 0.0 ], [ 127.484492168000088, -1.44410599899993, 0.0 ], [ 127.483383339000056, -1.445538433999957, 0.0 ], [ 127.485186970000086, -1.446504494999942, 0.0 ], [ 127.488123225000095, -1.445371871999953, 0.0 ], [ 127.488080394, -1.440927037999927, 0.0 ], [ 127.493220167000118, -1.438588916999947, 0.0 ], [ 127.494248095000103, -1.441196805999937, 0.0 ], [ 127.491316598000026, -1.443995051999934, 0.0 ], [ 127.493037326000035, -1.446465455999942, 0.0 ], [ 127.493269247000057, -1.449769566999976, 0.0 ], [ 127.50109920500006, -1.453512857999954, 0.0 ], [ 127.504347169000084, -1.453213044999927, 0.0 ], [ 127.508216173000051, -1.448751554999944, 0.0 ], [ 127.505626836000033, -1.446163216999935, 0.0 ], [ 127.506202665000046, -1.443341175999933, 0.0 ], [ 127.504984382000089, -1.440738045999979, 0.0 ], [ 127.507248813000047, -1.434502863999967, 0.0 ], [ 127.510639545000117, -1.434010314999966, 0.0 ], [ 127.517149751000034, -1.435844879999934, 0.0 ], [ 127.516757139000106, -1.431283452999935, 0.0 ], [ 127.515504462000081, -1.430560575999948, 0.0 ], [ 127.516239715000097, -1.429289943999947, 0.0 ], [ 127.514590749000035, -1.428333400999975, 0.0 ], [ 127.513321793000046, -1.424617987999966, 0.0 ], [ 127.513007704000074, -1.417184551999981, 0.0 ], [ 127.518918285000041, -1.41775086399997, 0.0 ], [ 127.521183532, -1.416570651999962, 0.0 ], [ 127.521687977000056, -1.412368522999941, 0.0 ], [ 127.529287976000091, -1.406962386999965, 0.0 ], [ 127.533261676000052, -1.408951616999957, 0.0 ], [ 127.537469266000016, -1.40684448899998, 0.0 ], [ 127.540366747, -1.403145731999928, 0.0 ], [ 127.547592971000086, -1.398383982999974, 0.0 ], [ 127.551012890000038, -1.39241753999994, 0.0 ], [ 127.554096672000014, -1.392831565999927, 0.0 ], [ 127.558655719000058, -1.389557426999943, 0.0 ], [ 127.559183959000052, -1.384027559999936, 0.0 ], [ 127.561501554000074, -1.381543402999966, 0.0 ], [ 127.561439688000064, -1.379849225999976, 0.0 ], [ 127.56963931100006, -1.375637580999978, 0.0 ], [ 127.573936618000062, -1.376427561999947, 0.0 ], [ 127.576768177000076, -1.374971330999927, 0.0 ], [ 127.578724093000119, -1.371706710999945, 0.0 ], [ 127.578919209000105, -1.367818670999952, 0.0 ], [ 127.581405830000108, -1.36404435299994, 0.0 ], [ 127.587430188000098, -1.36289315099998, 0.0 ], [ 127.58998370200004, -1.359842717999925, 0.0 ], [ 127.599082761000091, -1.358096193999927, 0.0 ], [ 127.607865951, -1.354040632999954, 0.0 ], [ 127.611663685000053, -1.35485033599997, 0.0 ], [ 127.614839821000032, -1.352416697999956, 0.0 ], [ 127.620472005000011, -1.35197411799993, 0.0 ], [ 127.626036795000118, -1.347007908999956, 0.0 ], [ 127.632440693000035, -1.337259530999972, 0.0 ], [ 127.642757291000066, -1.33095697899995, 0.0 ] ] ], [ [ [ 127.380814813000029, -1.330613334999953, 0.0 ], [ 127.382245266000041, -1.332688988999962, 0.0 ], [ 127.378919434000068, -1.334419779999962, 0.0 ], [ 127.377075033000096, -1.334467371999949, 0.0 ], [ 127.373776475000113, -1.331609416999925, 0.0 ], [ 127.374189748000049, -1.330511318999925, 0.0 ], [ 127.380814813000029, -1.330613334999953, 0.0 ] ] ], [ [ [ 127.412192977000018, -1.312783070999956, 0.0 ], [ 127.417589364000037, -1.315759507999928, 0.0 ], [ 127.434631295000031, -1.317445625999937, 0.0 ], [ 127.421727762000046, -1.33149919899995, 0.0 ], [ 127.41741572, -1.33251583599997, 0.0 ], [ 127.413066696000101, -1.33213157199998, 0.0 ], [ 127.41049148400009, -1.328464080999936, 0.0 ], [ 127.413837058000013, -1.328148591999934, 0.0 ], [ 127.416628243000105, -1.329381634999947, 0.0 ], [ 127.418683371000043, -1.328397049999978, 0.0 ], [ 127.419228198000042, -1.326705134999941, 0.0 ], [ 127.41781345000004, -1.323627223999949, 0.0 ], [ 127.414314994000051, -1.327919173999931, 0.0 ], [ 127.412823817000117, -1.327632431999973, 0.0 ], [ 127.414544325000065, -1.322499332999939, 0.0 ], [ 127.412326693000068, -1.323005982999973, 0.0 ], [ 127.407939182000064, -1.321400167999968, 0.0 ], [ 127.408407607000072, -1.324439858999938, 0.0 ], [ 127.406056134000096, -1.323770776999936, 0.0 ], [ 127.406789221000054, -1.325674990999971, 0.0 ], [ 127.409144888000014, -1.324675616999968, 0.0 ], [ 127.40764582700001, -1.326591082999926, 0.0 ], [ 127.410060980000026, -1.328054451999947, 0.0 ], [ 127.409026138000058, -1.329397394999944, 0.0 ], [ 127.393642699000111, -1.327304921999939, 0.0 ], [ 127.393725980000113, -1.326162779999947, 0.0 ], [ 127.399317714000063, -1.325674990999971, 0.0 ], [ 127.401694795000026, -1.323985573999948, 0.0 ], [ 127.405825539000034, -1.32478507299993, 0.0 ], [ 127.400219529000083, -1.321177808999948, 0.0 ], [ 127.393347646000052, -1.323909430999947, 0.0 ], [ 127.392985968000062, -1.327469104999977, 0.0 ], [ 127.385628256000018, -1.327803975999927, 0.0 ], [ 127.376796115000047, -1.320939863999968, 0.0 ], [ 127.375806259000115, -1.318512812999927, 0.0 ], [ 127.380184468000039, -1.315133977999949, 0.0 ], [ 127.390225793000013, -1.312316696999972, 0.0 ], [ 127.412192977000018, -1.312783070999956, 0.0 ] ] ], [ [ [ 127.707738926000047, -1.286171348999972, 0.0 ], [ 127.70722734200001, -1.286117809999951, 0.0 ], [ 127.707376058000023, -1.284838849999971, 0.0 ], [ 127.70819697200011, -1.285522945999958, 0.0 ], [ 127.707738926000047, -1.286171348999972, 0.0 ] ] ], [ [ [ 127.694015384000068, -1.283965587999944, 0.0 ], [ 127.693830977000061, -1.283947742999942, 0.0 ], [ 127.693795284000089, -1.283674103999942, 0.0 ], [ 127.693979692000084, -1.28373359099993, 0.0 ], [ 127.694015384000068, -1.283965587999944, 0.0 ] ] ], [ [ [ 127.694491277000111, -1.283882306999942, 0.0 ], [ 127.694199793000053, -1.283846614999959, 0.0 ], [ 127.694170050000025, -1.283584873999928, 0.0 ], [ 127.694556712, -1.283555130999957, 0.0 ], [ 127.694491277000111, -1.283882306999942, 0.0 ] ] ], [ [ [ 127.703535124000041, -1.285525586999938, 0.0 ], [ 127.706159100000036, -1.28743103499994, 0.0 ], [ 127.703895294000063, -1.287858866999954, 0.0 ], [ 127.70048017900001, -1.283222441999953, 0.0 ], [ 127.703535124000041, -1.285525586999938, 0.0 ] ] ], [ [ [ 127.705545856000072, -1.282513323999979, 0.0 ], [ 127.705188937000116, -1.282463354999948, 0.0 ], [ 127.705267459000083, -1.282070743999952, 0.0 ], [ 127.705645793000031, -1.282134989999975, 0.0 ], [ 127.705545856000072, -1.282513323999979, 0.0 ] ] ], [ [ [ 127.698897107000107, -1.276349229999937, 0.0 ], [ 127.698722217000068, -1.276324245999945, 0.0 ], [ 127.698797169000045, -1.276113663999979, 0.0 ], [ 127.699086274000024, -1.276181478999945, 0.0 ], [ 127.698897107000107, -1.276349229999937, 0.0 ] ] ], [ [ [ 127.698597294000024, -1.276217169999939, 0.0 ], [ 127.698326036000026, -1.276167201999954, 0.0 ], [ 127.69806905400003, -1.275881666999965, 0.0 ], [ 127.698354589000019, -1.275888804999965, 0.0 ], [ 127.698597294000024, -1.276217169999939, 0.0 ] ] ], [ [ [ 127.697053265000022, -1.276576729999931, 0.0 ], [ 127.695223635000048, -1.277431084999932, 0.0 ], [ 127.693989370000054, -1.276827515999969, 0.0 ], [ 127.696129603000031, -1.274725342999943, 0.0 ], [ 127.697053265000022, -1.276576729999931, 0.0 ] ] ], [ [ [ 127.696926199000018, -1.273303520999946, 0.0 ], [ 127.696683494000013, -1.273182167999948, 0.0 ], [ 127.696752499000013, -1.272833576999972, 0.0 ], [ 127.696934527000053, -1.272883544999956, 0.0 ], [ 127.696926199000018, -1.273303520999946, 0.0 ] ] ], [ [ [ 127.696744170000102, -1.272690809999972, 0.0 ], [ 127.696691823000037, -1.27227202399996, 0.0 ], [ 127.696867903000111, -1.272134015999939, 0.0 ], [ 127.696991634000028, -1.272262506999937, 0.0 ], [ 127.696744170000102, -1.272690809999972, 0.0 ] ] ], [ [ [ 127.701547231000063, -1.271616482999946, 0.0 ], [ 127.703488872000094, -1.271152487999927, 0.0 ], [ 127.70162575300003, -1.274086362999981, 0.0 ], [ 127.703446041, -1.275064321999935, 0.0 ], [ 127.702132579000022, -1.275820989999943, 0.0 ], [ 127.70114034300002, -1.281653049999932, 0.0 ], [ 127.699484238000082, -1.279618610999933, 0.0 ], [ 127.699491377000072, -1.275885235999965, 0.0 ], [ 127.697371277000116, -1.27360095399996, 0.0 ], [ 127.699177288000101, -1.270702769999957, 0.0 ], [ 127.70229676200006, -1.271131072999935, 0.0 ], [ 127.701547231000063, -1.271616482999946, 0.0 ] ] ], [ [ [ 127.698063105000074, -1.271919863999926, 0.0 ], [ 127.697972686000071, -1.271827064999968, 0.0 ], [ 127.698205873, -1.270758686999955, 0.0 ], [ 127.698781702000019, -1.270275655999967, 0.0 ], [ 127.698063105000074, -1.271919863999926, 0.0 ] ] ], [ [ [ 127.697392692000108, -1.269938962999959, 0.0 ], [ 127.697092880000014, -1.269810471999961, 0.0 ], [ 127.697149988000092, -1.269610597999929, 0.0 ], [ 127.69742124600009, -1.26965342799997, 0.0 ], [ 127.697392692000108, -1.269938962999959, 0.0 ] ] ], [ [ [ 127.70729363800001, -1.272849755999971, 0.0 ], [ 127.705930281000064, -1.271090952999941, 0.0 ], [ 127.706684452000104, -1.269075931999964, 0.0 ], [ 127.707735502000105, -1.270177069999932, 0.0 ], [ 127.70729363800001, -1.272849755999971, 0.0 ] ] ], [ [ [ 127.700988652000092, -1.26651372799995, 0.0 ], [ 127.70090299200001, -1.269416670999931, 0.0 ], [ 127.698742441000036, -1.269673652999927, 0.0 ], [ 127.69873292300008, -1.267955681999979, 0.0 ], [ 127.700231984000084, -1.26698010299998, 0.0 ], [ 127.699546699000052, -1.264119990999973, 0.0 ], [ 127.700988652000092, -1.26651372799995, 0.0 ] ] ], [ [ [ 127.699743702000092, -1.227883902999963, 0.0 ], [ 127.698630113000036, -1.227841071999933, 0.0 ], [ 127.698901372000023, -1.226827421999928, 0.0 ], [ 127.699629487000038, -1.226913081999953, 0.0 ], [ 127.699743702000092, -1.227883902999963, 0.0 ] ] ], [ [ [ 128.501147976000084, -1.173041348999959, 0.0 ], [ 128.499291997000114, -1.17347916999995, 0.0 ], [ 128.498502016000089, -1.174226320999935, 0.0 ], [ 128.49978692500008, -1.172969964999936, 0.0 ], [ 128.501147976000084, -1.173041348999959, 0.0 ] ] ], [ [ [ 127.558168444000103, -1.179172368999957, 0.0 ], [ 127.562904131000096, -1.18303345299995, 0.0 ], [ 127.565333143000089, -1.189048277999973, 0.0 ], [ 127.570774828000026, -1.191526529999976, 0.0 ], [ 127.576766993000092, -1.19681475699997, 0.0 ], [ 127.581488748000083, -1.198179502999949, 0.0 ], [ 127.586547482000014, -1.202629094999963, 0.0 ], [ 127.592948232000026, -1.201877185999933, 0.0 ], [ 127.598794409000106, -1.210533664999957, 0.0 ], [ 127.610245537000083, -1.207923256999948, 0.0 ], [ 127.625058900000113, -1.212146938999979, 0.0 ], [ 127.63349048300006, -1.217751085999964, 0.0 ], [ 127.641506944000071, -1.221246813999926, 0.0 ], [ 127.647179579000067, -1.220613876999948, 0.0 ], [ 127.655526728000041, -1.224725585999977, 0.0 ], [ 127.666624534000107, -1.225506048999932, 0.0 ], [ 127.67092660000003, -1.223236042999929, 0.0 ], [ 127.695243920000053, -1.227153398999974, 0.0 ], [ 127.696253032000072, -1.228819030999944, 0.0 ], [ 127.694839632000026, -1.232081271999959, 0.0 ], [ 127.696210201000099, -1.233251966999944, 0.0 ], [ 127.694832494000025, -1.234322723999981, 0.0 ], [ 127.695203690000085, -1.237406505999957, 0.0 ], [ 127.693196393000107, -1.233788525999955, 0.0 ], [ 127.692668153000113, -1.233674311999948, 0.0 ], [ 127.696520149000094, -1.246791739999935, 0.0 ], [ 127.697022419000064, -1.257010292999951, 0.0 ], [ 127.691167621000091, -1.276865751999935, 0.0 ], [ 127.691414653000038, -1.279768716999968, 0.0 ], [ 127.693316666000101, -1.281519656999933, 0.0 ], [ 127.693579387000113, -1.282945249999955, 0.0 ], [ 127.692072753000048, -1.283203408999952, 0.0 ], [ 127.693218468000055, -1.28234342199994, 0.0 ], [ 127.69082524800001, -1.280322961999957, 0.0 ], [ 127.691008343000021, -1.282215424999947, 0.0 ], [ 127.688179815000012, -1.282635813999946, 0.0 ], [ 127.690687351000065, -1.283153225999968, 0.0 ], [ 127.690236280000022, -1.284048417999941, 0.0 ], [ 127.692950263000057, -1.28542059199998, 0.0 ], [ 127.689190240000016, -1.285131100999934, 0.0 ], [ 127.686135575000094, -1.282201179999959, 0.0 ], [ 127.684441471000014, -1.284195285999942, 0.0 ], [ 127.677121038000109, -1.28233845699998, 0.0 ], [ 127.675810405000107, -1.283657687999948, 0.0 ], [ 127.677565343000083, -1.284699663999959, 0.0 ], [ 127.675600001000021, -1.285614500999941, 0.0 ], [ 127.674339746000101, -1.284820909999951, 0.0 ], [ 127.674166539000112, -1.28630213699995, 0.0 ], [ 127.670147569000051, -1.284366132999935, 0.0 ], [ 127.669385319000071, -1.286279289999925, 0.0 ], [ 127.671020092000049, -1.287526975999924, 0.0 ], [ 127.679617359000076, -1.286186131999955, 0.0 ], [ 127.678546702000062, -1.287570367999933, 0.0 ], [ 127.675640181000063, -1.287999903999946, 0.0 ], [ 127.678342460000067, -1.291392567999935, 0.0 ], [ 127.676131164000026, -1.293055478999975, 0.0 ], [ 127.669718783, -1.291650129999937, 0.0 ], [ 127.665228211000112, -1.287928699999952, 0.0 ], [ 127.658099936000099, -1.284992218999946, 0.0 ], [ 127.638758278000068, -1.283334584999977, 0.0 ], [ 127.629954761000022, -1.278515314999936, 0.0 ], [ 127.623457399000017, -1.271020720999957, 0.0 ], [ 127.612895818000084, -1.264004711999974, 0.0 ], [ 127.600688274000049, -1.259827566999945, 0.0 ], [ 127.585749627000041, -1.257210796999971, 0.0 ], [ 127.578614222000056, -1.253109488999939, 0.0 ], [ 127.571868365000114, -1.252630266999972, 0.0 ], [ 127.561331902, -1.24806067999998, 0.0 ], [ 127.546110071000044, -1.250226417999954, 0.0 ], [ 127.53180951100012, -1.249917087999961, 0.0 ], [ 127.526588973000116, -1.253724224999928, 0.0 ], [ 127.524851967000018, -1.259139877999928, 0.0 ], [ 127.515757666000013, -1.267520339999976, 0.0 ], [ 127.511408011000071, -1.268881390999979, 0.0 ], [ 127.498795523000013, -1.269348061999949, 0.0 ], [ 127.494436351000104, -1.271427710999944, 0.0 ], [ 127.48813078000012, -1.269533660999969, 0.0 ], [ 127.485603792, -1.261614813999927, 0.0 ], [ 127.483833473000118, -1.259616066999968, 0.0 ], [ 127.477932409000118, -1.257146186999933, 0.0 ], [ 127.467734040000096, -1.255318760999955, 0.0 ], [ 127.465349820000029, -1.249550946999932, 0.0 ], [ 127.46573529200009, -1.239761844999975, 0.0 ], [ 127.473849254000015, -1.228959091999968, 0.0 ], [ 127.479564720000099, -1.218013570999972, 0.0 ], [ 127.484742427000015, -1.213459282999963, 0.0 ], [ 127.501384999000038, -1.209263681999971, 0.0 ], [ 127.50905101, -1.202732849999961, 0.0 ], [ 127.510040866000054, -1.198906676999968, 0.0 ], [ 127.508613189000016, -1.183240305999959, 0.0 ], [ 127.510050383000021, -1.178386204999924, 0.0 ], [ 127.512482192000107, -1.177067983999962, 0.0 ], [ 127.519501602000105, -1.178429034999965, 0.0 ], [ 127.52219991100003, -1.176815760999943, 0.0 ], [ 127.527211056000056, -1.176439805999962, 0.0 ], [ 127.539501124000026, -1.179227434999973, 0.0 ], [ 127.548448898000061, -1.171162763999973, 0.0 ], [ 127.558168444000103, -1.179172368999957, 0.0 ] ] ], [ [ [ 128.444085056000063, -1.157372313999929, 0.0 ], [ 128.444203962000074, -1.157372337999959, 0.0 ], [ 128.445495113000106, -1.15823430599994, 0.0 ], [ 128.444058786000028, -1.157937209999943, 0.0 ], [ 128.444085056000063, -1.157372313999929, 0.0 ] ] ], [ [ [ 128.441754993000018, -1.154853973999934, 0.0 ], [ 128.442953174000081, -1.156850513999927, 0.0 ], [ 128.4404231850001, -1.155179245999932, 0.0 ], [ 128.436841682000022, -1.155504069999949, 0.0 ], [ 128.436956596000073, -1.151612022999927, 0.0 ], [ 128.441754993000018, -1.154853973999934, 0.0 ] ] ], [ [ [ 128.431819046000101, -1.148579894999955, 0.0 ], [ 128.434591561000047, -1.151602546999925, 0.0 ], [ 128.434525653000037, -1.156344451999928, 0.0 ], [ 128.425472345000117, -1.155545539999935, 0.0 ], [ 128.421758759000113, -1.156389137999952, 0.0 ], [ 128.41645479500005, -1.160229835999928, 0.0 ], [ 128.409314952000045, -1.156165310999938, 0.0 ], [ 128.41072707100011, -1.15268765299993, 0.0 ], [ 128.414914753000062, -1.153442517999963, 0.0 ], [ 128.416862689000027, -1.152114450999932, 0.0 ], [ 128.418403413000078, -1.153522227999929, 0.0 ], [ 128.421828146000053, -1.152223182999933, 0.0 ], [ 128.426230534000069, -1.145779631999972, 0.0 ], [ 128.431819046000101, -1.148579894999955, 0.0 ] ] ], [ [ [ 128.404593089000059, -1.144932292999954, 0.0 ], [ 128.404022426000097, -1.144551585999977, 0.0 ], [ 128.404115234000074, -1.144250006999926, 0.0 ], [ 128.404935653000052, -1.14435789199996, 0.0 ], [ 128.404593089000059, -1.144932292999954, 0.0 ] ] ], [ [ [ 128.452255678000029, -1.142151694999939, 0.0 ], [ 128.452476145000105, -1.145828388999973, 0.0 ], [ 128.451819398000112, -1.14786765499997, 0.0 ], [ 128.450122160000092, -1.144018333999952, 0.0 ], [ 128.450843073000101, -1.142194509999968, 0.0 ], [ 128.452255678000029, -1.142151694999939, 0.0 ] ] ], [ [ [ 128.405519138000045, -1.138647200999969, 0.0 ], [ 128.404927623000049, -1.13847653199997, 0.0 ], [ 128.405028806000018, -1.13791704099998, 0.0 ], [ 128.405816513000104, -1.138081765999971, 0.0 ], [ 128.405519138000045, -1.138647200999969, 0.0 ] ] ], [ [ [ 128.406361405000098, -1.137535531999958, 0.0 ], [ 128.405952453000054, -1.137152465999975, 0.0 ], [ 128.406794354000112, -1.13686540499998, 0.0 ], [ 128.406813314000033, -1.137181367999972, 0.0 ], [ 128.406361405000098, -1.137535531999958, 0.0 ] ] ], [ [ [ 127.41875084600008, -1.139736328999959, 0.0 ], [ 127.425131825000108, -1.146371896999938, 0.0 ], [ 127.431783500000051, -1.159516, 0.0 ], [ 127.431534955000075, -1.167323050999926, 0.0 ], [ 127.434369628000013, -1.172353980999958, 0.0 ], [ 127.434950216000061, -1.176913027999944, 0.0 ], [ 127.439096860000063, -1.180102670999929, 0.0 ], [ 127.440059, -1.182963499999971, 0.0 ], [ 127.443962234000082, -1.18703186099998, 0.0 ], [ 127.443667417000029, -1.203270287999942, 0.0 ], [ 127.440086738000105, -1.213058670999942, 0.0 ], [ 127.436071752000089, -1.217028730999971, 0.0 ], [ 127.42739146200006, -1.221150062999925, 0.0 ], [ 127.423574806000033, -1.219465404999937, 0.0 ], [ 127.417949760000056, -1.21294568199994, 0.0 ], [ 127.415532228000075, -1.211822575999975, 0.0 ], [ 127.411553769000079, -1.202932909999959, 0.0 ], [ 127.407261222000102, -1.199230467999939, 0.0 ], [ 127.409596919000023, -1.196785298999941, 0.0 ], [ 127.407898917000011, -1.193196154999953, 0.0 ], [ 127.409204308000085, -1.190060941999945, 0.0 ], [ 127.408990156000073, -1.185114042999942, 0.0 ], [ 127.407356400000026, -1.181232224999974, 0.0 ], [ 127.40956122700004, -1.178996448999953, 0.0 ], [ 127.407507157000055, -1.175853417999974, 0.0 ], [ 127.409491628000069, -1.172269949999929, 0.0 ], [ 127.409555873000045, -1.163882349999938, 0.0 ], [ 127.404351992000102, -1.159420860999944, 0.0 ], [ 127.406072342000016, -1.156165757999929, 0.0 ], [ 127.405264061000025, -1.15221422299993, 0.0 ], [ 127.400942959000076, -1.148530816999937, 0.0 ], [ 127.396950305000018, -1.149608939999951, 0.0 ], [ 127.395732753000061, -1.146646652999948, 0.0 ], [ 127.397026914000094, -1.142664370999967, 0.0 ], [ 127.404071791000092, -1.139835241999947, 0.0 ], [ 127.407091487000116, -1.136938082999961, 0.0 ], [ 127.412925925000081, -1.136585922999927, 0.0 ], [ 127.41875084600008, -1.139736328999959, 0.0 ] ] ], [ [ [ 128.366928998000049, -1.130736782999975, 0.0 ], [ 128.382338304000086, -1.133391062999976, 0.0 ], [ 128.38464925400001, -1.135458452999956, 0.0 ], [ 128.381795332000024, -1.136558906999937, 0.0 ], [ 128.386235809000027, -1.139294577999976, 0.0 ], [ 128.387038560000065, -1.138582645999975, 0.0 ], [ 128.387460296000086, -1.140348034999931, 0.0 ], [ 128.388506817, -1.139564346999975, 0.0 ], [ 128.38902935100009, -1.142610347999948, 0.0 ], [ 128.389291173000061, -1.141509334999967, 0.0 ], [ 128.390367029000117, -1.142580713999962, 0.0 ], [ 128.390991452000094, -1.141743077999934, 0.0 ], [ 128.391882944000031, -1.143119602999946, 0.0 ], [ 128.395764994000046, -1.143946229999926, 0.0 ], [ 128.396882112000071, -1.146729061999963, 0.0 ], [ 128.398769411000103, -1.145843817999946, 0.0 ], [ 128.39905430400006, -1.148129795999978, 0.0 ], [ 128.405225129000087, -1.149698924999939, 0.0 ], [ 128.405592821000027, -1.154103288999977, 0.0 ], [ 128.401026779000063, -1.154557113999942, 0.0 ], [ 128.387455034000027, -1.143206023999937, 0.0 ], [ 128.37363296500007, -1.140833338999926, 0.0 ], [ 128.365072919000113, -1.136205787999927, 0.0 ], [ 128.363046201000088, -1.133542441999964, 0.0 ], [ 128.366928998000049, -1.130736782999975, 0.0 ] ] ], [ [ [ 128.39639661700005, -1.121945814999947, 0.0 ], [ 128.401399336000054, -1.121862418999967, 0.0 ], [ 128.403103649000059, -1.125624124999945, 0.0 ], [ 128.400180655000099, -1.137899261999962, 0.0 ], [ 128.392215597000018, -1.136339331999977, 0.0 ], [ 128.389384585000016, -1.130231391999928, 0.0 ], [ 128.387230338000109, -1.128873749999968, 0.0 ], [ 128.38673695500006, -1.126291574999925, 0.0 ], [ 128.384320897000066, -1.126013401999955, 0.0 ], [ 128.387169892000088, -1.125678898999979, 0.0 ], [ 128.38899093100008, -1.123804115999974, 0.0 ], [ 128.388919401000067, -1.124708891999944, 0.0 ], [ 128.390368196000054, -1.122045088999926, 0.0 ], [ 128.39639661700005, -1.121945814999947, 0.0 ] ] ], [ [ [ 128.334677698000064, -1.123542627999939, 0.0 ], [ 128.333579370000052, -1.122099033999973, 0.0 ], [ 128.336297821000016, -1.120541420999928, 0.0 ], [ 128.337288998000076, -1.122609719999957, 0.0 ], [ 128.334677698000064, -1.123542627999939, 0.0 ] ] ], [ [ [ 128.309819811000011, -1.11871414899997, 0.0 ], [ 128.308192951000024, -1.119952444999967, 0.0 ], [ 128.307358553000086, -1.118724336999946, 0.0 ], [ 128.307693541000049, -1.120060037999963, 0.0 ], [ 128.306524248000073, -1.117101285999979, 0.0 ], [ 128.308678911000015, -1.116354996999974, 0.0 ], [ 128.309819811000011, -1.11871414899997, 0.0 ] ] ], [ [ [ 128.318326891000083, -1.114863732999936, 0.0 ], [ 128.317137972000069, -1.11445654399995, 0.0 ], [ 128.317518728000096, -1.113271804999954, 0.0 ], [ 128.319682890000081, -1.112578165999935, 0.0 ], [ 128.318326891000083, -1.114863732999936, 0.0 ] ] ], [ [ [ 128.424814223000112, -1.112783896999929, 0.0 ], [ 128.423925824000094, -1.113753147999944, 0.0 ], [ 128.422816587000057, -1.113063560999933, 0.0 ], [ 128.424215007000043, -1.112482180999962, 0.0 ], [ 128.424814223000112, -1.112783896999929, 0.0 ] ] ], [ [ [ 128.422548658000096, -1.112655535999977, 0.0 ], [ 128.422369833000062, -1.112626776999946, 0.0 ], [ 128.422432659000037, -1.112391253999931, 0.0 ], [ 128.422634310000035, -1.11244299699996, 0.0 ], [ 128.422548658000096, -1.112655535999977, 0.0 ] ] ], [ [ [ 128.298702092000099, -1.110627166999961, 0.0 ], [ 128.299600732000044, -1.111682951999967, 0.0 ], [ 128.300499528000046, -1.11208169899993, 0.0 ], [ 128.2973608100001, -1.110978702999944, 0.0 ], [ 128.298702092000099, -1.110627166999961, 0.0 ] ] ], [ [ [ 128.33969984700002, -1.10861175399998, 0.0 ], [ 128.346797328000093, -1.112933798999961, 0.0 ], [ 128.347640083000101, -1.119504440999947, 0.0 ], [ 128.345416100000079, -1.121813772999928, 0.0 ], [ 128.340933605000032, -1.121286166999937, 0.0 ], [ 128.339150629000073, -1.11880838299993, 0.0 ], [ 128.335868816000016, -1.119334229999936, 0.0 ], [ 128.335120039000117, -1.117981673999964, 0.0 ], [ 128.329223008000099, -1.115790180999966, 0.0 ], [ 128.329164474000095, -1.111733016999949, 0.0 ], [ 128.331947323, -1.109268242999974, 0.0 ], [ 128.336394510000105, -1.108048512999972, 0.0 ], [ 128.33969984700002, -1.10861175399998, 0.0 ] ] ], [ [ [ 128.342830329000094, -1.102300514999968, 0.0 ], [ 128.344244923000019, -1.10382076999997, 0.0 ], [ 128.34320385, -1.106938210999942, 0.0 ], [ 128.345474600000102, -1.108177406999971, 0.0 ], [ 128.344618180000111, -1.10966723699994, 0.0 ], [ 128.342002816000104, -1.107518390999928, 0.0 ], [ 128.33543790300007, -1.10541398099997, 0.0 ], [ 128.335902024, -1.103584414999943, 0.0 ], [ 128.336728159000018, -1.104619834999937, 0.0 ], [ 128.340500001, -1.101665691999926, 0.0 ], [ 128.342830329000094, -1.102300514999968, 0.0 ] ] ], [ [ [ 128.411757819000059, -1.102349259999926, 0.0 ], [ 128.412423833000048, -1.101547523999955, 0.0 ], [ 128.412370068000087, -1.102864013999977, 0.0 ], [ 128.414444805000016, -1.10348677099995, 0.0 ], [ 128.415390484000113, -1.101434412999936, 0.0 ], [ 128.416383195000094, -1.102098843999954, 0.0 ], [ 128.414605240000014, -1.103917657999943, 0.0 ], [ 128.411692330000051, -1.102816005999955, 0.0 ], [ 128.411609272000078, -1.101930343999925, 0.0 ], [ 128.412126697000076, -1.100925118999953, 0.0 ], [ 128.411757819000059, -1.102349259999926, 0.0 ] ] ], [ [ [ 128.34140048900008, -1.096562965999965, 0.0 ], [ 128.341438202000063, -1.098094880999952, 0.0 ], [ 128.337508717000105, -1.102583129999971, 0.0 ], [ 128.334331985000063, -1.101194127999975, 0.0 ], [ 128.333837828000014, -1.099068497999951, 0.0 ], [ 128.337063230000012, -1.095413071999928, 0.0 ], [ 128.339555634000021, -1.094322142999943, 0.0 ], [ 128.34140048900008, -1.096562965999965, 0.0 ] ] ], [ [ [ 128.344372415000066, -1.09678359399993, 0.0 ], [ 128.343242854000096, -1.096783344999949, 0.0 ], [ 128.342838843000095, -1.095622355999978, 0.0 ], [ 128.344504033000021, -1.092977788999974, 0.0 ], [ 128.343159858000035, -1.095706203999953, 0.0 ], [ 128.344372415000066, -1.09678359399993, 0.0 ] ] ], [ [ [ 128.316373081000052, -1.088216125999963, 0.0 ], [ 128.317321998000011, -1.090036936999979, 0.0 ], [ 128.316156306000039, -1.092113111999936, 0.0 ], [ 128.314396853000062, -1.090909928999963, 0.0 ], [ 128.314076395000029, -1.088378630999955, 0.0 ], [ 128.312447421000115, -1.088569745999962, 0.0 ], [ 128.314141984000116, -1.08752293699996, 0.0 ], [ 128.316373081000052, -1.088216125999963, 0.0 ] ] ], [ [ [ 128.412562449, -1.091221106999967, 0.0 ], [ 128.414155327000117, -1.093375694999963, 0.0 ], [ 128.41757962600002, -1.093890998999939, 0.0 ], [ 128.421051107000039, -1.096393029999945, 0.0 ], [ 128.432653605000041, -1.109285049999926, 0.0 ], [ 128.437312869000039, -1.11857329999998, 0.0 ], [ 128.453827635000039, -1.124213496999971, 0.0 ], [ 128.452934636, -1.130712099999926, 0.0 ], [ 128.450354602000061, -1.129634464999924, 0.0 ], [ 128.447499944000015, -1.124114556999928, 0.0 ], [ 128.439575132000073, -1.123203450999938, 0.0 ], [ 128.429796514000031, -1.116684849999956, 0.0 ], [ 128.426611094, -1.117220760999942, 0.0 ], [ 128.424981143000082, -1.11301750299998, 0.0 ], [ 128.42812045300002, -1.111704005999968, 0.0 ], [ 128.428541210000049, -1.112553592999973, 0.0 ], [ 128.431666102, -1.112022810999974, 0.0 ], [ 128.432008956000118, -1.109868596999945, 0.0 ], [ 128.430810083000097, -1.111563064999928, 0.0 ], [ 128.430019387000016, -1.107762520999927, 0.0 ], [ 128.424241610000081, -1.102914270999975, 0.0 ], [ 128.421518966, -1.101669045999927, 0.0 ], [ 128.420698231000074, -1.103236719999927, 0.0 ], [ 128.422125026000117, -1.103464395999936, 0.0 ], [ 128.419390143000101, -1.104026364999925, 0.0 ], [ 128.415514558000041, -1.100650569999971, 0.0 ], [ 128.413374261000058, -1.100877541999978, 0.0 ], [ 128.412435244000108, -1.099261650999949, 0.0 ], [ 128.409284239000044, -1.099667943999975, 0.0 ], [ 128.40734575700003, -1.101522624999973, 0.0 ], [ 128.403838594000035, -1.09915222199993, 0.0 ], [ 128.397393726000018, -1.100886302999925, 0.0 ], [ 128.394277428, -1.106079843999964, 0.0 ], [ 128.387216283000043, -1.106824049999943, 0.0 ], [ 128.383420907000072, -1.109524413999964, 0.0 ], [ 128.381838837000032, -1.112719568999978, 0.0 ], [ 128.379698776000055, -1.111821508999981, 0.0 ], [ 128.378176592000045, -1.112922252999965, 0.0 ], [ 128.378425912000012, -1.114717522999968, 0.0 ], [ 128.380411502000015, -1.11512485999998, 0.0 ], [ 128.376629239000067, -1.120605449999971, 0.0 ], [ 128.369137950000095, -1.122518729999967, 0.0 ], [ 128.365868333000094, -1.121548602999951, 0.0 ], [ 128.359697991000075, -1.118291935999935, 0.0 ], [ 128.360400638000101, -1.11309794899995, 0.0 ], [ 128.362184680000041, -1.110728657999971, 0.0 ], [ 128.361174366000114, -1.109076844999947, 0.0 ], [ 128.361417254000116, -1.103836676999947, 0.0 ], [ 128.3580866100001, -1.105890631999955, 0.0 ], [ 128.355880316000025, -1.103448666999952, 0.0 ], [ 128.357270043000085, -1.098996849999935, 0.0 ], [ 128.356174323000118, -1.096015241999964, 0.0 ], [ 128.357599964000087, -1.095949725999958, 0.0 ], [ 128.358317431000046, -1.094047083999953, 0.0 ], [ 128.355235686000015, -1.093203867999932, 0.0 ], [ 128.345929500000011, -1.095146906999958, 0.0 ], [ 128.343647704000091, -1.090048023999941, 0.0 ], [ 128.351513364000084, -1.078316260999941, 0.0 ], [ 128.357637504000081, -1.074724753999931, 0.0 ], [ 128.367168930000048, -1.07307994699994, 0.0 ], [ 128.370147794000104, -1.073460592999936, 0.0 ], [ 128.376781596000114, -1.077770480999959, 0.0 ], [ 128.400465584000017, -1.083843125999977, 0.0 ], [ 128.411885104000021, -1.089162445999932, 0.0 ], [ 128.412562449, -1.091221106999967, 0.0 ] ] ], [ [ [ 128.350831999000093, -1.05153761899993, 0.0 ], [ 128.350612066000053, -1.051381987999946, 0.0 ], [ 128.350867801000049, -1.050891351999951, 0.0 ], [ 128.351016370000025, -1.051160663999951, 0.0 ], [ 128.350831999000093, -1.05153761899993, 0.0 ] ] ], [ [ [ 128.156325917000117, -1.048386158999961, 0.0 ], [ 128.156365027000106, -1.04885649299996, 0.0 ], [ 128.155680334000067, -1.04833931099995, 0.0 ], [ 128.15583730600008, -1.04822087499997, 0.0 ], [ 128.156325917000117, -1.048386158999961, 0.0 ] ] ], [ [ [ 128.155816739000102, -1.045221529999935, 0.0 ], [ 128.155338831000108, -1.045049068999958, 0.0 ], [ 128.156084502000112, -1.044280955999966, 0.0 ], [ 128.156326996000075, -1.044467714999939, 0.0 ], [ 128.155816739000102, -1.045221529999935, 0.0 ] ] ], [ [ [ 128.242403404000015, -1.042300725999951, 0.0 ], [ 128.250264109000113, -1.045419032999973, 0.0 ], [ 128.250634157000036, -1.049253603999944, 0.0 ], [ 128.248750006000023, -1.052699871999948, 0.0 ], [ 128.246067861000029, -1.051981153999975, 0.0 ], [ 128.245569424000109, -1.04810347199998, 0.0 ], [ 128.240419398000085, -1.045689516999971, 0.0 ], [ 128.236038500000063, -1.048790488999941, 0.0 ], [ 128.234240948000092, -1.04811506599998, 0.0 ], [ 128.235468961000038, -1.043979311999976, 0.0 ], [ 128.239778070000057, -1.042716566999957, 0.0 ], [ 128.238223013000038, -1.042270987999927, 0.0 ], [ 128.23889401800011, -1.040475986999979, 0.0 ], [ 128.242403404000015, -1.042300725999951, 0.0 ] ] ], [ [ [ 128.23000666300004, -1.038436667999974, 0.0 ], [ 128.232816009000089, -1.044052621999924, 0.0 ], [ 128.23205877700002, -1.048375184999941, 0.0 ], [ 128.234255681000036, -1.049625159999948, 0.0 ], [ 128.232913089000022, -1.05551295999993, 0.0 ], [ 128.233909931000085, -1.063210863999927, 0.0 ], [ 128.235036778000108, -1.064417492999951, 0.0 ], [ 128.237904560000061, -1.064490014999933, 0.0 ], [ 128.243113219000065, -1.060556301999952, 0.0 ], [ 128.244126081000104, -1.061145365999948, 0.0 ], [ 128.242083495000088, -1.065320626999949, 0.0 ], [ 128.237575520000064, -1.068080259999931, 0.0 ], [ 128.232083118000105, -1.065450767999948, 0.0 ], [ 128.229216423000025, -1.061012410999979, 0.0 ], [ 128.226453559000106, -1.040460733999964, 0.0 ], [ 128.228123323000091, -1.038551095999935, 0.0 ], [ 128.23000666300004, -1.038436667999974, 0.0 ] ] ], [ [ [ 128.398404283000104, -1.038422472999969, 0.0 ], [ 128.397357875000012, -1.038874069999963, 0.0 ], [ 128.396213540000076, -1.038457955999945, 0.0 ], [ 128.398020863000056, -1.038245868999979, 0.0 ], [ 128.398404283000104, -1.038422472999969, 0.0 ] ] ], [ [ [ 128.358284870000034, -1.038020961999962, 0.0 ], [ 128.358121321000112, -1.038329106999925, 0.0 ], [ 128.357895467000048, -1.03805977899998, 0.0 ], [ 128.35808575100009, -1.037838407999971, 0.0 ], [ 128.358284870000034, -1.038020961999962, 0.0 ] ] ], [ [ [ 128.361320337000052, -1.038187337999943, 0.0 ], [ 128.36105190100011, -1.038141474999975, 0.0 ], [ 128.361834053000052, -1.037831989999972, 0.0 ], [ 128.361716314000091, -1.037975582999934, 0.0 ], [ 128.361320337000052, -1.038187337999943, 0.0 ] ] ], [ [ [ 128.360820382000043, -1.037560139999925, 0.0 ], [ 128.36048732800009, -1.038235070999974, 0.0 ], [ 128.360962721000078, -1.039250060999962, 0.0 ], [ 128.360035526000047, -1.038158382999939, 0.0 ], [ 128.360820382000043, -1.037560139999925, 0.0 ] ] ], [ [ [ 128.368437337000046, -1.039819967999961, 0.0 ], [ 128.362672663000012, -1.041342657999962, 0.0 ], [ 128.361328293000042, -1.039435869999977, 0.0 ], [ 128.364599187000067, -1.040185415999929, 0.0 ], [ 128.366746993000106, -1.03777308399998, 0.0 ], [ 128.366147337000029, -1.039790782999944, 0.0 ], [ 128.367474247000018, -1.039841316999969, 0.0 ], [ 128.374408917000096, -1.03758791599995, 0.0 ], [ 128.368437337000046, -1.039819967999961, 0.0 ] ] ], [ [ [ 128.370283230000041, -1.037919407999937, 0.0 ], [ 128.36986206600011, -1.037748086999954, 0.0 ], [ 128.369997695000052, -1.03751251999995, 0.0 ], [ 128.370297508000021, -1.037583903999973, 0.0 ], [ 128.370283230000041, -1.037919407999937, 0.0 ] ] ], [ [ [ 128.364785168000026, -1.037689709999938, 0.0 ], [ 128.364380766000068, -1.03840771299997, 0.0 ], [ 128.363405896000017, -1.037886902999958, 0.0 ], [ 128.364363134000087, -1.037396405999971, 0.0 ], [ 128.364785168000026, -1.037689709999938, 0.0 ] ] ], [ [ [ 128.392438605000052, -1.037596878999977, 0.0 ], [ 128.391962944000056, -1.037913941999932, 0.0 ], [ 128.392479958000081, -1.03896723899993, 0.0 ], [ 128.391231754000046, -1.037680421999937, 0.0 ], [ 128.392438605000052, -1.037596878999977, 0.0 ] ] ], [ [ [ 128.377841009, -1.037524188999953, 0.0 ], [ 128.377940933000104, -1.037276468999949, 0.0 ], [ 128.378062204000116, -1.037312396999937, 0.0 ], [ 128.378076455000041, -1.037398569999937, 0.0 ], [ 128.377841009, -1.037524188999953, 0.0 ] ] ], [ [ [ 128.354763915000035, -1.03719228999995, 0.0 ], [ 128.356247630000098, -1.037925039999948, 0.0 ], [ 128.356637422000063, -1.038899319999928, 0.0 ], [ 128.35427405300004, -1.037182614999949, 0.0 ], [ 128.354763915000035, -1.03719228999995, 0.0 ] ] ], [ [ [ 128.36792756400007, -1.037372131999973, 0.0 ], [ 128.367527814000027, -1.037514899999962, 0.0 ], [ 128.367661064000117, -1.03700093599997, 0.0 ], [ 128.367956117000062, -1.037262676999944, 0.0 ], [ 128.36792756400007, -1.037372131999973, 0.0 ] ] ], [ [ [ 128.368887170000107, -1.037846120999973, 0.0 ], [ 128.368572135000022, -1.037594727999931, 0.0 ], [ 128.369327283000075, -1.036912697999981, 0.0 ], [ 128.369422321000116, -1.037319632999925, 0.0 ], [ 128.368887170000107, -1.037846120999973, 0.0 ] ] ], [ [ [ 128.379419943000016, -1.036993881999933, 0.0 ], [ 128.379494056000112, -1.037405599999943, 0.0 ], [ 128.378984205000052, -1.037445711999965, 0.0 ], [ 128.378912015000083, -1.036932505999971, 0.0 ], [ 128.379419943000016, -1.036993881999933, 0.0 ] ] ], [ [ [ 128.378261390000034, -1.036964929999954, 0.0 ], [ 128.378512512000043, -1.036930511999969, 0.0 ], [ 128.377939867, -1.037051036999969, 0.0 ], [ 128.378105405000042, -1.036897876999944, 0.0 ], [ 128.378261390000034, -1.036964929999954, 0.0 ] ] ], [ [ [ 128.368348729000104, -1.037077078999971, 0.0 ], [ 128.368034640000019, -1.036627359999954, 0.0 ], [ 128.368198823000057, -1.036498869999946, 0.0 ], [ 128.368520050000029, -1.036848649999968, 0.0 ], [ 128.368348729000104, -1.037077078999971, 0.0 ] ] ], [ [ [ 128.376985085000115, -1.036737714999958, 0.0 ], [ 128.37738454700002, -1.036949628999935, 0.0 ], [ 128.377380887000072, -1.037423564999926, 0.0 ], [ 128.376474927000118, -1.03713615199996, 0.0 ], [ 128.376985085000115, -1.036737714999958, 0.0 ] ] ], [ [ [ 128.376208089000102, -1.03586831299998, 0.0 ], [ 128.375974901000063, -1.035858793999978, 0.0 ], [ 128.375894, -1.035730303999969, 0.0 ], [ 128.376227124000025, -1.035692232999963, 0.0 ], [ 128.376208089000102, -1.03586831299998, 0.0 ] ] ], [ [ [ 128.376517419000038, -1.035444767999934, 0.0 ], [ 128.376117669000109, -1.035425732999954, 0.0 ], [ 128.37607008000009, -1.035287723999943, 0.0 ], [ 128.376446035000072, -1.035240134999924, 0.0 ], [ 128.376517419000038, -1.035444767999934, 0.0 ] ] ], [ [ [ 128.377178909, -1.035573259999978, 0.0 ], [ 128.377007587000094, -1.035611330999927, 0.0 ], [ 128.37683150700002, -1.035159232999945, 0.0 ], [ 128.377145596000105, -1.035325794999949, 0.0 ], [ 128.377178909, -1.035573259999978, 0.0 ] ] ], [ [ [ 128.33536140800004, -1.035625537999977, 0.0 ], [ 128.334229462000053, -1.035773702999961, 0.0 ], [ 128.333796716000052, -1.035553399999969, 0.0 ], [ 128.334885971000062, -1.034864271999936, 0.0 ], [ 128.33536140800004, -1.035625537999977, 0.0 ] ] ], [ [ [ 128.341523554000105, -1.034342996999953, 0.0 ], [ 128.347530102000064, -1.035428550999939, 0.0 ], [ 128.359766127000057, -1.043103075999966, 0.0 ], [ 128.360151181000106, -1.043993578999959, 0.0 ], [ 128.353544079000017, -1.05247879999996, 0.0 ], [ 128.351035033000016, -1.053746888999967, 0.0 ], [ 128.349691699000118, -1.052627593999944, 0.0 ], [ 128.351950726000041, -1.052951204999943, 0.0 ], [ 128.353723483000067, -1.047344539999926, 0.0 ], [ 128.355536937000011, -1.046189996999942, 0.0 ], [ 128.357599710000045, -1.046848666999949, 0.0 ], [ 128.359306435, -1.044305802999929, 0.0 ], [ 128.358795410000084, -1.043108890999974, 0.0 ], [ 128.35727329100007, -1.044119879999926, 0.0 ], [ 128.353795670000068, -1.04319762199998, 0.0 ], [ 128.354158737000034, -1.045007666999936, 0.0 ], [ 128.352236788000027, -1.04761151699995, 0.0 ], [ 128.345299933000092, -1.048502517999964, 0.0 ], [ 128.344379354000012, -1.049931307999941, 0.0 ], [ 128.343680389000042, -1.049148450999951, 0.0 ], [ 128.344215023000061, -1.051130469999976, 0.0 ], [ 128.344743133000065, -1.050189893999971, 0.0 ], [ 128.347903229000053, -1.051404118999926, 0.0 ], [ 128.346478491000084, -1.053316676999941, 0.0 ], [ 128.349317813000084, -1.053324454999938, 0.0 ], [ 128.34774978900009, -1.054918268999927, 0.0 ], [ 128.338668017000032, -1.053716185999974, 0.0 ], [ 128.339105790000076, -1.052663093999968, 0.0 ], [ 128.336861438000028, -1.050441349999971, 0.0 ], [ 128.334657026000059, -1.039238816999955, 0.0 ], [ 128.336629634000019, -1.038868225999977, 0.0 ], [ 128.33780115400009, -1.037103189999925, 0.0 ], [ 128.339738937000106, -1.038396143999933, 0.0 ], [ 128.33940063600005, -1.035691299999939, 0.0 ], [ 128.341523554000105, -1.034342996999953, 0.0 ] ] ], [ [ [ 128.174968737000086, -1.031095037999933, 0.0 ], [ 128.178875889000096, -1.034605251999949, 0.0 ], [ 128.1795979420001, -1.037812753999958, 0.0 ], [ 128.178455923000115, -1.040253843999949, 0.0 ], [ 128.174883584000099, -1.038557099999935, 0.0 ], [ 128.175864642000079, -1.037863237999943, 0.0 ], [ 128.173967015000017, -1.031244370999957, 0.0 ], [ 128.174968737000086, -1.031095037999933, 0.0 ] ] ], [ [ [ 128.333913217000031, -1.022518705999971, 0.0 ], [ 128.334066434000079, -1.023305036999943, 0.0 ], [ 128.332568485000024, -1.022489700999927, 0.0 ], [ 128.33364576200006, -1.022202694999976, 0.0 ], [ 128.333913217000031, -1.022518705999971, 0.0 ] ] ], [ [ [ 128.135150469000109, -1.020879667999964, 0.0 ], [ 128.135399869000025, -1.021906543999933, 0.0 ], [ 128.133295221000026, -1.022839433999934, 0.0 ], [ 128.133608484000092, -1.025122907999958, 0.0 ], [ 128.139093101000071, -1.029210090999925, 0.0 ], [ 128.14102626500005, -1.029347044999952, 0.0 ], [ 128.140583673000037, -1.030502981999973, 0.0 ], [ 128.132866580000041, -1.025172968999925, 0.0 ], [ 128.132681844000103, -1.022437160999971, 0.0 ], [ 128.135150469000109, -1.020879667999964, 0.0 ] ] ], [ [ [ 128.178038168000057, -1.014152795999962, 0.0 ], [ 128.177153009000108, -1.013786358999937, 0.0 ], [ 128.177386197000033, -1.012168325999937, 0.0 ], [ 128.177719321000041, -1.012358682999945, 0.0 ], [ 128.178038168000057, -1.014152795999962, 0.0 ] ] ], [ [ [ 128.170166068000071, -1.009996360999935, 0.0 ], [ 128.171630787000026, -1.01017864399995, 0.0 ], [ 128.171901634000051, -1.011083461999931, 0.0 ], [ 128.170308276000014, -1.011829828999964, 0.0 ], [ 128.170166068000071, -1.009996360999935, 0.0 ] ] ], [ [ [ 128.161244159000034, -1.007946297999979, 0.0 ], [ 128.162328264000053, -1.00872207599997, 0.0 ], [ 128.162356696000074, -1.009119405999968, 0.0 ], [ 128.160517367000011, -1.008160301999965, 0.0 ], [ 128.161244159000034, -1.007946297999979, 0.0 ] ] ], [ [ [ 128.160529462000113, -1.007359128999951, 0.0 ], [ 128.160415272000023, -1.007564940999941, 0.0 ], [ 128.160265471000116, -1.007550541999933, 0.0 ], [ 128.159726173000081, -1.006755915999975, 0.0 ], [ 128.160529462000113, -1.007359128999951, 0.0 ] ] ], [ [ [ 128.158336643000098, -1.005114043999924, 0.0 ], [ 128.15826103400002, -1.005091046999951, 0.0 ], [ 128.158437986000081, -1.004933120999965, 0.0 ], [ 128.158445108000024, -1.004980513999953, 0.0 ], [ 128.158336643000098, -1.005114043999924, 0.0 ] ] ], [ [ [ 128.158973420000052, -1.005166386999974, 0.0 ], [ 128.159627113000056, -1.006011463999926, 0.0 ], [ 128.159336924000058, -1.006365627999969, 0.0 ], [ 128.158352796000031, -1.005180586999927, 0.0 ], [ 128.158973420000052, -1.005166386999974, 0.0 ] ] ], [ [ [ 128.15833921300009, -1.004829072999939, 0.0 ], [ 128.158166794000067, -1.004924768999956, 0.0 ], [ 128.158103785000094, -1.004907997999965, 0.0 ], [ 128.158147799000062, -1.004818252999939, 0.0 ], [ 128.15833921300009, -1.004829072999939, 0.0 ] ] ], [ [ [ 128.157231188000083, -1.004230871999937, 0.0 ], [ 128.157143221000069, -1.004178192999973, 0.0 ], [ 128.157152751000012, -1.004106388999958, 0.0 ], [ 128.157274021000035, -1.00410642099996, 0.0 ], [ 128.157231188000083, -1.004230871999937, 0.0 ] ] ], [ [ [ 128.157567487000051, -1.004110186999981, 0.0 ], [ 128.158325390000073, -1.004253993999953, 0.0 ], [ 128.158515507000061, -1.004690857999947, 0.0 ], [ 128.157885389000057, -1.004639832999942, 0.0 ], [ 128.157567487000051, -1.004110186999981, 0.0 ] ] ], [ [ [ 128.156072468000048, -1.002345386999934, 0.0 ], [ 128.157218248000049, -1.003690834999929, 0.0 ], [ 128.153585594000106, -1.00095650999998, 0.0 ], [ 128.154612762000056, -1.001200912999934, 0.0 ], [ 128.156072468000048, -1.002345386999934, 0.0 ] ] ], [ [ [ 128.17196884800012, -0.99797599599998, 0.0 ], [ 128.174045934000105, -1.000000012999976, 0.0 ], [ 128.174699262000104, -1.002433279999934, 0.0 ], [ 128.169920354000055, -1.000000008999962, 0.0 ], [ 128.169571587000064, -0.998378593999973, 0.0 ], [ 128.17196884800012, -0.99797599599998, 0.0 ] ] ], [ [ [ 128.406172070000025, -0.997081941999966, 0.0 ], [ 128.406282207000118, -0.997508366999966, 0.0 ], [ 128.405200612000044, -0.997141245999956, 0.0 ], [ 128.405372876000115, -0.996810836999941, 0.0 ], [ 128.406172070000025, -0.997081941999966, 0.0 ] ] ], [ [ [ 128.405042467000044, -0.99706217399995, 0.0 ], [ 128.405031172, -0.99725420599998, 0.0 ], [ 128.404200913000068, -0.996963333999929, 0.0 ], [ 128.404760066000108, -0.99670352499993, 0.0 ], [ 128.405042467000044, -0.99706217399995, 0.0 ] ] ], [ [ [ 128.403720767000095, -0.994137314999932, 0.0 ], [ 128.402328782000041, -0.996186030999979, 0.0 ], [ 128.400565601000039, -0.994844014999956, 0.0 ], [ 128.402699978000101, -0.99348058299995, 0.0 ], [ 128.403720767000095, -0.994137314999932, 0.0 ] ] ], [ [ [ 128.380181948000086, -0.992477045999976, 0.0 ], [ 128.381121835000044, -0.992714991999947, 0.0 ], [ 128.380770865000045, -0.995873725999957, 0.0 ], [ 128.379182575000073, -0.994666148999954, 0.0 ], [ 128.380181948000086, -0.992477045999976, 0.0 ] ] ], [ [ [ 128.375817918000052, -0.99167779499993, 0.0 ], [ 128.372362940000016, -0.990121626999951, 0.0 ], [ 128.373190993000094, -0.988165709999976, 0.0 ], [ 128.376596002000042, -0.99074266599996, 0.0 ], [ 128.375817918000052, -0.99167779499993, 0.0 ] ] ], [ [ [ 128.382360642000094, -0.985339702999966, 0.0 ], [ 128.386151124000094, -0.986974393999958, 0.0 ], [ 128.386186816000077, -0.988152226999944, 0.0 ], [ 128.381082872000093, -0.985710898999969, 0.0 ], [ 128.382360642000094, -0.985339702999966, 0.0 ] ] ], [ [ [ 128.367656664000037, -0.983531174999939, 0.0 ], [ 128.368836877000035, -0.985720277999974, 0.0 ], [ 128.368613207000067, -0.986495982999941, 0.0 ], [ 128.366614460000051, -0.985106377999955, 0.0 ], [ 128.367656664000037, -0.983531174999939, 0.0 ] ] ], [ [ [ 128.374960122000061, -0.983147188999965, 0.0 ], [ 128.376607899000078, -0.985431471999959, 0.0 ], [ 128.377874962000078, -0.98515783299996, 0.0 ], [ 128.377500197000018, -0.986609304999945, 0.0 ], [ 128.375441963000071, -0.985621828999967, 0.0 ], [ 128.376215288000026, -0.984890143999962, 0.0 ], [ 128.373365883000019, -0.984866349999947, 0.0 ], [ 128.374960122000061, -0.983147188999965, 0.0 ] ] ], [ [ [ 128.373015210000062, -0.982314475999942, 0.0 ], [ 128.374047897000082, -0.982880788999978, 0.0 ], [ 128.37322460200005, -0.983718358999965, 0.0 ], [ 128.372149086000036, -0.982209779999948, 0.0 ], [ 128.373015210000062, -0.982314475999942, 0.0 ] ] ], [ [ [ 128.366741761000071, -0.973877700999935, 0.0 ], [ 128.370340696000085, -0.977131613999973, 0.0 ], [ 128.370679769000049, -0.980617523999967, 0.0 ], [ 128.368996300000049, -0.978000116999965, 0.0 ], [ 128.366569250000111, -0.97781570899997, 0.0 ], [ 128.365010703000053, -0.974187030999929, 0.0 ], [ 128.366741761000071, -0.973877700999935, 0.0 ] ] ], [ [ [ 128.355057294000062, -0.962141387999964, 0.0 ], [ 128.353956793000066, -0.961939133999977, 0.0 ], [ 128.355723544000057, -0.961207448999971, 0.0 ], [ 128.355366624000112, -0.961903441999937, 0.0 ], [ 128.355057294000062, -0.962141387999964, 0.0 ] ] ], [ [ [ 128.344536507000043, -0.952672322999945, 0.0 ], [ 128.34672799100008, -0.952929304999941, 0.0 ], [ 128.346599500000025, -0.95626292999998, 0.0 ], [ 128.344286664000037, -0.956041639999967, 0.0 ], [ 128.343544272000031, -0.953757356999972, 0.0 ], [ 128.343737008000062, -0.952293988999941, 0.0 ], [ 128.344536507000043, -0.952672322999945, 0.0 ] ] ], [ [ [ 128.358627676000083, -0.954592547999937, 0.0 ], [ 128.354082905000041, -0.952593800999978, 0.0 ], [ 128.353488039000013, -0.950012085999958, 0.0 ], [ 128.358639573000119, -0.949333938999928, 0.0 ], [ 128.358627676000083, -0.954592547999937, 0.0 ] ] ], [ [ [ 128.31607344400004, -0.938155670999947, 0.0 ], [ 128.329600680000112, -0.942138888999978, 0.0 ], [ 128.329679202000079, -0.943980591999946, 0.0 ], [ 128.325860167000087, -0.945015656999942, 0.0 ], [ 128.322626480000054, -0.948841829999935, 0.0 ], [ 128.332621405000054, -0.942931248999969, 0.0 ], [ 128.337695606000011, -0.948522982999975, 0.0 ], [ 128.33605972700002, -0.950729932999934, 0.0 ], [ 128.331217524000067, -0.951657921999924, 0.0 ], [ 128.328159916000118, -0.953026111999975, 0.0 ], [ 128.328695295000102, -0.95372210499994, 0.0 ], [ 128.332787968000048, -0.952330119999942, 0.0 ], [ 128.332193102000019, -0.95399574299995, 0.0 ], [ 128.334203747000061, -0.955352034999976, 0.0 ], [ 128.338944824, -0.952930933999937, 0.0 ], [ 128.337909758000023, -0.951937508999947, 0.0 ], [ 128.33853436600009, -0.949950658999967, 0.0 ], [ 128.340592600000036, -0.950384910999958, 0.0 ], [ 128.338819902000068, -0.957332936999933, 0.0 ], [ 128.333573190000038, -0.960598747999938, 0.0 ], [ 128.332365614000082, -0.963793173999932, 0.0 ], [ 128.335853978000046, -0.962470564999933, 0.0 ], [ 128.338195367000026, -0.958872819999954, 0.0 ], [ 128.339066250000087, -0.959850778999964, 0.0 ], [ 128.337667127000032, -0.964897614999927, 0.0 ], [ 128.340051347000099, -0.963805442999956, 0.0 ], [ 128.342442705000053, -0.967039129999932, 0.0 ], [ 128.343934628000056, -0.966896362999933, 0.0 ], [ 128.342956669000046, -0.965561483999977, 0.0 ], [ 128.345826299, -0.965668559999926, 0.0 ], [ 128.346668628000089, -0.966346706999957, 0.0 ], [ 128.345262367000032, -0.966168246999928, 0.0 ], [ 128.346361677000118, -0.969052153999939, 0.0 ], [ 128.342763932000025, -0.974213204999955, 0.0 ], [ 128.342021541, -0.980466428999932, 0.0 ], [ 128.347539511000036, -0.969794545999946, 0.0 ], [ 128.35359999800005, -0.970829610999942, 0.0 ], [ 128.349723856000082, -0.976568871999973, 0.0 ], [ 128.349316968000039, -0.982108255999947, 0.0 ], [ 128.352186598000117, -0.975091225999961, 0.0 ], [ 128.353764181000088, -0.975926416999926, 0.0 ], [ 128.353935502000013, -0.977982270999973, 0.0 ], [ 128.356533873000103, -0.973242384999935, 0.0 ], [ 128.357240573000013, -0.975148332999936, 0.0 ], [ 128.355805759000077, -0.97999529599997, 0.0 ], [ 128.357198310000058, -0.982245403999968, 0.0 ], [ 128.360104237000087, -0.978839556999958, 0.0 ], [ 128.358174016000021, -0.974557829999981, 0.0 ], [ 128.361885975000064, -0.97487310899993, 0.0 ], [ 128.361059112000021, -0.980548122999949, 0.0 ], [ 128.362944835, -0.985919756999976, 0.0 ], [ 128.364842456000019, -0.985431966999954, 0.0 ], [ 128.367091046000041, -0.988941671999953, 0.0 ], [ 128.372200939000095, -0.99182081999993, 0.0 ], [ 128.373628616000019, -0.993260393999947, 0.0 ], [ 128.373646462000011, -0.995657700999971, 0.0 ], [ 128.382118207000076, -0.999215654999944, 0.0 ], [ 128.381773185000043, -0.996818347999977, 0.0 ], [ 128.386383391000095, -0.99812110299996, 0.0 ], [ 128.387858657000038, -0.997323982999944, 0.0 ], [ 128.387192407000043, -0.996003382999959, 0.0 ], [ 128.391094723000037, -0.997002755999972, 0.0 ], [ 128.399631039000042, -0.994379400999946, 0.0 ], [ 128.401510814000062, -0.996633939999924, 0.0 ], [ 128.403331102000038, -0.996122355999944, 0.0 ], [ 128.404169862000117, -0.997508391999929, 0.0 ], [ 128.409737800000016, -0.999887851999972, 0.0 ], [ 128.409821081000018, -0.998704070999963, 0.0 ], [ 128.412209881000081, -1.00212566099998, 0.0 ], [ 128.413962486000059, -1.008618724999963, 0.0 ], [ 128.415388930000063, -1.010575784999958, 0.0 ], [ 128.417077285000119, -1.010683803999939, 0.0 ], [ 128.417024095000102, -1.008918483999935, 0.0 ], [ 128.415686501000096, -1.008774623999955, 0.0 ], [ 128.416495337000015, -1.006979538999929, 0.0 ], [ 128.415550095000071, -1.006931495999936, 0.0 ], [ 128.415681583000037, -1.002999964999958, 0.0 ], [ 128.412644020000016, -1.001240092999979, 0.0 ], [ 128.410206485000117, -0.997783179999942, 0.0 ], [ 128.406978794000111, -0.996390670999972, 0.0 ], [ 128.407392247000075, -0.994838213999969, 0.0 ], [ 128.403648691000058, -0.991625134999936, 0.0 ], [ 128.397148003000098, -0.99044016299996, 0.0 ], [ 128.398956393000049, -0.994185434999963, 0.0 ], [ 128.396467477000101, -0.993971282999951, 0.0 ], [ 128.396700664000036, -0.993057569999962, 0.0 ], [ 128.390942369000072, -0.995299021999926, 0.0 ], [ 128.385469609000097, -0.994704156999944, 0.0 ], [ 128.395415755000045, -0.989992823999955, 0.0 ], [ 128.404781314000047, -0.990530582999952, 0.0 ], [ 128.40903103100004, -0.996103279999943, 0.0 ], [ 128.416378116000033, -1.002019277999977, 0.0 ], [ 128.419454613000084, -1.01222751499995, 0.0 ], [ 128.419196208000017, -1.021081549999963, 0.0 ], [ 128.414207558000044, -1.028083470999945, 0.0 ], [ 128.40031577100001, -1.03814011999998, 0.0 ], [ 128.396647922000056, -1.036966537999945, 0.0 ], [ 128.398070548000078, -1.035466800999927, 0.0 ], [ 128.401423545000057, -1.035395630999972, 0.0 ], [ 128.399806743000113, -1.034120713999926, 0.0 ], [ 128.391763488000038, -1.032377807999978, 0.0 ], [ 128.386002185000052, -1.034747250999942, 0.0 ], [ 128.389855742, -1.036340719999941, 0.0 ], [ 128.390372288000094, -1.038799076999965, 0.0 ], [ 128.380198766000035, -1.037413529999981, 0.0 ], [ 128.381525019000037, -1.035950807999939, 0.0 ], [ 128.383465374000025, -1.036417945999972, 0.0 ], [ 128.382916565000073, -1.033789637999973, 0.0 ], [ 128.380597703000035, -1.035426421999944, 0.0 ], [ 128.381515075000038, -1.03449931199998, 0.0 ], [ 128.379527170000074, -1.034001047999936, 0.0 ], [ 128.366261498000085, -1.036454231999926, 0.0 ], [ 128.363480449, -1.03492482799993, 0.0 ], [ 128.362353938000069, -1.037101694999933, 0.0 ], [ 128.35715420300005, -1.03760241599997, 0.0 ], [ 128.354604187000064, -1.035763598999949, 0.0 ], [ 128.3557937060001, -1.03550273999997, 0.0 ], [ 128.355051917000083, -1.03479886599996, 0.0 ], [ 128.352879662000078, -1.034651572999962, 0.0 ], [ 128.351659420000033, -1.032798905999925, 0.0 ], [ 128.345075464000047, -1.029551814999934, 0.0 ], [ 128.344234287000063, -1.02648542999998, 0.0 ], [ 128.340406803000064, -1.023692495999967, 0.0 ], [ 128.340770974000066, -1.022015849999946, 0.0 ], [ 128.336555951000037, -1.022403936999979, 0.0 ], [ 128.335474232000024, -1.021171005999975, 0.0 ], [ 128.334617860000094, -1.022654861999968, 0.0 ], [ 128.333536079000055, -1.021721130999936, 0.0 ], [ 128.334546809000017, -1.021254588999966, 0.0 ], [ 128.333857500000022, -1.019794347999948, 0.0 ], [ 128.333631321000098, -1.021122749999961, 0.0 ], [ 128.332430386000055, -1.021433667999929, 0.0 ], [ 128.332977460000052, -1.020739636999963, 0.0 ], [ 128.32875531000002, -1.016633967999951, 0.0 ], [ 128.329576211000017, -1.014180698999951, 0.0 ], [ 128.333048263000023, -1.013020523999955, 0.0 ], [ 128.332775783000102, -1.008197357999961, 0.0 ], [ 128.335154137000018, -1.006211156999939, 0.0 ], [ 128.334456831000011, -1.004311809999933, 0.0 ], [ 128.332268626000086, -1.004780086999972, 0.0 ], [ 128.331614887000114, -1.003810543999975, 0.0 ], [ 128.335658540000054, -0.997605270999941, 0.0 ], [ 128.333840632000033, -0.995349541999929, 0.0 ], [ 128.334192792000067, -0.989496067999937, 0.0 ], [ 128.338971285000071, -0.983905107999931, 0.0 ], [ 128.338574064000113, -0.97249241999998, 0.0 ], [ 128.332774127000107, -0.973610766999968, 0.0 ], [ 128.326493646000017, -0.96940755299994, 0.0 ], [ 128.321479421000049, -0.97041098699998, 0.0 ], [ 128.317517618000011, -0.968433654999956, 0.0 ], [ 128.310807538000063, -0.967468782999958, 0.0 ], [ 128.30764880400011, -0.965398651999976, 0.0 ], [ 128.307506459000024, -0.961845856999958, 0.0 ], [ 128.309367964000103, -0.960395834999929, 0.0 ], [ 128.30561436500011, -0.95523835399996, 0.0 ], [ 128.307785623000086, -0.944709238999963, 0.0 ], [ 128.312086499000088, -0.944994772999962, 0.0 ], [ 128.31244936600001, -0.946666344999926, 0.0 ], [ 128.31258618600009, -0.945113746999937, 0.0 ], [ 128.310206724000068, -0.943049563999978, 0.0 ], [ 128.313931929000091, -0.945848467999951, 0.0 ], [ 128.316565992000051, -0.942224549999935, 0.0 ], [ 128.317493982000087, -0.941881906999924, 0.0 ], [ 128.317422598, -0.943109708999941, 0.0 ], [ 128.321951924000018, -0.942163294999943, 0.0 ], [ 128.322305252000092, -0.941482156999939, 0.0 ], [ 128.319507007000084, -0.941253729999971, 0.0 ], [ 128.319421346000013, -0.939983096999924, 0.0 ], [ 128.313096739000116, -0.94436606499994, 0.0 ], [ 128.312539944000036, -0.942510083999935, 0.0 ], [ 128.314517276000061, -0.938269884999954, 0.0 ], [ 128.31607344400004, -0.938155670999947, 0.0 ] ] ], [ [ [ 128.461464373000013, -0.918889111999931, 0.0 ], [ 128.458951662000118, -0.917656550999936, 0.0 ], [ 128.460788606000051, -0.914058805999957, 0.0 ], [ 128.462411398000086, -0.916761873999974, 0.0 ], [ 128.461464373000013, -0.918889111999931, 0.0 ] ] ], [ [ [ 128.142584998000075, -0.875294632999953, 0.0 ], [ 128.14243151300002, -0.875263936999943, 0.0 ], [ 128.142308724000031, -0.874829790999968, 0.0 ], [ 128.14269463100004, -0.874904340999933, 0.0 ], [ 128.142584998000075, -0.875294632999953, 0.0 ] ] ], [ [ [ 128.118266738000102, -0.84127252899998, 0.0 ], [ 128.12328264100006, -0.844137399999966, 0.0 ], [ 128.121521840000014, -0.845560317999968, 0.0 ], [ 128.121835929000099, -0.846816672999978, 0.0 ], [ 128.119394602000057, -0.847901706999949, 0.0 ], [ 128.119832422000059, -0.85080464999993, 0.0 ], [ 128.121774063000089, -0.852084798999954, 0.0 ], [ 128.114521466000042, -0.855706339999927, 0.0 ], [ 128.112613138000029, -0.850604774999965, 0.0 ], [ 128.114626162000036, -0.848439465999945, 0.0 ], [ 128.115073500000108, -0.844641845999945, 0.0 ], [ 128.118266738000102, -0.84127252899998, 0.0 ] ] ], [ [ [ 128.096005140000102, -0.839096925999968, 0.0 ], [ 128.098158150000017, -0.844276893999961, 0.0 ], [ 128.099970297000027, -0.842831659999945, 0.0 ], [ 128.101867570000081, -0.843435256999953, 0.0 ], [ 128.10223785300002, -0.84622613099998, 0.0 ], [ 128.104225179000082, -0.848146158999953, 0.0 ], [ 128.103387951000059, -0.849333126999966, 0.0 ], [ 128.107002139000087, -0.849070685999948, 0.0 ], [ 128.111523954000063, -0.852717561999953, 0.0 ], [ 128.109421209000061, -0.856359944999951, 0.0 ], [ 128.106078354000033, -0.855401771999936, 0.0 ], [ 128.104294095000114, -0.85859129399995, 0.0 ], [ 128.105739860000085, -0.858117726999978, 0.0 ], [ 128.106067715000108, -0.859281031999956, 0.0 ], [ 128.103066517000116, -0.861477531999981, 0.0 ], [ 128.100812783000038, -0.859997831999976, 0.0 ], [ 128.098354168000014, -0.860227021999947, 0.0 ], [ 128.097513010000057, -0.857866860999934, 0.0 ], [ 128.095358729000054, -0.858167925999965, 0.0 ], [ 128.090299809000044, -0.854543012999954, 0.0 ], [ 128.086856573000091, -0.855872955999928, 0.0 ], [ 128.083703964000051, -0.854905240999926, 0.0 ], [ 128.07983394200005, -0.851199237999936, 0.0 ], [ 128.081089667000015, -0.844478315999936, 0.0 ], [ 128.08484425600011, -0.838921984999956, 0.0 ], [ 128.088924279000025, -0.839377700999933, 0.0 ], [ 128.09380842500002, -0.837866171999963, 0.0 ], [ 128.096005140000102, -0.839096925999968, 0.0 ] ] ], [ [ [ 128.131878242000084, -0.83035433799995, 0.0 ], [ 128.1318354120001, -0.83050424399994, 0.0 ], [ 128.131521323000015, -0.830168739999976, 0.0 ], [ 128.131885380000085, -0.830125909999936, 0.0 ], [ 128.131878242000084, -0.83035433799995, 0.0 ] ] ], [ [ [ 127.875538166000069, -0.825693501999979, 0.0 ], [ 127.876009299000089, -0.826012350999974, 0.0 ], [ 127.875809425000057, -0.827078348999976, 0.0 ], [ 127.874929024000039, -0.826397823999969, 0.0 ], [ 127.875538166000069, -0.825693501999979, 0.0 ] ] ], [ [ [ 128.137567533000038, -0.821759724999936, 0.0 ], [ 128.139237915000081, -0.823351583999965, 0.0 ], [ 128.13826709500006, -0.825435991999939, 0.0 ], [ 128.134212494000053, -0.826399672999969, 0.0 ], [ 128.135951879000118, -0.823929792999934, 0.0 ], [ 128.135528335000117, -0.821888214999944, 0.0 ], [ 128.137567533000038, -0.821759724999936, 0.0 ] ] ], [ [ [ 128.145893267000019, -0.814821216999974, 0.0 ], [ 128.145345992000102, -0.816377383999964, 0.0 ], [ 128.144127707000052, -0.817486212999938, 0.0 ], [ 128.144051564000051, -0.815173376999951, 0.0 ], [ 128.145893267000019, -0.814821216999974, 0.0 ] ] ], [ [ [ 128.146616623000114, -0.811965862999955, 0.0 ], [ 128.145869473000062, -0.813588654999933, 0.0 ], [ 128.142914183000016, -0.813798047999967, 0.0 ], [ 128.138654947000077, -0.817005560999974, 0.0 ], [ 128.139349749000075, -0.813655280999967, 0.0 ], [ 128.146616623000114, -0.811965862999955, 0.0 ] ] ], [ [ [ 128.140012061000107, -0.804670432999956, 0.0 ], [ 128.140679878000014, -0.806491887999925, 0.0 ], [ 128.147850539000046, -0.806104622999953, 0.0 ], [ 128.148603112000046, -0.80462855299993, 0.0 ], [ 128.151707072000022, -0.804810975999942, 0.0 ], [ 128.152516161000108, -0.806067000999974, 0.0 ], [ 128.150791982000101, -0.807612436999932, 0.0 ], [ 128.140054650000025, -0.808676820999949, 0.0 ], [ 128.137131347000036, -0.810928073999946, 0.0 ], [ 128.135699837000061, -0.805949120999969, 0.0 ], [ 128.140012061000107, -0.804670432999956, 0.0 ] ] ], [ [ [ 128.156556822000084, -0.794527982999966, 0.0 ], [ 128.16137523000009, -0.79336204699996, 0.0 ], [ 128.158811361000062, -0.797769998999968, 0.0 ], [ 128.156176108000068, -0.799102496999978, 0.0 ], [ 128.154593766000062, -0.799411826999972, 0.0 ], [ 128.154111926000041, -0.797204876999956, 0.0 ], [ 128.15282701600006, -0.798007944999938, 0.0 ], [ 128.1514528780001, -0.796627857999965, 0.0 ], [ 128.154605664000087, -0.795789096999954, 0.0 ], [ 128.155236221000109, -0.793112203999954, 0.0 ], [ 128.15643784800011, -0.792856411999935, 0.0 ], [ 128.156556822000084, -0.794527982999966, 0.0 ] ] ], [ [ [ 128.158383058000027, -0.786818529999948, 0.0 ], [ 128.161095643000067, -0.789911828999948, 0.0 ], [ 128.161030209000046, -0.791404940999939, 0.0 ], [ 128.156283184000017, -0.790250901999968, 0.0 ], [ 128.156574668000076, -0.787710826999955, 0.0 ], [ 128.158383058000027, -0.786818529999948, 0.0 ] ] ], [ [ [ 127.196939282000017, -0.776754308999955, 0.0 ], [ 127.198343825000052, -0.77707073199997, 0.0 ], [ 127.198557356000038, -0.777968040999951, 0.0 ], [ 127.196767697000041, -0.777830893999976, 0.0 ], [ 127.196939282000017, -0.776754308999955, 0.0 ] ] ], [ [ [ 127.163687393000032, -0.751209185999926, 0.0 ], [ 127.169303110000101, -0.758059006999929, 0.0 ], [ 127.173516801000119, -0.758685251999964, 0.0 ], [ 127.176652864000062, -0.761629419999963, 0.0 ], [ 127.18050758600009, -0.768134022999959, 0.0 ], [ 127.185633414000108, -0.770117257999971, 0.0 ], [ 127.191178613000034, -0.775251689999948, 0.0 ], [ 127.187043532000075, -0.774079945999972, 0.0 ], [ 127.184805630000028, -0.771703169999967, 0.0 ], [ 127.178324790000033, -0.770343802999946, 0.0 ], [ 127.175438289000112, -0.76739972699994, 0.0 ], [ 127.173451217000093, -0.762044357999969, 0.0 ], [ 127.162557918000061, -0.758142260999932, 0.0 ], [ 127.160327385000073, -0.75527027499993, 0.0 ], [ 127.160414113000115, -0.752492586999949, 0.0 ], [ 127.163687393000032, -0.751209185999926, 0.0 ] ] ], [ [ [ 127.880294704000107, -0.732491666999977, 0.0 ], [ 127.877837910000039, -0.732479769999941, 0.0 ], [ 127.877802219000046, -0.730605943999933, 0.0 ], [ 127.879449996000062, -0.730320408999944, 0.0 ], [ 127.880294704000107, -0.732491666999977, 0.0 ] ] ], [ [ [ 127.169447013000081, -0.704705746999934, 0.0 ], [ 127.164602324000043, -0.706603303999941, 0.0 ], [ 127.162976442000058, -0.705120303999934, 0.0 ], [ 127.168156172000067, -0.703078716999926, 0.0 ], [ 127.169447013000081, -0.704705746999934, 0.0 ] ] ], [ [ [ 128.550361467000016, -0.699403114999939, 0.0 ], [ 128.548014683000019, -0.697787142999971, 0.0 ], [ 128.548671426000055, -0.69298306099995, 0.0 ], [ 128.553372133000039, -0.696150369999941, 0.0 ], [ 128.552615775000049, -0.698283080999943, 0.0 ], [ 128.550361467000016, -0.699403114999939, 0.0 ] ] ], [ [ [ 127.175293607000071, -0.690227583999956, 0.0 ], [ 127.173892204000026, -0.688990826999941, 0.0 ], [ 127.176341588000014, -0.687626912999974, 0.0 ], [ 127.177052452000112, -0.689185061999979, 0.0 ], [ 127.175293607000071, -0.690227583999956, 0.0 ] ] ], [ [ [ 127.667260376000058, -0.671580722999977, 0.0 ], [ 127.666832576000047, -0.674146809999968, 0.0 ], [ 127.664690253000117, -0.675298632999954, 0.0 ], [ 127.662399882000045, -0.674935202999961, 0.0 ], [ 127.66045232700003, -0.672581873999945, 0.0 ], [ 127.663740265000115, -0.670021859999963, 0.0 ], [ 127.667260376000058, -0.671580722999977, 0.0 ] ] ], [ [ [ 127.314078727000037, -0.668601661999958, 0.0 ], [ 127.312723849, -0.668780647999938, 0.0 ], [ 127.313373696000099, -0.665959847999943, 0.0 ], [ 127.314671109000074, -0.667015487999947, 0.0 ], [ 127.314078727000037, -0.668601661999958, 0.0 ] ] ], [ [ [ 127.311962332, -0.664495013999954, 0.0 ], [ 127.311798341000099, -0.664459066999939, 0.0 ], [ 127.31177703000003, -0.664222180999957, 0.0 ], [ 127.311955283000088, -0.664258132999976, 0.0 ], [ 127.311962332, -0.664495013999954, 0.0 ] ] ], [ [ [ 127.310558796, -0.660977228999968, 0.0 ], [ 127.312105254000016, -0.663583434999964, 0.0 ], [ 127.309351832000061, -0.666554247999954, 0.0 ], [ 127.308376607000014, -0.661651227999926, 0.0 ], [ 127.310558796, -0.660977228999968, 0.0 ] ] ], [ [ [ 127.201518058000033, -0.661251640999978, 0.0 ], [ 127.201147394000031, -0.660957217999965, 0.0 ], [ 127.201208086000065, -0.660720373999936, 0.0 ], [ 127.20147544200006, -0.66079224899994, 0.0 ], [ 127.201518058000033, -0.661251640999978, 0.0 ] ] ], [ [ [ 128.573088432000077, -0.654502983999976, 0.0 ], [ 128.579050614000039, -0.65452202299997, 0.0 ], [ 128.580557849000115, -0.658289841999931, 0.0 ], [ 128.571725946000015, -0.654344881999975, 0.0 ], [ 128.573088432000077, -0.654502983999976, 0.0 ] ] ], [ [ [ 128.193951, -0.652608442999963, 0.0 ], [ 128.193708522000065, -0.652335540999957, 0.0 ], [ 128.194172213000115, -0.652048391999926, 0.0 ], [ 128.1942221380001, -0.65207712199998, 0.0 ], [ 128.193951, -0.652608442999963, 0.0 ] ] ], [ [ [ 127.309424316000104, -0.656047833999935, 0.0 ], [ 127.30589752000003, -0.654668427999979, 0.0 ], [ 127.306336252000051, -0.650514819999955, 0.0 ], [ 127.308475390000012, -0.65061125099993, 0.0 ], [ 127.310813131000032, -0.65387571399998, 0.0 ], [ 127.309424316000104, -0.656047833999935, 0.0 ] ] ], [ [ [ 128.570182657000032, -0.655215338999938, 0.0 ], [ 128.564049897000018, -0.65438020199997, 0.0 ], [ 128.557973687000072, -0.650215991999971, 0.0 ], [ 128.560239799000101, -0.650017349999928, 0.0 ], [ 128.569345803000033, -0.653520524999976, 0.0 ], [ 128.570182657000032, -0.655215338999938, 0.0 ] ] ], [ [ [ 127.304205938000109, -0.652466554999933, 0.0 ], [ 127.301924494000104, -0.651470411999981, 0.0 ], [ 127.300280649000115, -0.648675168999944, 0.0 ], [ 127.303731645000084, -0.649241014999973, 0.0 ], [ 127.304205938000109, -0.652466554999933, 0.0 ] ] ], [ [ [ 128.557777500000043, -0.65039909199993, 0.0 ], [ 128.553659264000089, -0.64880795299996, 0.0 ], [ 128.553385868000078, -0.648191550999968, 0.0 ], [ 128.555989613000065, -0.647904537999977, 0.0 ], [ 128.557777500000043, -0.65039909199993, 0.0 ] ] ], [ [ [ 127.278025767000031, -0.650434588999929, 0.0 ], [ 127.276407561000042, -0.64923529999993, 0.0 ], [ 127.276700477000077, -0.647555737999937, 0.0 ], [ 127.278932118000057, -0.64812356799996, 0.0 ], [ 127.278025767000031, -0.650434588999929, 0.0 ] ] ], [ [ [ 127.339969892000113, -0.651167958999963, 0.0 ], [ 127.338278870000067, -0.649215581999954, 0.0 ], [ 127.337868449000098, -0.646983625999951, 0.0 ], [ 127.340687473000116, -0.648458054999935, 0.0 ], [ 127.339969892000113, -0.651167958999963, 0.0 ] ] ], [ [ [ 128.54362457600007, -0.646769658999972, 0.0 ], [ 128.543160857000089, -0.647260323999944, 0.0 ], [ 128.53964174500004, -0.646535911999933, 0.0 ], [ 128.540741585000092, -0.645452865999971, 0.0 ], [ 128.54362457600007, -0.646769658999972, 0.0 ] ] ], [ [ [ 127.301365135000083, -0.646742223999979, 0.0 ], [ 127.298732059000031, -0.645334423999941, 0.0 ], [ 127.299379319000082, -0.643047211999942, 0.0 ], [ 127.300548431000038, -0.643937691999952, 0.0 ], [ 127.301365135000083, -0.646742223999979, 0.0 ] ] ], [ [ [ 127.422231889000045, -0.646147815999939, 0.0 ], [ 127.421025013000076, -0.644089581999935, 0.0 ], [ 127.422356891000049, -0.641601426999955, 0.0 ], [ 127.423620739000057, -0.643918105999944, 0.0 ], [ 127.422231889000045, -0.646147815999939, 0.0 ] ] ], [ [ [ 128.527755466000031, -0.641210751999949, 0.0 ], [ 128.536685212000066, -0.643360408999968, 0.0 ], [ 128.539466298000093, -0.64691120599997, 0.0 ], [ 128.528860896000083, -0.643981548999932, 0.0 ], [ 128.526961856000071, -0.641360282999926, 0.0 ], [ 128.527755466000031, -0.641210751999949, 0.0 ] ] ], [ [ [ 127.279088749000039, -0.63460854899995, 0.0 ], [ 127.278760745000113, -0.634622794999927, 0.0 ], [ 127.279830512000103, -0.634013018999951, 0.0 ], [ 127.279794734, -0.634393443999954, 0.0 ], [ 127.279088749000039, -0.63460854899995, 0.0 ] ] ], [ [ [ 128.518925385000102, -0.638788111999929, 0.0 ], [ 128.520310323000103, -0.640254375999973, 0.0 ], [ 128.515774634000081, -0.640403550999963, 0.0 ], [ 128.513795465000044, -0.636597405999964, 0.0 ], [ 128.513861170000041, -0.63321633399994, 0.0 ], [ 128.518925385000102, -0.638788111999929, 0.0 ] ] ], [ [ [ 128.567057958000078, -0.631403157999955, 0.0 ], [ 128.568907774000081, -0.632987942999932, 0.0 ], [ 128.569278538000049, -0.63511836899994, 0.0 ], [ 128.565217370000028, -0.63323657799998, 0.0 ], [ 128.565060579000033, -0.631493950999925, 0.0 ], [ 128.567057958000078, -0.631403157999955, 0.0 ] ] ], [ [ [ 127.19874518600011, -0.632114989999934, 0.0 ], [ 127.198381580000046, -0.632028729999945, 0.0 ], [ 127.197811520000073, -0.631009292999977, 0.0 ], [ 127.198716856000033, -0.631562293999934, 0.0 ], [ 127.19874518600011, -0.632114989999934, 0.0 ] ] ], [ [ [ 127.323134491000019, -0.654875251999954, 0.0 ], [ 127.324379033000014, -0.657708674999981, 0.0 ], [ 127.323741278000057, -0.659957633999966, 0.0 ], [ 127.320973993000052, -0.661736889999929, 0.0 ], [ 127.312390933000074, -0.655177890999937, 0.0 ], [ 127.312676802000055, -0.653244664999932, 0.0 ], [ 127.309996930000011, -0.649558966999962, 0.0 ], [ 127.302430405000109, -0.645412234999981, 0.0 ], [ 127.301092897000103, -0.636204632999977, 0.0 ], [ 127.301540705000093, -0.633256959999926, 0.0 ], [ 127.303243117000079, -0.631429487999981, 0.0 ], [ 127.30618124700004, -0.63034894499998, 0.0 ], [ 127.309755327000062, -0.632513134999954, 0.0 ], [ 127.315570461000107, -0.64298562099998, 0.0 ], [ 127.315863912000054, -0.646881081999936, 0.0 ], [ 127.323134491000019, -0.654875251999954, 0.0 ] ] ], [ [ [ 127.427314087000013, -0.629887506999978, 0.0 ], [ 127.428797168000074, -0.630423958999927, 0.0 ], [ 127.428644716, -0.63150548699997, 0.0 ], [ 127.42922447400008, -0.632261808999942, 0.0 ], [ 127.428987232000054, -0.63073987599995, 0.0 ], [ 127.433588776000079, -0.631803705999971, 0.0 ], [ 127.432960510000044, -0.63426338499994, 0.0 ], [ 127.429842225000016, -0.633152142999961, 0.0 ], [ 127.429337934000046, -0.634377136999944, 0.0 ], [ 127.426818304000108, -0.63443379499995, 0.0 ], [ 127.425678250000033, -0.631447155999979, 0.0 ], [ 127.4261065930001, -0.629829710999957, 0.0 ], [ 127.427314087000013, -0.629887506999978, 0.0 ] ] ], [ [ [ 128.514957105, -0.630941839999934, 0.0 ], [ 128.514240266000115, -0.630176989999939, 0.0 ], [ 128.514525700000036, -0.629132173999949, 0.0 ], [ 128.515474380000114, -0.629828824999947, 0.0 ], [ 128.514957105, -0.630941839999934, 0.0 ] ] ], [ [ [ 128.592825445000017, -0.628249036999932, 0.0 ], [ 128.594004844000096, -0.628306578999968, 0.0 ], [ 128.593472054000017, -0.630317253999976, 0.0 ], [ 128.595536177000099, -0.628182225999979, 0.0 ], [ 128.597533487000078, -0.629053691999957, 0.0 ], [ 128.59720040000002, -0.631543124999951, 0.0 ], [ 128.600916083000016, -0.63254909099993, 0.0 ], [ 128.6056850760001, -0.639775758999974, 0.0 ], [ 128.606624022000119, -0.643701521999958, 0.0 ], [ 128.60645734600007, -0.64665774499997, 0.0 ], [ 128.603318266000088, -0.650876416999949, 0.0 ], [ 128.596452007000039, -0.653879974999938, 0.0 ], [ 128.593259873000079, -0.652395615999978, 0.0 ], [ 128.592951147, -0.647488486999976, 0.0 ], [ 128.59482395100008, -0.644263113999955, 0.0 ], [ 128.596524154, -0.643634900999928, 0.0 ], [ 128.595792924000079, -0.644209332999935, 0.0 ], [ 128.597112465, -0.646232123999937, 0.0 ], [ 128.599698387000103, -0.645963036999945, 0.0 ], [ 128.598265610000112, -0.647584661999929, 0.0 ], [ 128.598318845000108, -0.65097775199996, 0.0 ], [ 128.600845604000028, -0.64711809299996, 0.0 ], [ 128.603367416000083, -0.645690442999978, 0.0 ], [ 128.603848011000082, -0.642166935999967, 0.0 ], [ 128.603125251000051, -0.640840761999925, 0.0 ], [ 128.601826632000098, -0.644957845999954, 0.0 ], [ 128.600861770000051, -0.637968131999969, 0.0 ], [ 128.599397114000112, -0.636799885999949, 0.0 ], [ 128.600171736000107, -0.643928418999963, 0.0 ], [ 128.597732130000054, -0.643210112999952, 0.0 ], [ 128.597494520000055, -0.640983942999981, 0.0 ], [ 128.598978411000076, -0.639428147999979, 0.0 ], [ 128.595273949000102, -0.636770837999961, 0.0 ], [ 128.595549886000072, -0.635396868999976, 0.0 ], [ 128.594009072000063, -0.635095140999965, 0.0 ], [ 128.593709597000043, -0.633414731999949, 0.0 ], [ 128.591369821000058, -0.633270924999977, 0.0 ], [ 128.591331683000021, -0.63445341399995, 0.0 ], [ 128.592786917000012, -0.634448741999961, 0.0 ], [ 128.594199203000016, -0.636330308999959, 0.0 ], [ 128.592325209000023, -0.639643053999976, 0.0 ], [ 128.5909460150001, -0.640270095999938, 0.0 ], [ 128.590313596000101, -0.63920245099996, 0.0 ], [ 128.589576322000084, -0.641026397999951, 0.0 ], [ 128.588563547000035, -0.638747504999969, 0.0 ], [ 128.586371141000086, -0.639297880999948, 0.0 ], [ 128.585420123000063, -0.637852004999957, 0.0 ], [ 128.586880163000046, -0.637210608999965, 0.0 ], [ 128.584706989000097, -0.635161419999974, 0.0 ], [ 128.584297909000043, -0.636315152999941, 0.0 ], [ 128.582448052000018, -0.635132511999927, 0.0 ], [ 128.581953324000096, -0.636865514999954, 0.0 ], [ 128.578139289000092, -0.63680775399996, 0.0 ], [ 128.581392427000083, -0.63349513199995, 0.0 ], [ 128.59273018600004, -0.630125698999962, 0.0 ], [ 128.592825445000017, -0.628249036999932, 0.0 ] ] ], [ [ [ 128.591545436000047, -0.629559452999956, 0.0 ], [ 128.590289949000066, -0.62947318099998, 0.0 ], [ 128.590442223000082, -0.628276337999978, 0.0 ], [ 128.591469456000027, -0.628142370999967, 0.0 ], [ 128.591545436000047, -0.629559452999956, 0.0 ] ] ], [ [ [ 128.588490603000082, -0.628182828999968, 0.0 ], [ 128.588528624000105, -0.628503588999934, 0.0 ], [ 128.587720117000117, -0.629082801999971, 0.0 ], [ 128.588110198000095, -0.627584371999944, 0.0 ], [ 128.588490603000082, -0.628182828999968, 0.0 ] ] ], [ [ [ 128.586360033000119, -0.628651825999953, 0.0 ], [ 128.585789428000112, -0.627713446999962, 0.0 ], [ 128.586431492000088, -0.627062409999951, 0.0 ], [ 128.586892735000106, -0.627780558999973, 0.0 ], [ 128.586360033000119, -0.628651825999953, 0.0 ] ] ], [ [ [ 127.198276006000015, -0.628016337999952, 0.0 ], [ 127.198147711000047, -0.627879916999973, 0.0 ], [ 127.198433387000023, -0.626501889999929, 0.0 ], [ 127.198761046000072, -0.62745664299996, 0.0 ], [ 127.198276006000015, -0.628016337999952, 0.0 ] ] ], [ [ [ 128.552627841000117, -0.626420325999959, 0.0 ], [ 128.551966544000038, -0.62953207399994, 0.0 ], [ 128.548052911000013, -0.626563551999936, 0.0 ], [ 128.55142486200009, -0.62410312399993, 0.0 ], [ 128.552627841000117, -0.626420325999959, 0.0 ] ] ], [ [ [ 128.548568652000085, -0.624777453999968, 0.0 ], [ 128.548154961000023, -0.624210111999957, 0.0 ], [ 128.548782778000032, -0.623348435999958, 0.0 ], [ 128.549075172000016, -0.624256868999964, 0.0 ], [ 128.548568652000085, -0.624777453999968, 0.0 ] ] ], [ [ [ 128.56664463900006, -0.623139865999974, 0.0 ], [ 128.567613377000043, -0.625874750999969, 0.0 ], [ 128.564510211000083, -0.627202995999937, 0.0 ], [ 128.563805912000021, -0.625635062999947, 0.0 ], [ 128.562466703000041, -0.625633155999935, 0.0 ], [ 128.56664463900006, -0.623139865999974, 0.0 ] ] ], [ [ [ 127.196181299000045, -0.623486462999949, 0.0 ], [ 127.197336135000114, -0.62419745699998, 0.0 ], [ 127.197521295000115, -0.624850694999964, 0.0 ], [ 127.194897859000093, -0.623550619999946, 0.0 ], [ 127.196181299000045, -0.623486462999949, 0.0 ] ] ], [ [ [ 128.540812051000103, -0.625164997999946, 0.0 ], [ 128.539702826000052, -0.624892018999958, 0.0 ], [ 128.540730310000072, -0.621771931999945, 0.0 ], [ 128.541018937000104, -0.624981898999977, 0.0 ], [ 128.540812051000103, -0.625164997999946, 0.0 ] ] ], [ [ [ 127.295955935000052, -0.621841767999967, 0.0 ], [ 127.297889247000057, -0.623465750999969, 0.0 ], [ 127.298097450000114, -0.626630433999935, 0.0 ], [ 127.293879856000103, -0.629033688999925, 0.0 ], [ 127.293380169000102, -0.624399688999972, 0.0 ], [ 127.295955935000052, -0.621841767999967, 0.0 ] ] ], [ [ [ 127.194513009000048, -0.623033690999932, 0.0 ], [ 127.193564963000085, -0.622279702999947, 0.0 ], [ 127.193436799000096, -0.621755684999926, 0.0 ], [ 127.194605981000109, -0.622208283999953, 0.0 ], [ 127.194513009000048, -0.623033690999932, 0.0 ] ] ], [ [ [ 128.528516047000039, -0.623736065999935, 0.0 ], [ 128.527581601000065, -0.62337692899996, 0.0 ], [ 128.528373571000088, -0.62157455199997, 0.0 ], [ 128.529379327000015, -0.62221375799993, 0.0 ], [ 128.528516047000039, -0.623736065999935, 0.0 ] ] ], [ [ [ 128.558216110000103, -0.621651716999963, 0.0 ], [ 128.558281461000092, -0.622124477999932, 0.0 ], [ 128.557627532000083, -0.622465524999939, 0.0 ], [ 128.557464142000072, -0.621460157999934, 0.0 ], [ 128.558216110000103, -0.621651716999963, 0.0 ] ] ], [ [ [ 128.552028838000069, -0.621286522999981, 0.0 ], [ 128.552007790000062, -0.622743802999935, 0.0 ], [ 128.550919659000101, -0.623251173999961, 0.0 ], [ 128.55143531300007, -0.621541160999925, 0.0 ], [ 128.552028838000069, -0.621286522999981, 0.0 ] ] ], [ [ [ 128.53353585800005, -0.620804245999977, 0.0 ], [ 128.534291801000109, -0.623078318999944, 0.0 ], [ 128.530558732000031, -0.622072634999938, 0.0 ], [ 128.531971251000073, -0.620919002999926, 0.0 ], [ 128.53353585800005, -0.620804245999977, 0.0 ] ] ], [ [ [ 128.55511612600003, -0.620653372999925, 0.0 ], [ 128.555872211000064, -0.621373939999955, 0.0 ], [ 128.554849630000035, -0.622810071999936, 0.0 ], [ 128.553905784000108, -0.621057804999964, 0.0 ], [ 128.55511612600003, -0.620653372999925, 0.0 ] ] ], [ [ [ 128.553625263000072, -0.620335482999963, 0.0 ], [ 128.553753036000103, -0.620742421999978, 0.0 ], [ 128.55292070400003, -0.621906286999945, 0.0 ], [ 128.55287622000003, -0.620712425999955, 0.0 ], [ 128.553625263000072, -0.620335482999963, 0.0 ] ] ], [ [ [ 128.547733399000094, -0.618780859999958, 0.0 ], [ 128.550893479000024, -0.619158136999943, 0.0 ], [ 128.551093426000079, -0.62173650099993, 0.0 ], [ 128.55008100200007, -0.621158574999924, 0.0 ], [ 128.547246494000092, -0.622977539999965, 0.0 ], [ 128.546055477000095, -0.619839302999935, 0.0 ], [ 128.547733399000094, -0.618780859999958, 0.0 ] ] ], [ [ [ 128.545766068000034, -0.619346599999972, 0.0 ], [ 128.54590870200002, -0.619756532999929, 0.0 ], [ 128.545623328000033, -0.620193356999948, 0.0 ], [ 128.545186451000063, -0.619654737999952, 0.0 ], [ 128.545837456000072, -0.618721253999979, 0.0 ], [ 128.545766068000034, -0.619346599999972, 0.0 ] ] ], [ [ [ 127.317348955000057, -0.618932082999947, 0.0 ], [ 127.327331374000096, -0.620189059999973, 0.0 ], [ 127.328557326, -0.621816515999967, 0.0 ], [ 127.327899874000082, -0.626362521999965, 0.0 ], [ 127.328812656000082, -0.626161823999951, 0.0 ], [ 127.330493785000044, -0.631502975999979, 0.0 ], [ 127.330054672000074, -0.637015722999934, 0.0 ], [ 127.328628330000015, -0.637685225999974, 0.0 ], [ 127.325168654000095, -0.63442039499995, 0.0 ], [ 127.324977496000088, -0.637550037999972, 0.0 ], [ 127.322153861000061, -0.637281124999959, 0.0 ], [ 127.323760075000109, -0.638975710999944, 0.0 ], [ 127.328523297000061, -0.639082554999959, 0.0 ], [ 127.333823548000055, -0.654244761999962, 0.0 ], [ 127.333052423000026, -0.657307224999954, 0.0 ], [ 127.330380943000023, -0.656875631999981, 0.0 ], [ 127.328538041000115, -0.652156518999959, 0.0 ], [ 127.32295836600008, -0.648402836999935, 0.0 ], [ 127.308828317, -0.625246137999966, 0.0 ], [ 127.311415818000114, -0.620566807999978, 0.0 ], [ 127.314030900000034, -0.618835311999931, 0.0 ], [ 127.317348955000057, -0.618932082999947, 0.0 ] ] ], [ [ [ 128.542760564000105, -0.618090847999952, 0.0 ], [ 128.542910319000043, -0.618640213999925, 0.0 ], [ 128.542403830000012, -0.618819695999946, 0.0 ], [ 128.54242527200006, -0.618334974999925, 0.0 ], [ 128.542760564000105, -0.618090847999952, 0.0 ] ] ], [ [ [ 127.192154649000031, -0.618022831999951, 0.0 ], [ 127.192717863000098, -0.618209645999968, 0.0 ], [ 127.192788656000062, -0.619709812999929, 0.0 ], [ 127.19094262100009, -0.617771197999957, 0.0 ], [ 127.192154649000031, -0.618022831999951, 0.0 ] ] ], [ [ [ 127.191220846000078, -0.61731909699995, 0.0 ], [ 127.190500889000077, -0.616787699999975, 0.0 ], [ 127.190750761000118, -0.615840327999933, 0.0 ], [ 127.191620364000073, -0.616630173999965, 0.0 ], [ 127.191220846000078, -0.61731909699995, 0.0 ] ] ], [ [ [ 128.541675541000018, -0.617255653999962, 0.0 ], [ 128.541856325000026, -0.616432238999948, 0.0 ], [ 128.54227963400001, -0.615747678999981, 0.0 ], [ 128.542564983000034, -0.615599293999935, 0.0 ], [ 128.541675541000018, -0.617255653999962, 0.0 ] ] ], [ [ [ 128.54325911300009, -0.617835064999952, 0.0 ], [ 128.543183152000097, -0.616322243999946, 0.0 ], [ 128.544391138000037, -0.61562338899995, 0.0 ], [ 128.54452424100009, -0.61626969799994, 0.0 ], [ 128.54325911300009, -0.617835064999952, 0.0 ] ] ], [ [ [ 127.313556654000081, -0.610707067999954, 0.0 ], [ 127.314136590000089, -0.610755104999953, 0.0 ], [ 127.314031761000024, -0.611549457999956, 0.0 ], [ 127.313223663000031, -0.611453493999932, 0.0 ], [ 127.313556654000081, -0.610707067999954, 0.0 ] ] ], [ [ [ 128.530148520000012, -0.611909472999969, 0.0 ], [ 128.53022708200001, -0.610817956999938, 0.0 ], [ 128.530812046000051, -0.610534356999949, 0.0 ], [ 128.530908315000033, -0.610907779999934, 0.0 ], [ 128.530148520000012, -0.611909472999969, 0.0 ] ] ], [ [ [ 128.52956013700009, -0.61049474999993, 0.0 ], [ 128.52972059700005, -0.610968714999956, 0.0 ], [ 128.528871627000058, -0.612056571999972, 0.0 ], [ 128.528779022000094, -0.610577263999971, 0.0 ], [ 128.52956013700009, -0.61049474999993, 0.0 ] ] ], [ [ [ 128.52619555800004, -0.610380273999965, 0.0 ], [ 128.526222370000028, -0.609677130999955, 0.0 ], [ 128.526751442000091, -0.609545523999941, 0.0 ], [ 128.526641443000017, -0.609841733999929, 0.0 ], [ 128.52619555800004, -0.610380273999965, 0.0 ] ] ], [ [ [ 128.512983752000082, -0.610711219999928, 0.0 ], [ 128.514439063000054, -0.60960068299994, 0.0 ], [ 128.513478314000054, -0.610921908999956, 0.0 ], [ 128.514800426000079, -0.610285309999938, 0.0 ], [ 128.514451306000069, -0.614475819999939, 0.0 ], [ 128.515678087000083, -0.616285557999959, 0.0 ], [ 128.513177968000036, -0.619134608999957, 0.0 ], [ 128.511430359000087, -0.618330170999968, 0.0 ], [ 128.511816003000035, -0.613490178999939, 0.0 ], [ 128.510546323000085, -0.612786319999941, 0.0 ], [ 128.513040928, -0.609500020999974, 0.0 ], [ 128.512983752000082, -0.610711219999928, 0.0 ] ] ], [ [ [ 128.50969211600011, -0.61738801599995, 0.0 ], [ 128.505398131000106, -0.613955076999957, 0.0 ], [ 128.502901869000084, -0.609366159999979, 0.0 ], [ 128.507317055000044, -0.613481305999926, 0.0 ], [ 128.50969211600011, -0.61738801599995, 0.0 ] ] ], [ [ [ 127.331583047000095, -0.610088442999938, 0.0 ], [ 127.332509910000113, -0.610462001999963, 0.0 ], [ 127.331339933000095, -0.612270554999952, 0.0 ], [ 127.328958787000033, -0.610733664999941, 0.0 ], [ 127.330513815000018, -0.608925233999969, 0.0 ], [ 127.331583047000095, -0.610088442999938, 0.0 ] ] ], [ [ [ 128.5253396600001, -0.60912650399996, 0.0 ], [ 128.525696266000068, -0.609850625999968, 0.0 ], [ 128.524245775000054, -0.610227502999976, 0.0 ], [ 128.524294781000094, -0.608733860999962, 0.0 ], [ 128.5253396600001, -0.60912650399996, 0.0 ] ] ], [ [ [ 128.523478978000071, -0.609742712999946, 0.0 ], [ 128.523051065000118, -0.608707404999961, 0.0 ], [ 128.523776337000072, -0.608216763999962, 0.0 ], [ 128.52416697600006, -0.608709912999927, 0.0 ], [ 128.523478978000071, -0.609742712999946, 0.0 ] ] ], [ [ [ 128.509957104000023, -0.610005561999969, 0.0 ], [ 128.508869258000118, -0.610062911999933, 0.0 ], [ 128.510374588000104, -0.608005678999973, 0.0 ], [ 128.51037448000011, -0.609201323999969, 0.0 ], [ 128.509957104000023, -0.610005561999969, 0.0 ] ] ], [ [ [ 128.504109553000035, -0.60798570999998, 0.0 ], [ 128.504413925000108, -0.607822967999937, 0.0 ], [ 128.504822805000117, -0.608928886999934, 0.0 ], [ 128.503643512000053, -0.607918644999927, 0.0 ], [ 128.504109553000035, -0.60798570999998, 0.0 ] ] ], [ [ [ 127.334792322000112, -0.608452800999942, 0.0 ], [ 127.336346576000096, -0.609171109999977, 0.0 ], [ 127.335746934000099, -0.611353116999965, 0.0 ], [ 127.337629145000051, -0.612243808999949, 0.0 ], [ 127.343234319000089, -0.610637618999931, 0.0 ], [ 127.34424639000008, -0.612202800999967, 0.0 ], [ 127.34667107700011, -0.611342157999957, 0.0 ], [ 127.349466043, -0.612175707999938, 0.0 ], [ 127.351490346000105, -0.614817955999968, 0.0 ], [ 127.353259208000054, -0.613339770999971, 0.0 ], [ 127.358007421000025, -0.616054653999925, 0.0 ], [ 127.362214690000087, -0.615567828999929, 0.0 ], [ 127.367177079000044, -0.617536235999978, 0.0 ], [ 127.367919283000106, -0.615540875999955, 0.0 ], [ 127.370714570000018, -0.615426882999941, 0.0 ], [ 127.369103692000067, -0.61321544499998, 0.0 ], [ 127.369631727000069, -0.612023994999959, 0.0 ], [ 127.372740040000053, -0.614322031999961, 0.0 ], [ 127.374408720000019, -0.614049763999958, 0.0 ], [ 127.37431016000005, -0.609828833999927, 0.0 ], [ 127.376064830000018, -0.60814961899996, 0.0 ], [ 127.385818740000104, -0.611483362999934, 0.0 ], [ 127.389311102000079, -0.617270254999937, 0.0 ], [ 127.399620744000117, -0.622427544999937, 0.0 ], [ 127.400632603000076, -0.624825471999941, 0.0 ], [ 127.401916277000055, -0.624438225999938, 0.0 ], [ 127.401715337000041, -0.628644764999933, 0.0 ], [ 127.404681148, -0.630741802999978, 0.0 ], [ 127.407560377000095, -0.63615529499998, 0.0 ], [ 127.41089257200008, -0.637210866999965, 0.0 ], [ 127.41446316400004, -0.635970791999966, 0.0 ], [ 127.415616073000024, -0.64347990899995, 0.0 ], [ 127.412062587000037, -0.650800901999958, 0.0 ], [ 127.414429032000044, -0.654089424999938, 0.0 ], [ 127.414328449000095, -0.656472667999935, 0.0 ], [ 127.411032794000107, -0.660118308999927, 0.0 ], [ 127.398669363000067, -0.655075017999934, 0.0 ], [ 127.390825393000114, -0.655043772999932, 0.0 ], [ 127.389042148000044, -0.656694240999968, 0.0 ], [ 127.384250364000081, -0.656204549999927, 0.0 ], [ 127.383023428000115, -0.657539338999925, 0.0 ], [ 127.385660327000096, -0.662249255999939, 0.0 ], [ 127.38215083700004, -0.665650678999953, 0.0 ], [ 127.377700598000047, -0.667443809999952, 0.0 ], [ 127.376132451000103, -0.665490761999934, 0.0 ], [ 127.37880167600008, -0.658442440999977, 0.0 ], [ 127.376436127000034, -0.652584083999955, 0.0 ], [ 127.373612789000049, -0.651133129999948, 0.0 ], [ 127.37262944500003, -0.648921864999977, 0.0 ], [ 127.368535571000052, -0.651404256999967, 0.0 ], [ 127.374395862000029, -0.65522507299994, 0.0 ], [ 127.37492166100003, -0.661039750999976, 0.0 ], [ 127.373508812000068, -0.663939357999936, 0.0 ], [ 127.370514458000116, -0.662129411999956, 0.0 ], [ 127.372326508000015, -0.659603216999926, 0.0 ], [ 127.370330622000097, -0.657319832999974, 0.0 ], [ 127.367947845000117, -0.66066417299993, 0.0 ], [ 127.368331720000015, -0.664296559999968, 0.0 ], [ 127.367005144000018, -0.665042669999934, 0.0 ], [ 127.365023036000025, -0.664266745999953, 0.0 ], [ 127.362998909000112, -0.661165018999952, 0.0 ], [ 127.357408400000054, -0.661105732999943, 0.0 ], [ 127.352132524000012, -0.658419280999965, 0.0 ], [ 127.348324767, -0.658245732999944, 0.0 ], [ 127.343377878000069, -0.652673727999968, 0.0 ], [ 127.34258081400003, -0.647849655999948, 0.0 ], [ 127.345192615000087, -0.641763319999939, 0.0 ], [ 127.344408820000012, -0.639954133999936, 0.0 ], [ 127.340841787000045, -0.645193118999941, 0.0 ], [ 127.337433296000086, -0.645278137999981, 0.0 ], [ 127.335922190000019, -0.643440004999945, 0.0 ], [ 127.335381240000061, -0.640410600999928, 0.0 ], [ 127.337138541000058, -0.630533880999963, 0.0 ], [ 127.335570604000054, -0.627992271999972, 0.0 ], [ 127.333648861000029, -0.616750508999928, 0.0 ], [ 127.331496548000018, -0.613103279999962, 0.0 ], [ 127.332524069000101, -0.610792205999928, 0.0 ], [ 127.334748890000014, -0.61056319599993, 0.0 ], [ 127.331811813000058, -0.608179100999962, 0.0 ], [ 127.334792322000112, -0.608452800999942, 0.0 ] ] ], [ [ [ 127.335876137000014, -0.608582346999924, 0.0 ], [ 127.335319948000119, -0.608582173999935, 0.0 ], [ 127.334450343000071, -0.607505164999964, 0.0 ], [ 127.335876400000075, -0.607720954999934, 0.0 ], [ 127.335876137000014, -0.608582346999924, 0.0 ] ] ], [ [ [ 128.522138575000099, -0.607684221999932, 0.0 ], [ 128.521938743000078, -0.608790087999978, 0.0 ], [ 128.52290421500004, -0.607818336999969, 0.0 ], [ 128.521734213000059, -0.609235295999952, 0.0 ], [ 128.522138575000099, -0.607684221999932, 0.0 ] ] ], [ [ [ 128.512580614000058, -0.608495483999945, 0.0 ], [ 128.512438024000062, -0.60763374499993, 0.0 ], [ 128.512823247000028, -0.607389624999939, 0.0 ], [ 128.512912338000092, -0.608247767999956, 0.0 ], [ 128.512580614000058, -0.608495483999945, 0.0 ] ] ], [ [ [ 128.521467381000093, -0.607023504999972, 0.0 ], [ 128.521479260000092, -0.607140796999943, 0.0 ], [ 128.520475791000081, -0.607573964999972, 0.0 ], [ 128.521008464000033, -0.607047400999932, 0.0 ], [ 128.521467381000093, -0.607023504999972, 0.0 ] ] ], [ [ [ 128.520075994000081, -0.606792390999942, 0.0 ], [ 128.520028443000115, -0.606732543999954, 0.0 ], [ 128.520148530000029, -0.606635609999955, 0.0 ], [ 128.520161597000083, -0.606758886999955, 0.0 ], [ 128.520075994000081, -0.606792390999942, 0.0 ] ] ], [ [ [ 128.51095955400001, -0.60961552599997, 0.0 ], [ 128.510717045000092, -0.609328261999963, 0.0 ], [ 128.511768276000112, -0.606594771999937, 0.0 ], [ 128.51183947800007, -0.608059712999932, 0.0 ], [ 128.51095955400001, -0.60961552599997, 0.0 ] ] ], [ [ [ 127.392850344000067, -0.606369831999928, 0.0 ], [ 127.393971966000095, -0.607365581999943, 0.0 ], [ 127.392488592000063, -0.607920271999944, 0.0 ], [ 127.391937337000059, -0.607259688999932, 0.0 ], [ 127.392850344000067, -0.606369831999928, 0.0 ] ] ], [ [ [ 128.520628077000083, -0.606367559999967, 0.0 ], [ 128.520618524000042, -0.606829540999968, 0.0 ], [ 128.520040688000108, -0.607195722999961, 0.0 ], [ 128.520378408000056, -0.606372325999928, 0.0 ], [ 128.520628077000083, -0.606367559999967, 0.0 ] ] ], [ [ [ 128.520077235000031, -0.606196721999936, 0.0 ], [ 128.520394682000074, -0.606071081999971, 0.0 ], [ 128.519296055000041, -0.607029653999973, 0.0 ], [ 128.519749129000047, -0.605855592999944, 0.0 ], [ 128.520077235000031, -0.606196721999936, 0.0 ] ] ], [ [ [ 128.517206549000093, -0.605437785999925, 0.0 ], [ 128.517075783000109, -0.605297145999941, 0.0 ], [ 128.517304649000039, -0.605264252999973, 0.0 ], [ 128.51731355600009, -0.605371968999975, 0.0 ], [ 128.517206549000093, -0.605437785999925, 0.0 ] ] ], [ [ [ 128.518576701000029, -0.605139176999955, 0.0 ], [ 128.518436412000028, -0.605136770999934, 0.0 ], [ 128.518707502000098, -0.604883064999967, 0.0 ], [ 128.518728898000063, -0.604933333999952, 0.0 ], [ 128.518576701000029, -0.605139176999955, 0.0 ] ] ], [ [ [ 128.51899521100006, -0.604938144999949, 0.0 ], [ 128.519929629000103, -0.605582129999959, 0.0 ], [ 128.519344628000113, -0.606285820999972, 0.0 ], [ 128.518754956000066, -0.606046399999968, 0.0 ], [ 128.51899521100006, -0.604938144999949, 0.0 ] ] ], [ [ [ 128.505872544000113, -0.60517744699996, 0.0 ], [ 128.505953445000046, -0.604559884999958, 0.0 ], [ 128.506381461000046, -0.604401940999935, 0.0 ], [ 128.50611036500004, -0.604713094999966, 0.0 ], [ 128.505872544000113, -0.60517744699996, 0.0 ] ] ], [ [ [ 127.392660730000102, -0.604532086999939, 0.0 ], [ 127.3922424000001, -0.604493676999937, 0.0 ], [ 127.392461270000013, -0.603842894999957, 0.0 ], [ 127.392917594000096, -0.604005742999959, 0.0 ], [ 127.392660730000102, -0.604532086999939, 0.0 ] ] ], [ [ [ 128.510390147000066, -0.604326685999979, 0.0 ], [ 128.510596818000067, -0.606524105999938, 0.0 ], [ 128.508861934000038, -0.609675827999979, 0.0 ], [ 128.507803877000015, -0.608993531999943, 0.0 ], [ 128.509787161000077, -0.606732281999939, 0.0 ], [ 128.506233544000111, -0.609854732999963, 0.0 ], [ 128.506433540000103, -0.606975152999951, 0.0 ], [ 128.50623371000006, -0.608030747999976, 0.0 ], [ 128.504585954000049, -0.607434569999953, 0.0 ], [ 128.508737853000071, -0.604397368999969, 0.0 ], [ 128.509266431000015, -0.606660424999973, 0.0 ], [ 128.510358153000084, -0.603156172999945, 0.0 ], [ 128.510390147000066, -0.604326685999979, 0.0 ] ] ], [ [ [ 128.517349634000084, -0.602512700999966, 0.0 ], [ 128.518490799000119, -0.604509135999933, 0.0 ], [ 128.517753612000092, -0.605313347999925, 0.0 ], [ 128.515511747000119, -0.603531862999944, 0.0 ], [ 128.517349634000084, -0.602512700999966, 0.0 ] ] ], [ [ [ 127.244303956000067, -0.603056312999968, 0.0 ], [ 127.245956528000079, -0.604271012999959, 0.0 ], [ 127.249736702000064, -0.602682842999968, 0.0 ], [ 127.257774417000064, -0.605113535999976, 0.0 ], [ 127.259363212000039, -0.609076291999941, 0.0 ], [ 127.270672240000067, -0.617521653999972, 0.0 ], [ 127.270351189000053, -0.619747756999971, 0.0 ], [ 127.271521402000076, -0.621172221999927, 0.0 ], [ 127.265410674, -0.627379918999964, 0.0 ], [ 127.263055038000061, -0.626812893999954, 0.0 ], [ 127.254723783000031, -0.629059262999931, 0.0 ], [ 127.249641362000034, -0.626497854999968, 0.0 ], [ 127.246668374000024, -0.628606052999942, 0.0 ], [ 127.248425590000011, -0.633746913999971, 0.0 ], [ 127.247673210000016, -0.635865342999978, 0.0 ], [ 127.250837817000047, -0.63877735799997, 0.0 ], [ 127.250590122000062, -0.644265730999962, 0.0 ], [ 127.252404124, -0.643658925999944, 0.0 ], [ 127.252859191000084, -0.648337563999974, 0.0 ], [ 127.261272694000013, -0.649338219999947, 0.0 ], [ 127.261179042000094, -0.652130421999971, 0.0 ], [ 127.264222921000055, -0.654471505999936, 0.0 ], [ 127.26486305200001, -0.659130248999929, 0.0 ], [ 127.263835159000109, -0.66233127199996, 0.0 ], [ 127.269674233000046, -0.664493910999965, 0.0 ], [ 127.273364306000076, -0.662350200999924, 0.0 ], [ 127.285445562000064, -0.668217689999949, 0.0 ], [ 127.288932204000048, -0.668742913999949, 0.0 ], [ 127.28929414400011, -0.673681565999971, 0.0 ], [ 127.297692153000071, -0.678788170999951, 0.0 ], [ 127.297370979000107, -0.67964225299994, 0.0 ], [ 127.301748784000097, -0.680706168999961, 0.0 ], [ 127.303894034000109, -0.683728926999947, 0.0 ], [ 127.30317930700005, -0.68845906699994, 0.0 ], [ 127.294694604000028, -0.68648203999993, 0.0 ], [ 127.291428205000102, -0.688167717999931, 0.0 ], [ 127.292888696000091, -0.691742938999937, 0.0 ], [ 127.296496311000055, -0.693029126999932, 0.0 ], [ 127.29945594000003, -0.69181709399993, 0.0 ], [ 127.30053190600006, -0.693935030999967, 0.0 ], [ 127.300160214000016, -0.696454419999952, 0.0 ], [ 127.297435428000085, -0.698944236999978, 0.0 ], [ 127.298254679000024, -0.701076437999973, 0.0 ], [ 127.297077047000016, -0.704062102999956, 0.0 ], [ 127.292798237000056, -0.705295160999924, 0.0 ], [ 127.289333013000032, -0.704633494999939, 0.0 ], [ 127.291120527000089, -0.710814494999966, 0.0 ], [ 127.292682544000058, -0.709680936999973, 0.0 ], [ 127.295099591000053, -0.71030632999998, 0.0 ], [ 127.295419773000049, -0.712201469999968, 0.0 ], [ 127.294214409000119, -0.712990612999931, 0.0 ], [ 127.290577814000017, -0.712953363999929, 0.0 ], [ 127.292801894000036, -0.71476307599994, 0.0 ], [ 127.292323679000106, -0.716019064999955, 0.0 ], [ 127.295603918000097, -0.715596784999946, 0.0 ], [ 127.29406524500007, -0.73056973599995, 0.0 ], [ 127.301840840000068, -0.741009707999979, 0.0 ], [ 127.303905667000095, -0.749042843999973, 0.0 ], [ 127.30799093600001, -0.750681052999937, 0.0 ], [ 127.313534032, -0.755265756999961, 0.0 ], [ 127.318380044000037, -0.762783216999935, 0.0 ], [ 127.326812322000023, -0.771673169999929, 0.0 ], [ 127.327744285000108, -0.777222308999967, 0.0 ], [ 127.334600739000052, -0.785917901999937, 0.0 ], [ 127.313054417000103, -0.795958638999934, 0.0 ], [ 127.299376388000042, -0.79880987599995, 0.0 ], [ 127.291668746000028, -0.797098270999925, 0.0 ], [ 127.280798474000107, -0.787209537999956, 0.0 ], [ 127.27749183800006, -0.779554913999959, 0.0 ], [ 127.270684424000024, -0.776553152999952, 0.0 ], [ 127.266227866, -0.776364686999955, 0.0 ], [ 127.258402863000015, -0.77045557699995, 0.0 ], [ 127.248407112000109, -0.767314694999925, 0.0 ], [ 127.245791134000115, -0.765045393999969, 0.0 ], [ 127.242290057000105, -0.765043950999939, 0.0 ], [ 127.232141647000049, -0.769274694999979, 0.0 ], [ 127.229844409000066, -0.772252545999947, 0.0 ], [ 127.227937165000071, -0.778281942999968, 0.0 ], [ 127.225661760000094, -0.780161573999976, 0.0 ], [ 127.209539814000095, -0.780276718999971, 0.0 ], [ 127.20057749700004, -0.77893063099998, 0.0 ], [ 127.199480165000068, -0.777178790999926, 0.0 ], [ 127.202410888000031, -0.776835515999949, 0.0 ], [ 127.193919821, -0.774061272999973, 0.0 ], [ 127.180952735000119, -0.767157955999949, 0.0 ], [ 127.169710610000038, -0.750467555999933, 0.0 ], [ 127.167352178000101, -0.752189186999942, 0.0 ], [ 127.165261430000101, -0.750341266999953, 0.0 ], [ 127.164928383000074, -0.745355085999961, 0.0 ], [ 127.168447333000017, -0.736065351999969, 0.0 ], [ 127.171082345000059, -0.737201221999953, 0.0 ], [ 127.172018602000094, -0.735793656999931, 0.0 ], [ 127.171723185000019, -0.73437213699998, 0.0 ], [ 127.169035061000045, -0.733434565999971, 0.0 ], [ 127.168361394000044, -0.724282829999936, 0.0 ], [ 127.169617105000043, -0.722273606999977, 0.0 ], [ 127.167949066000119, -0.721239353999977, 0.0 ], [ 127.167615146000117, -0.718238975999952, 0.0 ], [ 127.168920857000103, -0.715985730999932, 0.0 ], [ 127.174838918000091, -0.715878049999958, 0.0 ], [ 127.175778181000055, -0.711701036999955, 0.0 ], [ 127.172669666000047, -0.711118409999926, 0.0 ], [ 127.16960313200002, -0.712581419999935, 0.0 ], [ 127.167614660000027, -0.710470406999946, 0.0 ], [ 127.167922302000079, -0.707807634999938, 0.0 ], [ 127.173205747000111, -0.707752311999968, 0.0 ], [ 127.172992713000099, -0.705527160999964, 0.0 ], [ 127.176072452000085, -0.704021408999949, 0.0 ], [ 127.179013391000012, -0.698193969999977, 0.0 ], [ 127.186179316000107, -0.697895295999956, 0.0 ], [ 127.190195541000094, -0.692822217999947, 0.0 ], [ 127.192364720000114, -0.688581023999973, 0.0 ], [ 127.193572950000089, -0.679953867999927, 0.0 ], [ 127.190563903000111, -0.68026137499993, 0.0 ], [ 127.18724833400006, -0.678078723999931, 0.0 ], [ 127.193195986000092, -0.676135446999979, 0.0 ], [ 127.197498555000038, -0.676594332999969, 0.0 ], [ 127.195101116000046, -0.674465424999937, 0.0 ], [ 127.197974542000111, -0.672954649999951, 0.0 ], [ 127.202062820000037, -0.672614593999924, 0.0 ], [ 127.205689434000078, -0.675733708999928, 0.0 ], [ 127.212061559000063, -0.672188801999937, 0.0 ], [ 127.211980098000026, -0.670023456999957, 0.0 ], [ 127.208348238000099, -0.667873241999928, 0.0 ], [ 127.206264348000104, -0.663809627999967, 0.0 ], [ 127.208265829000084, -0.658784025999978, 0.0 ], [ 127.207452529000079, -0.653194502999952, 0.0 ], [ 127.211793383000099, -0.64905151499994, 0.0 ], [ 127.21564451200004, -0.648611116999973, 0.0 ], [ 127.215781695000032, -0.645282351999924, 0.0 ], [ 127.2142638360001, -0.642690975999926, 0.0 ], [ 127.216571388000034, -0.63717455699998, 0.0 ], [ 127.214427255000032, -0.635448981999957, 0.0 ], [ 127.212774817000081, -0.636328956999932, 0.0 ], [ 127.21209998300003, -0.635163248999959, 0.0 ], [ 127.208890264000047, -0.63538441299994, 0.0 ], [ 127.202170224000042, -0.63239645699997, 0.0 ], [ 127.199115216000109, -0.627664818999961, 0.0 ], [ 127.200216007000108, -0.625979014999928, 0.0 ], [ 127.197742211000104, -0.625195302999941, 0.0 ], [ 127.196955401000082, -0.621808182999928, 0.0 ], [ 127.193166817000019, -0.618426061999969, 0.0 ], [ 127.192615020000062, -0.616105078999965, 0.0 ], [ 127.195280192000041, -0.613718835999975, 0.0 ], [ 127.206757143000118, -0.617232113999933, 0.0 ], [ 127.208299128000021, -0.614165148999973, 0.0 ], [ 127.214991154000018, -0.610683862999963, 0.0 ], [ 127.216580546000046, -0.606159412999943, 0.0 ], [ 127.218980096000109, -0.603926809999962, 0.0 ], [ 127.228358666000076, -0.603639255999951, 0.0 ], [ 127.231263735000084, -0.606152866999935, 0.0 ], [ 127.234309087000042, -0.603849767999975, 0.0 ], [ 127.236176884000088, -0.604855282999949, 0.0 ], [ 127.236861816000101, -0.603520418999949, 0.0 ], [ 127.240006109000092, -0.603973651999979, 0.0 ], [ 127.24416748100009, -0.602145120999978, 0.0 ], [ 127.244303956000067, -0.603056312999968, 0.0 ] ] ], [ [ [ 128.515603830000032, -0.602822286999924, 0.0 ], [ 128.515500446000033, -0.602262155999938, 0.0 ], [ 128.516352921000021, -0.601842139999974, 0.0 ], [ 128.516406390000043, -0.602208378999933, 0.0 ], [ 128.515603830000032, -0.602822286999924, 0.0 ] ] ], [ [ [ 128.512984696000103, -0.601434372999961, 0.0 ], [ 128.51280019, -0.601307970999926, 0.0 ], [ 128.513005661000079, -0.600976702999958, 0.0 ], [ 128.513224397000045, -0.601208430999975, 0.0 ], [ 128.512984696000103, -0.601434372999961, 0.0 ] ] ], [ [ [ 128.515466837000076, -0.600943411999936, 0.0 ], [ 128.514862798000081, -0.601838595999936, 0.0 ], [ 128.513050901000042, -0.602063439999938, 0.0 ], [ 128.514016513000115, -0.599478347999934, 0.0 ], [ 128.515343304000112, -0.599674747999927, 0.0 ], [ 128.515466837000076, -0.600943411999936, 0.0 ] ] ], [ [ [ 127.335436812000012, -0.599465817999942, 0.0 ], [ 127.336620233000076, -0.600327571999969, 0.0 ], [ 127.336548152000091, -0.602883012999939, 0.0 ], [ 127.338601469000082, -0.603874245999975, 0.0 ], [ 127.338786113000083, -0.606343627999934, 0.0 ], [ 127.337145536000094, -0.608094618999928, 0.0 ], [ 127.332525524000062, -0.606054560999951, 0.0 ], [ 127.330143513000053, -0.60733154899998, 0.0 ], [ 127.32880195000007, -0.61061876399998, 0.0 ], [ 127.324125505000097, -0.60666927699998, 0.0 ], [ 127.324197256000048, -0.605219299999931, 0.0 ], [ 127.327934099000117, -0.603842239999949, 0.0 ], [ 127.331785865000029, -0.599737472999948, 0.0 ], [ 127.335436812000012, -0.599465817999942, 0.0 ] ] ], [ [ [ 128.503625312000054, -0.597998987999972, 0.0 ], [ 128.508333335000088, -0.597970690999944, 0.0 ], [ 128.508418590000019, -0.601848462999953, 0.0 ], [ 128.508066519000067, -0.603610180999965, 0.0 ], [ 128.506040600000119, -0.604060008999966, 0.0 ], [ 128.503567455000052, -0.606740702999957, 0.0 ], [ 128.504233705000047, -0.601570415999959, 0.0 ], [ 128.50240717500003, -0.605840571999977, 0.0 ], [ 128.501094763000083, -0.604442542999948, 0.0 ], [ 128.502160108000112, -0.603389420999974, 0.0 ], [ 128.501874880000059, -0.602211704999945, 0.0 ], [ 128.500761811000075, -0.60511274199996, 0.0 ], [ 128.502416405000076, -0.608911663999947, 0.0 ], [ 128.494570698000075, -0.598081934999925, 0.0 ], [ 128.497937856000021, -0.595712504999938, 0.0 ], [ 128.503625312000054, -0.597998987999972, 0.0 ] ] ], [ [ [ 128.493864722000012, -0.595611595999969, 0.0 ], [ 128.495776517000081, -0.594972660999929, 0.0 ], [ 128.494663449000086, -0.597888055999931, 0.0 ], [ 128.492338249000113, -0.594922075999932, 0.0 ], [ 128.493864722000012, -0.595611595999969, 0.0 ] ] ], [ [ [ 127.379742977000092, -0.593499772999962, 0.0 ], [ 127.379001487000096, -0.593126275999964, 0.0 ], [ 127.380299387000036, -0.592774915999939, 0.0 ], [ 127.380399117000024, -0.593119510999941, 0.0 ], [ 127.379742977000092, -0.593499772999962, 0.0 ] ] ], [ [ [ 128.490455269000108, -0.592480351999939, 0.0 ], [ 128.491625008000028, -0.593887941999981, 0.0 ], [ 128.491567911000061, -0.59422544499995, 0.0 ], [ 128.488429386, -0.592645327999946, 0.0 ], [ 128.490455269000108, -0.592480351999939, 0.0 ] ] ], [ [ [ 128.49435715300001, -0.593076737999979, 0.0 ], [ 128.493408440000053, -0.592832495999971, 0.0 ], [ 128.494556982000063, -0.592021143999943, 0.0 ], [ 128.494628247000037, -0.592775158999927, 0.0 ], [ 128.49435715300001, -0.593076737999979, 0.0 ] ] ], [ [ [ 127.389022826000087, -0.592327628999954, 0.0 ], [ 127.392178332000071, -0.595984783999938, 0.0 ], [ 127.392016089000094, -0.598090418999959, 0.0 ], [ 127.394686643000114, -0.60193886899998, 0.0 ], [ 127.38839150900003, -0.605363513999976, 0.0 ], [ 127.385311054000113, -0.60519987999993, 0.0 ], [ 127.382944767000026, -0.601361100999952, 0.0 ], [ 127.384199932000115, -0.600854198999969, 0.0 ], [ 127.383392292000053, -0.599102419999952, 0.0 ], [ 127.380369177000034, -0.597972115999937, 0.0 ], [ 127.382112528000107, -0.594316419999927, 0.0 ], [ 127.388129372000094, -0.591386989999933, 0.0 ], [ 127.389022826000087, -0.592327628999954, 0.0 ] ] ], [ [ [ 128.492837853000083, -0.591956356999958, 0.0 ], [ 128.492602410000018, -0.592423102999931, 0.0 ], [ 128.490826202000108, -0.592487567999967, 0.0 ], [ 128.492288651000081, -0.591231022999978, 0.0 ], [ 128.492837853000083, -0.591956356999958, 0.0 ] ] ], [ [ [ 127.169808169000021, -0.585179886999924, 0.0 ], [ 127.171124340000119, -0.58670436999995, 0.0 ], [ 127.171252521000042, -0.587192490999939, 0.0 ], [ 127.168792017000101, -0.589244478999944, 0.0 ], [ 127.166875343000015, -0.585310512999968, 0.0 ], [ 127.169808169000021, -0.585179886999924, 0.0 ] ] ], [ [ [ 128.41137465700001, -0.584274690999962, 0.0 ], [ 128.412845163000043, -0.588733800999933, 0.0 ], [ 128.413202083000101, -0.596300486999951, 0.0 ], [ 128.412535833000106, -0.597671056999957, 0.0 ], [ 128.412321682000083, -0.595543817999953, 0.0 ], [ 128.410979666000117, -0.596033987999931, 0.0 ], [ 128.409590061000017, -0.602120648999971, 0.0 ], [ 128.411093880000067, -0.602853521999975, 0.0 ], [ 128.412069459, -0.601754211999946, 0.0 ], [ 128.411350862000063, -0.598665670999935, 0.0 ], [ 128.413349609000079, -0.599479446999965, 0.0 ], [ 128.416447667000057, -0.598675188999948, 0.0 ], [ 128.416914041000041, -0.598161225999945, 0.0 ], [ 128.413263949000111, -0.597899484999971, 0.0 ], [ 128.41311642200003, -0.596657406999952, 0.0 ], [ 128.415395945000114, -0.597461663999979, 0.0 ], [ 128.418898512000055, -0.594534926999927, 0.0 ], [ 128.420478475000095, -0.593778258999976, 0.0 ], [ 128.420740215000023, -0.594658658999947, 0.0 ], [ 128.418760503000044, -0.598713259999954, 0.0 ], [ 128.413354368000114, -0.60185890799994, 0.0 ], [ 128.413368645000105, -0.603381762999959, 0.0 ], [ 128.412602459000027, -0.602501361999941, 0.0 ], [ 128.412421619000042, -0.603705369999943, 0.0 ], [ 128.409789935000049, -0.603929039999969, 0.0 ], [ 128.408704901000078, -0.600297981999972, 0.0 ], [ 128.412402583000016, -0.592569491999939, 0.0 ], [ 128.41137465700001, -0.584274690999962, 0.0 ] ] ], [ [ [ 128.487131186000056, -0.591912742999966, 0.0 ], [ 128.476317126000026, -0.591186443999959, 0.0 ], [ 128.474883448000014, -0.589908086999969, 0.0 ], [ 128.475069268000084, -0.58613089499994, 0.0 ], [ 128.478728923000062, -0.583266014999936, 0.0 ], [ 128.486225637000075, -0.587718941999924, 0.0 ], [ 128.487131186000056, -0.591912742999966, 0.0 ] ] ], [ [ [ 127.146247992000099, -0.582297600999937, 0.0 ], [ 127.145987947000094, -0.582138400999952, 0.0 ], [ 127.146151299000053, -0.581671381999968, 0.0 ], [ 127.146375628000101, -0.58186649299995, 0.0 ], [ 127.146247992000099, -0.582297600999937, 0.0 ] ] ], [ [ [ 128.410065953000071, -0.582480577999945, 0.0 ], [ 128.409095133000051, -0.582590032999974, 0.0 ], [ 128.408900017000065, -0.58248533699998, 0.0 ], [ 128.409518677000051, -0.581628730999967, 0.0 ], [ 128.410065953000071, -0.582480577999945, 0.0 ] ] ], [ [ [ 128.408462197000063, -0.581904747999943, 0.0 ], [ 128.408262321000052, -0.581538310999974, 0.0 ], [ 128.408533580000039, -0.581381266999927, 0.0 ], [ 128.408447919000082, -0.581519274999948, 0.0 ], [ 128.408462197000063, -0.581904747999943, 0.0 ] ] ], [ [ [ 127.614130059000104, -0.58086308999998, 0.0 ], [ 127.612731652000093, -0.583447253999964, 0.0 ], [ 127.60666948100004, -0.58506105999993, 0.0 ], [ 127.604438884000047, -0.578714116999947, 0.0 ], [ 127.60494591600002, -0.575856932999955, 0.0 ], [ 127.606716697000024, -0.574792523999974, 0.0 ], [ 127.609581154000011, -0.575493642999959, 0.0 ], [ 127.613385934, -0.57806596599994, 0.0 ], [ 127.614130059000104, -0.58086308999998, 0.0 ] ] ], [ [ [ 128.427864960000079, -0.575606292999964, 0.0 ], [ 128.428335979000053, -0.573346733999927, 0.0 ], [ 128.429025550000119, -0.57309786299993, 0.0 ], [ 128.428977932000066, -0.573734569999942, 0.0 ], [ 128.427864960000079, -0.575606292999964, 0.0 ] ] ], [ [ [ 128.412666079000019, -0.572821527999963, 0.0 ], [ 128.412057443000094, -0.572175180999977, 0.0 ], [ 128.412380878000022, -0.571567228999925, 0.0 ], [ 128.413208277000081, -0.572103489999961, 0.0 ], [ 128.412666079000019, -0.572821527999963, 0.0 ] ] ], [ [ [ 128.426685637000105, -0.575208827999973, 0.0 ], [ 128.425501316, -0.577233735999926, 0.0 ], [ 128.423599313000068, -0.57529468599995, 0.0 ], [ 128.426143918000093, -0.571120418999953, 0.0 ], [ 128.427446816000042, -0.572192904999952, 0.0 ], [ 128.426685637000105, -0.575208827999973, 0.0 ] ] ], [ [ [ 128.405760318000034, -0.570961606999958, 0.0 ], [ 128.406935772000111, -0.571408945999963, 0.0 ], [ 128.407088058000113, -0.575801429999956, 0.0 ], [ 128.404946543000051, -0.57133756199994, 0.0 ], [ 128.405760318000034, -0.570961606999958, 0.0 ] ] ], [ [ [ 128.406112479000058, -0.570609445999935, 0.0 ], [ 128.406355183000073, -0.570676071999969, 0.0 ], [ 128.406055372000083, -0.570880704999979, 0.0 ], [ 128.40590308600008, -0.570704624999962, 0.0 ], [ 128.406112479000058, -0.570609445999935, 0.0 ] ] ], [ [ [ 127.619163589000095, -0.571538531999977, 0.0 ], [ 127.61785131900001, -0.571839741999952, 0.0 ], [ 127.617102698000053, -0.571057025999949, 0.0 ], [ 127.618671809000034, -0.570303588999934, 0.0 ], [ 127.619163589000095, -0.571538531999977, 0.0 ] ] ], [ [ [ 128.424118164000106, -0.570258500999955, 0.0 ], [ 128.423309206000113, -0.575514871999928, 0.0 ], [ 128.419248280000033, -0.572905381999931, 0.0 ], [ 128.422296782000103, -0.570569490999958, 0.0 ], [ 128.424118164000106, -0.570258500999955, 0.0 ] ] ], [ [ [ 128.420946194000066, -0.570856592999974, 0.0 ], [ 128.420546756000022, -0.57063633599995, 0.0 ], [ 128.421169768000027, -0.57019596899994, 0.0 ], [ 128.421283867000056, -0.570521515999928, 0.0 ], [ 128.420946194000066, -0.570856592999974, 0.0 ] ] ], [ [ [ 128.402686054000014, -0.57004789399997, 0.0 ], [ 128.402943037000114, -0.570119277999936, 0.0 ], [ 128.40292876, -0.570404812999925, 0.0 ], [ 128.402495698000052, -0.570247768999934, 0.0 ], [ 128.402686054000014, -0.57004789399997, 0.0 ] ] ], [ [ [ 128.404565829000035, -0.569276948999971, 0.0 ], [ 128.40566514000011, -0.569510135999963, 0.0 ], [ 128.405945916000064, -0.570423848999951, 0.0 ], [ 128.404518240000016, -0.570176384999968, 0.0 ], [ 128.404565829000035, -0.569276948999971, 0.0 ] ] ], [ [ [ 128.438385912000058, -0.569496742999945, 0.0 ], [ 128.440757566000116, -0.57107080399993, 0.0 ], [ 128.441298210000014, -0.574116783999955, 0.0 ], [ 128.435810363000087, -0.58606655899996, 0.0 ], [ 128.429372126000089, -0.590661712999974, 0.0 ], [ 128.423451517000103, -0.590673065999965, 0.0 ], [ 128.427963761000115, -0.586191424999924, 0.0 ], [ 128.427815504000023, -0.582714631999977, 0.0 ], [ 128.429943977000107, -0.578873038999973, 0.0 ], [ 128.42682335500001, -0.577131341999973, 0.0 ], [ 128.428832747000115, -0.575174734999962, 0.0 ], [ 128.429885235000029, -0.571799792999968, 0.0 ], [ 128.434100004000015, -0.569645924999975, 0.0 ], [ 128.438385912000058, -0.569496742999945, 0.0 ] ] ], [ [ [ 128.419985163000092, -0.568896696999957, 0.0 ], [ 128.420798303000083, -0.569375507999951, 0.0 ], [ 128.419342861000018, -0.572003584999948, 0.0 ], [ 128.417022275000022, -0.571103337999944, 0.0 ], [ 128.417821374000027, -0.569336907999968, 0.0 ], [ 128.419985163000092, -0.568896696999957, 0.0 ] ] ], [ [ [ 128.406136273000016, -0.568306127999961, 0.0 ], [ 128.40607916600004, -0.568796296999949, 0.0 ], [ 128.405298703000085, -0.568672565999975, 0.0 ], [ 128.405608033000021, -0.568168119999939, 0.0 ], [ 128.406136273000016, -0.568306127999961, 0.0 ] ] ], [ [ [ 128.351782337000031, -0.567560433999972, 0.0 ], [ 128.355263212000068, -0.568422526999939, 0.0 ], [ 128.35627600600003, -0.569435141999975, 0.0 ], [ 128.350669444000118, -0.568673338999929, 0.0 ], [ 128.351782337000031, -0.567560433999972, 0.0 ] ] ], [ [ [ 128.407055150000019, -0.567583657999933, 0.0 ], [ 128.406907730000057, -0.567588428999954, 0.0 ], [ 128.406926766000083, -0.567444812999952, 0.0 ], [ 128.407078933000093, -0.567521424999939, 0.0 ], [ 128.407055150000019, -0.567583657999933, 0.0 ] ] ], [ [ [ 128.349578769000118, -0.566459868999971, 0.0 ], [ 128.350762788000111, -0.567185268999935, 0.0 ], [ 128.350127708000059, -0.569253280999931, 0.0 ], [ 128.348401484000078, -0.569310530999928, 0.0 ], [ 128.350406123000084, -0.567257035999944, 0.0 ], [ 128.348537265000118, -0.567055761999939, 0.0 ], [ 128.348686961000112, -0.567953383999964, 0.0 ], [ 128.343022922000046, -0.570932785999958, 0.0 ], [ 128.343636575000119, -0.569123285999979, 0.0 ], [ 128.342195527000058, -0.570516202999954, 0.0 ], [ 128.342509187000019, -0.572254001999966, 0.0 ], [ 128.341111179000109, -0.571514213999933, 0.0 ], [ 128.339106620000052, -0.572842435999974, 0.0 ], [ 128.342573298000048, -0.573015176999945, 0.0 ], [ 128.346075247000044, -0.576684990999979, 0.0 ], [ 128.350133921000065, -0.577417904999947, 0.0 ], [ 128.353622224000105, -0.575680538999961, 0.0 ], [ 128.355270177000079, -0.573935779999942, 0.0 ], [ 128.354899386000056, -0.572750895999945, 0.0 ], [ 128.356333083000095, -0.573332707999953, 0.0 ], [ 128.355634241000075, -0.57148714899995, 0.0 ], [ 128.357075162000115, -0.571257523999975, 0.0 ], [ 128.356925507000028, -0.569979314999955, 0.0 ], [ 128.361397482000029, -0.574575567999943, 0.0 ], [ 128.354006767000101, -0.581403722999937, 0.0 ], [ 128.347515402000113, -0.583133554999961, 0.0 ], [ 128.341930650000108, -0.578824398999927, 0.0 ], [ 128.332900069000061, -0.579189558999929, 0.0 ], [ 128.32959053400009, -0.577214440999967, 0.0 ], [ 128.330888991000052, -0.575247050999963, 0.0 ], [ 128.338307704000044, -0.572892607999961, 0.0 ], [ 128.345705432000045, -0.56689746099994, 0.0 ], [ 128.349578769000118, -0.566459868999971, 0.0 ] ] ], [ [ [ 128.401153682000086, -0.565945703999944, 0.0 ], [ 128.401639092000096, -0.565888595999979, 0.0 ], [ 128.401905591000059, -0.566640504999953, 0.0 ], [ 128.401286931000072, -0.566621469999973, 0.0 ], [ 128.401153682000086, -0.565945703999944, 0.0 ] ] ], [ [ [ 128.398811102000082, -0.565112891999945, 0.0 ], [ 128.398701052000092, -0.565109917999962, 0.0 ], [ 128.398665360000109, -0.565005815999939, 0.0 ], [ 128.398831923000103, -0.564976071999979, 0.0 ], [ 128.398811102000082, -0.565112891999945, 0.0 ] ] ], [ [ [ 128.413850987000046, -0.564970494999955, 0.0 ], [ 128.412980700000048, -0.565310303999979, 0.0 ], [ 128.412999851000109, -0.564022524999928, 0.0 ], [ 128.413684663000026, -0.563788017999968, 0.0 ], [ 128.413850987000046, -0.564970494999955, 0.0 ] ] ], [ [ [ 128.406575095000107, -0.565142093999953, 0.0 ], [ 128.406056832000104, -0.564323414999933, 0.0 ], [ 128.406641821000107, -0.563672403999931, 0.0 ], [ 128.407060264000052, -0.56404585599995, 0.0 ], [ 128.406575095000107, -0.565142093999953, 0.0 ] ] ], [ [ [ 128.398094290000017, -0.564021313999945, 0.0 ], [ 128.397746889000018, -0.564302090999945, 0.0 ], [ 128.397566049000034, -0.564254500999937, 0.0 ], [ 128.398060977000114, -0.563526385999978, 0.0 ], [ 128.398094290000017, -0.564021313999945, 0.0 ] ] ], [ [ [ 128.407983005000119, -0.56226986799993, 0.0 ], [ 128.407949589000054, -0.563538494999932, 0.0 ], [ 128.407269550000024, -0.563600659999963, 0.0 ], [ 128.407193607000067, -0.562174040999935, 0.0 ], [ 128.407983005000119, -0.56226986799993, 0.0 ] ] ], [ [ [ 128.412581105000072, -0.566650704999972, 0.0 ], [ 128.40873379300001, -0.567966813999931, 0.0 ], [ 128.407250438000119, -0.564491091999969, 0.0 ], [ 128.412748015000034, -0.561987901999942, 0.0 ], [ 128.412581105000072, -0.566650704999972, 0.0 ] ] ], [ [ [ 128.395267490000037, -0.562379485999941, 0.0 ], [ 128.396005123, -0.561965459999954, 0.0 ], [ 128.397113952000041, -0.562988627999971, 0.0 ], [ 128.395196107000061, -0.56343120799994, 0.0 ], [ 128.394420402000037, -0.561870280999926, 0.0 ], [ 128.395267490000037, -0.562379485999941, 0.0 ] ] ], [ [ [ 128.408748893000052, -0.559697976999928, 0.0 ], [ 128.40726858000005, -0.561427232999961, 0.0 ], [ 128.406365039000093, -0.561457060999942, 0.0 ], [ 128.406222504000084, -0.560176447999936, 0.0 ], [ 128.40887976700003, -0.55871061299996, 0.0 ], [ 128.408748893000052, -0.559697976999928, 0.0 ] ] ], [ [ [ 128.391531736000047, -0.559914363999951, 0.0 ], [ 128.393344885000033, -0.559942917999933, 0.0 ], [ 128.393835055000068, -0.56019989999993, 0.0 ], [ 128.391136746000029, -0.560799523999947, 0.0 ], [ 128.390089783, -0.558101214999965, 0.0 ], [ 128.391531736000047, -0.559914363999951, 0.0 ] ] ], [ [ [ 128.389285526000094, -0.557282680999947, 0.0 ], [ 128.389870873000064, -0.557277921999969, 0.0 ], [ 128.389732864000052, -0.558177357999966, 0.0 ], [ 128.38847175, -0.557777607999981, 0.0 ], [ 128.389285526000094, -0.557282680999947, 0.0 ] ] ], [ [ [ 128.386782332000053, -0.556459386999961, 0.0 ], [ 128.385459352000112, -0.556892448999974, 0.0 ], [ 128.385069121000015, -0.556150056999968, 0.0 ], [ 128.386739502000069, -0.555778861999954, 0.0 ], [ 128.386782332000053, -0.556459386999961, 0.0 ] ] ], [ [ [ 128.368586177000111, -0.551652437999962, 0.0 ], [ 128.372959626000011, -0.555545236999933, 0.0 ], [ 128.380621490000067, -0.554117558999963, 0.0 ], [ 128.382382292000102, -0.555188316999931, 0.0 ], [ 128.381625623000104, -0.556025886999976, 0.0 ], [ 128.384818860000109, -0.55550240599996, 0.0 ], [ 128.382310908000022, -0.557877107999957, 0.0 ], [ 128.379141466000078, -0.558743231999927, 0.0 ], [ 128.369043034000015, -0.557753375999937, 0.0 ], [ 128.367453554, -0.555402467999954, 0.0 ], [ 128.369076345000053, -0.555150244999936, 0.0 ], [ 128.367191812000101, -0.552461454999957, 0.0 ], [ 128.369466577000026, -0.553446551999969, 0.0 ], [ 128.368586177000111, -0.551652437999962, 0.0 ] ] ], [ [ [ 128.367048688000068, -0.552279068999951, 0.0 ], [ 128.367748250000091, -0.554277816999956, 0.0 ], [ 128.367353259000083, -0.555224840999927, 0.0 ], [ 128.365516315000036, -0.552702613999941, 0.0 ], [ 128.366463341000099, -0.55154143599998, 0.0 ], [ 128.367048688000068, -0.552279068999951, 0.0 ] ] ], [ [ [ 128.364478047000034, -0.55231865099995, 0.0 ], [ 128.363972412000066, -0.552818336999962, 0.0 ], [ 128.36359169800005, -0.551896295999939, 0.0 ], [ 128.364127077000035, -0.551509633999956, 0.0 ], [ 128.364478047000034, -0.55231865099995, 0.0 ] ] ], [ [ [ 128.40993267500005, -0.551045076999969, 0.0 ], [ 128.410902611000097, -0.552845192999939, 0.0 ], [ 128.405342758000074, -0.560030345999962, 0.0 ], [ 128.403492833000087, -0.560523246999935, 0.0 ], [ 128.401562331000036, -0.558392709999964, 0.0 ], [ 128.402290248000099, -0.555094348999944, 0.0 ], [ 128.401714906000052, -0.554414495999936, 0.0 ], [ 128.401595800000109, -0.556597483999951, 0.0 ], [ 128.399122896000108, -0.557243512999946, 0.0 ], [ 128.401472465000097, -0.553543185999956, 0.0 ], [ 128.402979754000057, -0.555443889999935, 0.0 ], [ 128.406261400000062, -0.551643119999937, 0.0 ], [ 128.40993267500005, -0.551045076999969, 0.0 ] ] ], [ [ [ 128.339655510000057, -0.550804123999967, 0.0 ], [ 128.339405667000051, -0.550661355999978, 0.0 ], [ 128.339596024000116, -0.550441255999942, 0.0 ], [ 128.339762586, -0.550506690999953, 0.0 ], [ 128.339655510000057, -0.550804123999967, 0.0 ] ] ], [ [ [ 127.26692915600006, -0.551339808999955, 0.0 ], [ 127.267991789, -0.550579250999931, 0.0 ], [ 127.270023486000014, -0.55209440699997, 0.0 ], [ 127.267135308000093, -0.553500449999945, 0.0 ], [ 127.265574260000108, -0.551827515999946, 0.0 ], [ 127.266444590000106, -0.550320389999968, 0.0 ], [ 127.26692915600006, -0.551339808999955, 0.0 ] ] ], [ [ [ 128.335098842000093, -0.55029253899994, 0.0 ], [ 128.335092893000024, -0.550012952999964, 0.0 ], [ 128.335330840000097, -0.550001055999928, 0.0 ], [ 128.335360583000011, -0.550143822999928, 0.0 ], [ 128.335098842000093, -0.55029253899994, 0.0 ] ] ], [ [ [ 128.339233155000102, -0.550131925999949, 0.0 ], [ 128.339090388000045, -0.550191411999947, 0.0 ], [ 128.339054697000051, -0.549995105999926, 0.0 ], [ 128.339286694000066, -0.549953465999977, 0.0 ], [ 128.339233155000102, -0.550131925999949, 0.0 ] ] ], [ [ [ 127.253447258000051, -0.550509180999939, 0.0 ], [ 127.252648613000019, -0.550709927999947, 0.0 ], [ 127.251607726000088, -0.550278943999956, 0.0 ], [ 127.25224972, -0.549338821999925, 0.0 ], [ 127.253447258000051, -0.550509180999939, 0.0 ] ] ], [ [ [ 128.330606420000095, -0.547706065999932, 0.0 ], [ 128.334346933, -0.549590598999941, 0.0 ], [ 128.333804416000021, -0.551717836999956, 0.0 ], [ 128.337616312000023, -0.550211637999951, 0.0 ], [ 128.335567596000033, -0.549897548999979, 0.0 ], [ 128.336859643000025, -0.548969558999943, 0.0 ], [ 128.341699467000012, -0.552531611999939, 0.0 ], [ 128.340471665000109, -0.554323346999979, 0.0 ], [ 128.33446114700007, -0.555908066999962, 0.0 ], [ 128.330377992000081, -0.55493010899994, 0.0 ], [ 128.324438857000018, -0.555693915999939, 0.0 ], [ 128.317136291000111, -0.55429479299994, 0.0 ], [ 128.316122641000106, -0.55307412999997, 0.0 ], [ 128.315987011000061, -0.549619151999934, 0.0 ], [ 128.330606420000095, -0.547706065999932, 0.0 ] ] ], [ [ [ 127.279824987000097, -0.543613472999937, 0.0 ], [ 127.279974339000091, -0.544970168999953, 0.0 ], [ 127.279118544000085, -0.545515454999929, 0.0 ], [ 127.279012067000053, -0.543835759999979, 0.0 ], [ 127.279824987000097, -0.543613472999937, 0.0 ] ] ], [ [ [ 127.286205392000056, -0.53818468399993, 0.0 ], [ 127.286141197, -0.538263624999956, 0.0 ], [ 127.28604142100005, -0.538084143999924, 0.0 ], [ 127.286162645000104, -0.538055465999946, 0.0 ], [ 127.286205392000056, -0.53818468399993, 0.0 ] ] ], [ [ [ 127.247371852000015, -0.535588134999955, 0.0 ], [ 127.248084780000113, -0.535911346999967, 0.0 ], [ 127.249054050000041, -0.537447704999977, 0.0 ], [ 127.246066739000071, -0.536599846999934, 0.0 ], [ 127.246381234000069, -0.533901035999975, 0.0 ], [ 127.247371852000015, -0.535588134999955, 0.0 ] ] ], [ [ [ 127.235255854000116, -0.533693181999979, 0.0 ], [ 127.234976870000082, -0.536865725999974, 0.0 ], [ 127.233871671000088, -0.536958716999948, 0.0 ], [ 127.234854774000041, -0.539937823999935, 0.0 ], [ 127.238363366000044, -0.538015172999962, 0.0 ], [ 127.239403947000028, -0.539486944999965, 0.0 ], [ 127.241678548000095, -0.539222023999969, 0.0 ], [ 127.248415429000033, -0.543229267999948, 0.0 ], [ 127.247623498000053, -0.544887138999968, 0.0 ], [ 127.245077947000027, -0.545123264999972, 0.0 ], [ 127.245055771000011, -0.54782933499996, 0.0 ], [ 127.24299575100008, -0.545739953999941, 0.0 ], [ 127.24352272200008, -0.548022685999968, 0.0 ], [ 127.241718966, -0.547397675999946, 0.0 ], [ 127.24126925500002, -0.549141773999963, 0.0 ], [ 127.245161800000119, -0.550994830999969, 0.0 ], [ 127.249261899000089, -0.550220826999976, 0.0 ], [ 127.250388224000062, -0.55107533499995, 0.0 ], [ 127.24058388800006, -0.552106045999949, 0.0 ], [ 127.235529745, -0.548178233999977, 0.0 ], [ 127.234253170000102, -0.549118157999942, 0.0 ], [ 127.232642757, -0.545693832999973, 0.0 ], [ 127.231437180000057, -0.547681744999977, 0.0 ], [ 127.22788670500006, -0.54653940999998, 0.0 ], [ 127.227265974000034, -0.547931729999959, 0.0 ], [ 127.224948700000027, -0.547873615999947, 0.0 ], [ 127.224529535000102, -0.542712621999954, 0.0 ], [ 127.228151116000049, -0.544500977999974, 0.0 ], [ 127.230347628000118, -0.543022986999972, 0.0 ], [ 127.23043420800002, -0.53951303599996, 0.0 ], [ 127.228851744000053, -0.538041110999927, 0.0 ], [ 127.229558205000103, -0.536031516999969, 0.0 ], [ 127.232560957000032, -0.532651610999949, 0.0 ], [ 127.235255854000116, -0.533693181999979, 0.0 ] ] ], [ [ [ 127.259533453000017, -0.536210844999971, 0.0 ], [ 127.257607527000118, -0.538894854999967, 0.0 ], [ 127.259275213000024, -0.541673211999978, 0.0 ], [ 127.257235655000045, -0.542749316999959, 0.0 ], [ 127.254577121000011, -0.539094963999958, 0.0 ], [ 127.256132213000114, -0.536626191999972, 0.0 ], [ 127.254663348, -0.536762151999937, 0.0 ], [ 127.258700626000063, -0.53119320199994, 0.0 ], [ 127.261038838000104, -0.533002716999931, 0.0 ], [ 127.259533453000017, -0.536210844999971, 0.0 ] ] ], [ [ [ 127.278630177000082, -0.531181542999946, 0.0 ], [ 127.280569294000088, -0.532366465999928, 0.0 ], [ 127.283307679000018, -0.531132606999961, 0.0 ], [ 127.283848736000095, -0.534197793999965, 0.0 ], [ 127.286209, -0.533753416999957, 0.0 ], [ 127.287382155000046, -0.537266221999971, 0.0 ], [ 127.285706295000068, -0.538084048999963, 0.0 ], [ 127.283881291000057, -0.536784301999944, 0.0 ], [ 127.278517853000039, -0.541886377999958, 0.0 ], [ 127.276952664000078, -0.537964324999962, 0.0 ], [ 127.277232215000026, -0.532702895999932, 0.0 ], [ 127.278630177000082, -0.531181542999946, 0.0 ] ] ], [ [ [ 127.149833281000042, -0.528452841999979, 0.0 ], [ 127.149569408000048, -0.528689621999945, 0.0 ], [ 127.149562454000034, -0.52809388299994, 0.0 ], [ 127.149869027000022, -0.528122685999961, 0.0 ], [ 127.149833281000042, -0.528452841999979, 0.0 ] ] ], [ [ [ 127.293220767000093, -0.529590781999957, 0.0 ], [ 127.293748421000032, -0.529562215999931, 0.0 ], [ 127.292799885000022, -0.530286941999975, 0.0 ], [ 127.292886091000014, -0.527939724999953, 0.0 ], [ 127.293220767000093, -0.529590781999957, 0.0 ] ] ], [ [ [ 128.378586466000115, -0.536116503999949, 0.0 ], [ 128.389593853000065, -0.542662400999973, 0.0 ], [ 128.392813264000097, -0.545553446999975, 0.0 ], [ 128.392798987000106, -0.546888323999951, 0.0 ], [ 128.395454466000047, -0.545996025999955, 0.0 ], [ 128.401100926000026, -0.547616438999967, 0.0 ], [ 128.403535115000068, -0.549536663999959, 0.0 ], [ 128.404484520000096, -0.552327771999956, 0.0 ], [ 128.400808253000037, -0.552877426999942, 0.0 ], [ 128.398752398000056, -0.554597776999969, 0.0 ], [ 128.398445448000075, -0.557845741999927, 0.0 ], [ 128.397010633000036, -0.555461521999973, 0.0 ], [ 128.393555656000103, -0.554783375999932, 0.0 ], [ 128.393213013000036, -0.55445500999997, 0.0 ], [ 128.395811385000115, -0.553969599999959, 0.0 ], [ 128.395597233000103, -0.551164214999972, 0.0 ], [ 128.393912575000058, -0.553591264999966, 0.0 ], [ 128.391671123000037, -0.553712617999963, 0.0 ], [ 128.393191598000044, -0.549122637999972, 0.0 ], [ 128.391485524000018, -0.550129149999975, 0.0 ], [ 128.393191598000044, -0.547937665999939, 0.0 ], [ 128.392834679000089, -0.547004916999924, 0.0 ], [ 128.39121426600002, -0.549353445999941, 0.0 ], [ 128.392334993000077, -0.546904979999965, 0.0 ], [ 128.390893038000058, -0.548004290999927, 0.0 ], [ 128.390536120000093, -0.553293832999941, 0.0 ], [ 128.388830046000066, -0.551516374999949, 0.0 ], [ 128.390214892000017, -0.546890702999974, 0.0 ], [ 128.387566552000067, -0.551038103999929, 0.0 ], [ 128.388494542000103, -0.552237351999963, 0.0 ], [ 128.381727355000066, -0.548004290999927, 0.0 ], [ 128.379634090000081, -0.548621529999934, 0.0 ], [ 128.37700174500003, -0.545034723999947, 0.0 ], [ 128.378971939000053, -0.541422701999977, 0.0 ], [ 128.375666868000053, -0.544877678999967, 0.0 ], [ 128.376937500000054, -0.540073546999963, 0.0 ], [ 128.375674007000043, -0.542015187999937, 0.0 ], [ 128.375759667000011, -0.539602413999944, 0.0 ], [ 128.374153531000047, -0.543521385999952, 0.0 ], [ 128.374867369000071, -0.544720634999976, 0.0 ], [ 128.370616009000059, -0.541278065999961, 0.0 ], [ 128.372010826000064, -0.541127648999975, 0.0 ], [ 128.37274251000008, -0.539854636999962, 0.0 ], [ 128.371528985000054, -0.540723139999955, 0.0 ], [ 128.368959167000071, -0.540050942999926, 0.0 ], [ 128.369500494000022, -0.538070040999969, 0.0 ], [ 128.366526168000064, -0.536862464999956, 0.0 ], [ 128.35728077300007, -0.542186508999976, 0.0 ], [ 128.358678706000092, -0.540705293999963, 0.0 ], [ 128.357607949000112, -0.539313309999955, 0.0 ], [ 128.357756665000011, -0.541187135999962, 0.0 ], [ 128.356691856000111, -0.540538731999959, 0.0 ], [ 128.356897679000099, -0.542483941999933, 0.0 ], [ 128.354339758000037, -0.545678367999926, 0.0 ], [ 128.354214837000086, -0.544369664999977, 0.0 ], [ 128.351418970000054, -0.54714768499997, 0.0 ], [ 128.35101446200008, -0.546998968999958, 0.0 ], [ 128.350782465000066, -0.545618880999939, 0.0 ], [ 128.350461237000104, -0.54554154899995, 0.0 ], [ 128.349342890000116, -0.547671166999976, 0.0 ], [ 128.352317217000063, -0.547385630999941, 0.0 ], [ 128.353364180000085, -0.546035286999938, 0.0 ], [ 128.3619659310001, -0.547617628999944, 0.0 ], [ 128.367748022000114, -0.549396275999925, 0.0 ], [ 128.366867621000097, -0.551603225999941, 0.0 ], [ 128.365350715000091, -0.549414121999973, 0.0 ], [ 128.351621225000031, -0.548950126999955, 0.0 ], [ 128.349580837000076, -0.54948550599994, 0.0 ], [ 128.348444644000097, -0.551359330999958, 0.0 ], [ 128.343459673000098, -0.55181142899994, 0.0 ], [ 128.341639386000111, -0.551377176999949, 0.0 ], [ 128.337784659000022, -0.547159582999939, 0.0 ], [ 128.33523268700003, -0.548069725999937, 0.0 ], [ 128.335964372000035, -0.54618400399994, 0.0 ], [ 128.344012898000074, -0.540336477999972, 0.0 ], [ 128.356785845000104, -0.536202164999963, 0.0 ], [ 128.360740509000038, -0.531419447999951, 0.0 ], [ 128.366751028000067, -0.527243492999958, 0.0 ], [ 128.372568810000075, -0.528935290999925, 0.0 ], [ 128.378586466000115, -0.536116503999949, 0.0 ] ] ], [ [ [ 127.30661980900004, -0.513502215999949, 0.0 ], [ 127.306234804000042, -0.513365728999929, 0.0 ], [ 127.306455933000052, -0.513035591999937, 0.0 ], [ 127.306783888000041, -0.513200776999952, 0.0 ], [ 127.30661980900004, -0.513502215999949, 0.0 ] ] ], [ [ [ 127.231647129000066, -0.505325271999936, 0.0 ], [ 127.231552094000108, -0.505204657999968, 0.0 ], [ 127.231666202000042, -0.505108983999946, 0.0 ], [ 127.231709906000106, -0.505206615999953, 0.0 ], [ 127.231647129000066, -0.505325271999936, 0.0 ] ] ], [ [ [ 127.303561266000088, -0.50380587799998, 0.0 ], [ 127.303447007000045, -0.504473415999939, 0.0 ], [ 127.301978170000098, -0.504401248999955, 0.0 ], [ 127.302477453000051, -0.503791237999963, 0.0 ], [ 127.303561266000088, -0.50380587799998, 0.0 ] ] ], [ [ [ 127.293742944000087, -0.502662569999927, 0.0 ], [ 127.293528864000109, -0.502687866999963, 0.0 ], [ 127.293214087000024, -0.502542, 0.0 ], [ 127.294057868000095, -0.502237974999957, 0.0 ], [ 127.293742944000087, -0.502662569999927, 0.0 ] ] ], [ [ [ 127.261066431000017, -0.50148897899993, 0.0 ], [ 127.267825992000098, -0.501069672999961, 0.0 ], [ 127.268034465000028, -0.503653812999971, 0.0 ], [ 127.264459467000052, -0.505069313999968, 0.0 ], [ 127.267748292000078, -0.507290594999972, 0.0 ], [ 127.266350377000094, -0.508744960999934, 0.0 ], [ 127.267907102000095, -0.517741821999948, 0.0 ], [ 127.266984593000075, -0.518957043999933, 0.0 ], [ 127.269398728000056, -0.521321669999963, 0.0 ], [ 127.268038076000039, -0.525513251999939, 0.0 ], [ 127.270994707000114, -0.52570548999995, 0.0 ], [ 127.273399440000048, -0.527696867999964, 0.0 ], [ 127.267513969000106, -0.529925187999936, 0.0 ], [ 127.266810023000062, -0.531456297999966, 0.0 ], [ 127.264462231000039, -0.52987647499998, 0.0 ], [ 127.264424807000069, -0.527703923999979, 0.0 ], [ 127.262599526000031, -0.527473714999928, 0.0 ], [ 127.260670649000076, -0.523711908999928, 0.0 ], [ 127.260965784000064, -0.522190258999956, 0.0 ], [ 127.263494830000013, -0.521501874999956, 0.0 ], [ 127.262915237000016, -0.520286240999951, 0.0 ], [ 127.265225773000111, -0.519052264999971, 0.0 ], [ 127.265483239000105, -0.516190706999964, 0.0 ], [ 127.261614539000107, -0.513825691999955, 0.0 ], [ 127.255872103000115, -0.514695042999961, 0.0 ], [ 127.252583461000086, -0.51190909099995, 0.0 ], [ 127.253021268000111, -0.51010036699995, 0.0 ], [ 127.258013006000056, -0.50787177199993, 0.0 ], [ 127.256606637000118, -0.505411739999943, 0.0 ], [ 127.258575076000056, -0.503517285999976, 0.0 ], [ 127.258423375, -0.501966802999959, 0.0 ], [ 127.261066431000017, -0.50148897899993, 0.0 ] ] ], [ [ [ 127.302114904000064, -0.499527326999953, 0.0 ], [ 127.301423335000095, -0.499232842999959, 0.0 ], [ 127.30170161, -0.498486389999925, 0.0 ], [ 127.302671167000085, -0.499161385999969, 0.0 ], [ 127.302114904000064, -0.499527326999953, 0.0 ] ] ], [ [ [ 127.255354565000061, -0.495411683999976, 0.0 ], [ 127.257446100000038, -0.495354813999938, 0.0 ], [ 127.257103566000069, -0.496445774999927, 0.0 ], [ 127.259156773000086, -0.497546941999929, 0.0 ], [ 127.255724634000103, -0.498081983999953, 0.0 ], [ 127.2539663660001, -0.496138680999934, 0.0 ], [ 127.255354565000061, -0.495411683999976, 0.0 ] ] ], [ [ [ 127.265118800000096, -0.49304073899998, 0.0 ], [ 127.266515907000098, -0.494648979999965, 0.0 ], [ 127.265546050000012, -0.495213392999972, 0.0 ], [ 127.262067038000055, -0.493164355999966, 0.0 ], [ 127.265118800000096, -0.49304073899998, 0.0 ] ] ], [ [ [ 127.107874954000067, -0.490224592999937, 0.0 ], [ 127.107839278000029, -0.490325065999969, 0.0 ], [ 127.107682445000023, -0.490260425999963, 0.0 ], [ 127.107739508, -0.490167134999979, 0.0 ], [ 127.107874954000067, -0.490224592999937, 0.0 ] ] ], [ [ [ 127.110926376000066, -0.490383362999978, 0.0 ], [ 127.109807054000044, -0.490289738999934, 0.0 ], [ 127.110192381000047, -0.489119934999962, 0.0 ], [ 127.11113337200004, -0.489536489999978, 0.0 ], [ 127.110926376000066, -0.490383362999978, 0.0 ] ] ], [ [ [ 127.287657725000031, -0.488610441999924, 0.0 ], [ 127.28705112900002, -0.490663218999941, 0.0 ], [ 127.28883380000002, -0.49028323899995, 0.0 ], [ 127.291029337000055, -0.492631041999971, 0.0 ], [ 127.295991876000016, -0.49328552999998, 0.0 ], [ 127.299876660000109, -0.498189194999952, 0.0 ], [ 127.299363059000029, -0.499028902999953, 0.0 ], [ 127.29884288900007, -0.497679278999954, 0.0 ], [ 127.294472342000063, -0.496314301999973, 0.0 ], [ 127.292018718, -0.49939306999994, 0.0 ], [ 127.289323909000018, -0.497640909999973, 0.0 ], [ 127.287412123000081, -0.500978219999979, 0.0 ], [ 127.289429299000062, -0.503677712999945, 0.0 ], [ 127.296067543000049, -0.507458443999951, 0.0 ], [ 127.293433312000047, -0.508078052999963, 0.0 ], [ 127.293604133000031, -0.509248129999946, 0.0 ], [ 127.298294792000092, -0.513470115999951, 0.0 ], [ 127.28970886500008, -0.517178884999964, 0.0 ], [ 127.290549924000061, -0.518373068999949, 0.0 ], [ 127.293388009000068, -0.517598603999943, 0.0 ], [ 127.296334963000049, -0.518566055999941, 0.0 ], [ 127.295550017000096, -0.520829341999956, 0.0 ], [ 127.294661433000101, -0.519584893999934, 0.0 ], [ 127.292683652000051, -0.520689783999956, 0.0 ], [ 127.290678163000052, -0.518775077999976, 0.0 ], [ 127.28947994300006, -0.519973492999952, 0.0 ], [ 127.28909446800003, -0.521595635999972, 0.0 ], [ 127.290477519000092, -0.522464563999961, 0.0 ], [ 127.291353600000093, -0.525974894999933, 0.0 ], [ 127.29066875, -0.527209338999967, 0.0 ], [ 127.2869045650001, -0.524875419999944, 0.0 ], [ 127.282224204000045, -0.516818842999953, 0.0 ], [ 127.280271934000098, -0.511463479999975, 0.0 ], [ 127.280800208000073, -0.509080506999965, 0.0 ], [ 127.277078107000079, -0.509431230999951, 0.0 ], [ 127.275629943000013, -0.512122605999934, 0.0 ], [ 127.273156180000115, -0.510470987999952, 0.0 ], [ 127.273912705000043, -0.507779429999971, 0.0 ], [ 127.275731259000054, -0.506509404999974, 0.0 ], [ 127.274027419000049, -0.505396352999981, 0.0 ], [ 127.274407765000092, -0.496057829999927, 0.0 ], [ 127.278694181000105, -0.491673162999973, 0.0 ], [ 127.28050544000007, -0.491006073999927, 0.0 ], [ 127.282401811000113, -0.492111987999976, 0.0 ], [ 127.284898286000043, -0.488674334999928, 0.0 ], [ 127.287657725000031, -0.488610441999924, 0.0 ] ] ], [ [ [ 127.681332636000093, -0.489013550999971, 0.0 ], [ 127.681368666000026, -0.494210323999937, 0.0 ], [ 127.678706050000073, -0.494403059999968, 0.0 ], [ 127.678056457000025, -0.489805940999929, 0.0 ], [ 127.676050571000019, -0.48762159599994, 0.0 ], [ 127.680447815000093, -0.484587782999938, 0.0 ], [ 127.681332636000093, -0.489013550999971, 0.0 ] ] ], [ [ [ 127.269642859000101, -0.479308939999953, 0.0 ], [ 127.271943491000116, -0.479520080999976, 0.0 ], [ 127.276125688000093, -0.483004885999947, 0.0 ], [ 127.26967941800001, -0.485127929999976, 0.0 ], [ 127.263671614000032, -0.482810280999956, 0.0 ], [ 127.263900291000027, -0.480790929999955, 0.0 ], [ 127.266477360000067, -0.478054375999932, 0.0 ], [ 127.269642859000101, -0.479308939999953, 0.0 ] ] ], [ [ [ 127.1157855350001, -0.476259606999974, 0.0 ], [ 127.115650084000094, -0.476216505999957, 0.0 ], [ 127.11557889300002, -0.475828905999947, 0.0 ], [ 127.116035146000058, -0.47598693499998, 0.0 ], [ 127.1157855350001, -0.476259606999974, 0.0 ] ] ], [ [ [ 127.11462352500007, -0.475835820999976, 0.0 ], [ 127.115008509000063, -0.475886167999931, 0.0 ], [ 127.115001368000094, -0.475929230999952, 0.0 ], [ 127.114530823000109, -0.475900391999971, 0.0 ], [ 127.114516600000115, -0.47576401699996, 0.0 ], [ 127.11462352500007, -0.475835820999976, 0.0 ] ] ], [ [ [ 127.139495897000074, -0.474496747999979, 0.0 ], [ 127.13939609900001, -0.474432123999975, 0.0 ], [ 127.139410377000104, -0.474360352999952, 0.0 ], [ 127.139503069000057, -0.474338844999977, 0.0 ], [ 127.139495897000074, -0.474496747999979, 0.0 ] ] ], [ [ [ 128.089515547000019, -0.466545380999946, 0.0 ], [ 128.088463042000058, -0.465901815999928, 0.0 ], [ 128.088796389000095, -0.463944769999955, 0.0 ], [ 128.089768890000073, -0.465097703999959, 0.0 ], [ 128.089515547000019, -0.466545380999946, 0.0 ] ] ], [ [ [ 127.705467708000015, -0.451475878999929, 0.0 ], [ 127.709379543000068, -0.452756028999943, 0.0 ], [ 127.711616236000054, -0.454968927999971, 0.0 ], [ 127.711587682000072, -0.457376942999929, 0.0 ], [ 127.709826882000016, -0.458243065999966, 0.0 ], [ 127.708932204, -0.455149766999966, 0.0 ], [ 127.707309411000097, -0.456030166999938, 0.0 ], [ 127.706547984000053, -0.454359785999941, 0.0 ], [ 127.704120934000116, -0.455858846999945, 0.0 ], [ 127.701969901000098, -0.454136116999962, 0.0 ], [ 127.702226883000094, -0.452646573999971, 0.0 ], [ 127.705467708000015, -0.451475878999929, 0.0 ] ] ], [ [ [ 127.722930176000091, -0.440235542999972, 0.0 ], [ 127.7212978660001, -0.440211748999957, 0.0 ], [ 127.721464428000104, -0.43852708999998, 0.0 ], [ 127.722254410000119, -0.438484259999939, 0.0 ], [ 127.722930176000091, -0.440235542999972, 0.0 ] ] ], [ [ [ 127.721155098000054, -0.437998849999929, 0.0 ], [ 127.721036125000069, -0.437913189999961, 0.0 ], [ 127.721064679000051, -0.437846563999926, 0.0 ], [ 127.721131304000096, -0.43789891199998, 0.0 ], [ 127.721155098000054, -0.437998849999929, 0.0 ] ] ], [ [ [ 128.124040327000102, -0.435766977999947, 0.0 ], [ 128.126786283000115, -0.436636136999937, 0.0 ], [ 128.127014342000052, -0.438237409999942, 0.0 ], [ 128.125730488000045, -0.438086468999927, 0.0 ], [ 128.124040327000102, -0.435766977999947, 0.0 ] ] ], [ [ [ 127.117473486000108, -0.432617652999966, 0.0 ], [ 127.119897473000037, -0.432898177999959, 0.0 ], [ 127.118749007000019, -0.435338212999966, 0.0 ], [ 127.11643236000009, -0.433464326999967, 0.0 ], [ 127.117473486000108, -0.432617652999966, 0.0 ] ] ], [ [ [ 127.109881526000095, -0.428488757999958, 0.0 ], [ 127.109824401000083, -0.428847612999959, 0.0 ], [ 127.109389519000047, -0.428768552999941, 0.0 ], [ 127.109525059000021, -0.428445604999979, 0.0 ], [ 127.109881526000095, -0.428488757999958, 0.0 ] ] ], [ [ [ 127.310716803000105, -0.427265852999938, 0.0 ], [ 127.311600825000028, -0.427897727999948, 0.0 ], [ 127.310060368000109, -0.429297129999952, 0.0 ], [ 127.309839798000098, -0.427150807999965, 0.0 ], [ 127.310716803000105, -0.427265852999938, 0.0 ] ] ], [ [ [ 127.308487949000096, -0.428111030999958, 0.0 ], [ 127.30744693500003, -0.42784334199996, 0.0 ], [ 127.307220886000096, -0.426933197999972, 0.0 ], [ 127.308351130000119, -0.426802327999951, 0.0 ], [ 127.308487949000096, -0.428111030999958, 0.0 ] ] ], [ [ [ 127.102381877000084, -0.42601788099995, 0.0 ], [ 127.10229632100004, -0.426025037999977, 0.0 ], [ 127.102303480000046, -0.425903024999968, 0.0 ], [ 127.102396167000052, -0.425888692999933, 0.0 ], [ 127.102381877000084, -0.42601788099995, 0.0 ] ] ], [ [ [ 127.657525580000083, -0.422510337999938, 0.0 ], [ 127.658423912000103, -0.423867388999952, 0.0 ], [ 127.654772680000065, -0.423414453999953, 0.0 ], [ 127.656548612000051, -0.422266071999957, 0.0 ], [ 127.657525580000083, -0.422510337999938, 0.0 ] ] ], [ [ [ 127.725387565000119, -0.420063662999951, 0.0 ], [ 127.726803344000018, -0.420890524999948, 0.0 ], [ 127.725762329000077, -0.422133793999933, 0.0 ], [ 127.727975228000105, -0.422621583999955, 0.0 ], [ 127.724852186000021, -0.422835734999978, 0.0 ], [ 127.724530959000049, -0.417755585999942, 0.0 ], [ 127.725649305000047, -0.418166042999928, 0.0 ], [ 127.725387565000119, -0.420063662999951, 0.0 ] ] ], [ [ [ 127.113661044000082, -0.415048820999971, 0.0 ], [ 127.113661031000106, -0.415106240999933, 0.0 ], [ 127.113554101000091, -0.415048795999951, 0.0 ], [ 127.113575500000024, -0.415005735999955, 0.0 ], [ 127.113661044000082, -0.415048820999971, 0.0 ] ] ], [ [ [ 127.75560017600003, -0.415208371999938, 0.0 ], [ 127.75374062700007, -0.415886518999969, 0.0 ], [ 127.752723407000076, -0.415572429999941, 0.0 ], [ 127.755453839000097, -0.414248259999965, 0.0 ], [ 127.75560017600003, -0.415208371999938, 0.0 ] ] ], [ [ [ 127.727749180000046, -0.41164036999993, 0.0 ], [ 127.73165744500011, -0.413192968999965, 0.0 ], [ 127.733549116000063, -0.416119705999961, 0.0 ], [ 127.73687441300001, -0.415738991999945, 0.0 ], [ 127.737772659000029, -0.417832917999931, 0.0 ], [ 127.735916680000059, -0.418261220999966, 0.0 ], [ 127.735274225000012, -0.419962535999957, 0.0 ], [ 127.73766558300008, -0.424037362999968, 0.0 ], [ 127.740473348000023, -0.425346065999975, 0.0 ], [ 127.741799897000078, -0.424531100999957, 0.0 ], [ 127.743590441000038, -0.426970048999976, 0.0 ], [ 127.746023440000045, -0.42435858999994, 0.0 ], [ 127.746439846000044, -0.426684512999941, 0.0 ], [ 127.744786120000072, -0.427880191999975, 0.0 ], [ 127.741353748000051, -0.427755269999977, 0.0 ], [ 127.740223504000028, -0.431181693999974, 0.0 ], [ 127.736612672000092, -0.429420892999929, 0.0 ], [ 127.73388224100006, -0.429551763999939, 0.0 ], [ 127.728052561000027, -0.42281788899993, 0.0 ], [ 127.725488692000113, -0.412871741999936, 0.0 ], [ 127.727749180000046, -0.41164036999993, 0.0 ] ] ], [ [ [ 127.728654564000067, -0.39964312799998, 0.0 ], [ 127.729106663000039, -0.401651393999941, 0.0 ], [ 127.72773609300009, -0.401703740999949, 0.0 ], [ 127.725037784000051, -0.40485414799997, 0.0 ], [ 127.723319813000103, -0.404573371999959, 0.0 ], [ 127.722534591000112, -0.406086708999965, 0.0 ], [ 127.721154504000083, -0.402346195999939, 0.0 ], [ 127.728654564000067, -0.39964312799998, 0.0 ] ] ], [ [ [ 127.734945860000039, -0.398922151999955, 0.0 ], [ 127.734629391000112, -0.398493848999976, 0.0 ], [ 127.734503280000013, -0.397739558999945, 0.0 ], [ 127.735231395000028, -0.398467674999949, 0.0 ], [ 127.734945860000039, -0.398922151999955, 0.0 ] ] ], [ [ [ 127.117195749000075, -0.390754125999933, 0.0 ], [ 127.116974749000065, -0.39068230099997, 0.0 ], [ 127.117046121000044, -0.390337801999976, 0.0 ], [ 127.117259972000056, -0.390495752999925, 0.0 ], [ 127.117195749000075, -0.390754125999933, 0.0 ] ] ], [ [ [ 127.109025698000096, -0.389072769999927, 0.0 ], [ 127.108562300000017, -0.388986536999937, 0.0 ], [ 127.108398424000029, -0.38852714799998, 0.0 ], [ 127.109090002000016, -0.388455530999977, 0.0 ], [ 127.109025698000096, -0.389072769999927, 0.0 ] ] ], [ [ [ 127.11630191900008, -0.381145764999928, 0.0 ], [ 127.116040610000027, -0.380655250999951, 0.0 ], [ 127.116533827000012, -0.380230694999966, 0.0 ], [ 127.11689022600001, -0.380583662999925, 0.0 ], [ 127.11630191900008, -0.381145764999928, 0.0 ] ] ], [ [ [ 127.114894334000041, -0.378860647999943, 0.0 ], [ 127.115529964000075, -0.379255543999932, 0.0 ], [ 127.113010424000095, -0.381306529999961, 0.0 ], [ 127.113183168000091, -0.379249047999963, 0.0 ], [ 127.114894334000041, -0.378860647999943, 0.0 ] ] ], [ [ [ 127.762363634000053, -0.373592562999931, 0.0 ], [ 127.760385272, -0.37183833399996, 0.0 ], [ 127.761860538000064, -0.37085680499996, 0.0 ], [ 127.761188340000103, -0.369072209999956, 0.0 ], [ 127.763026474000071, -0.37071403799996, 0.0 ], [ 127.762363634000053, -0.373592562999931, 0.0 ] ] ], [ [ [ 127.313196054000059, -0.349465656999939, 0.0 ], [ 127.313103951000016, -0.349486576999936, 0.0 ], [ 127.313080196000101, -0.349411799999928, 0.0 ], [ 127.313210920000074, -0.349402850999979, 0.0 ], [ 127.313196054000059, -0.349465656999939, 0.0 ] ] ], [ [ [ 127.432539127000041, -0.350549737999927, 0.0 ], [ 127.433330054000066, -0.35402432099994, 0.0 ], [ 127.430669484000077, -0.358883782999953, 0.0 ], [ 127.424587207000059, -0.357748513999979, 0.0 ], [ 127.418341598000097, -0.352765509999927, 0.0 ], [ 127.424096054000074, -0.352658813999938, 0.0 ], [ 127.426406697000061, -0.350821488999941, 0.0 ], [ 127.432104358000061, -0.349329299999965, 0.0 ], [ 127.432539127000041, -0.350549737999927, 0.0 ] ] ], [ [ [ 127.29475514, -0.346472619999929, 0.0 ], [ 127.294669503000023, -0.346888934999924, 0.0 ], [ 127.294484119000117, -0.346881722999967, 0.0 ], [ 127.294405746000052, -0.346551515999977, 0.0 ], [ 127.29475514, -0.346472619999929, 0.0 ] ] ], [ [ [ 127.776607197000089, -0.351528617999975, 0.0 ], [ 127.772078644000089, -0.351612134999925, 0.0 ], [ 127.770445396000014, -0.347890995999933, 0.0 ], [ 127.77149401600002, -0.345868031999942, 0.0 ], [ 127.774491398, -0.347937393999928, 0.0 ], [ 127.776607197000089, -0.351528617999975, 0.0 ] ] ], [ [ [ 127.314918656000032, -0.34617024299996, 0.0 ], [ 127.313613793000059, -0.346306394999942, 0.0 ], [ 127.313343025000108, -0.345279865999942, 0.0 ], [ 127.314448353000103, -0.344497640999975, 0.0 ], [ 127.314918656000032, -0.34617024299996, 0.0 ] ] ], [ [ [ 127.320823597000071, -0.344618396999977, 0.0 ], [ 127.320802033000064, -0.345608985999945, 0.0 ], [ 127.319490210000026, -0.344754545999933, 0.0 ], [ 127.319362145000014, -0.343153782999934, 0.0 ], [ 127.320823597000071, -0.344618396999977, 0.0 ] ] ], [ [ [ 127.585975178000012, -0.347278097999947, 0.0 ], [ 127.583892171000116, -0.346283156999959, 0.0 ], [ 127.583668493000118, -0.343053955999949, 0.0 ], [ 127.586808370000085, -0.345455115999926, 0.0 ], [ 127.585975178000012, -0.347278097999947, 0.0 ] ] ], [ [ [ 127.309215203, -0.341984346999936, 0.0 ], [ 127.308937121000099, -0.341998654999941, 0.0 ], [ 127.308915807000062, -0.341560782999977, 0.0 ], [ 127.309086930000035, -0.341575168999952, 0.0 ], [ 127.309215203, -0.341984346999936, 0.0 ] ] ], [ [ [ 127.41117366200001, -0.341300155999932, 0.0 ], [ 127.410995099000047, -0.343109116999926, 0.0 ], [ 127.409276332000104, -0.344860390999941, 0.0 ], [ 127.408235791000038, -0.341672949999975, 0.0 ], [ 127.41117366200001, -0.341300155999932, 0.0 ] ] ], [ [ [ 127.318185096000093, -0.341942780999943, 0.0 ], [ 127.31697255000006, -0.34423241199994, 0.0 ], [ 127.315325748000078, -0.342566778999981, 0.0 ], [ 127.312623391000102, -0.342501696999932, 0.0 ], [ 127.311507435000067, -0.340440035999961, 0.0 ], [ 127.313351501000056, -0.337749868999936, 0.0 ], [ 127.318185096000093, -0.341942780999943, 0.0 ] ] ], [ [ [ 127.290208314000097, -0.333788093999942, 0.0 ], [ 127.294963946000053, -0.334923067999966, 0.0 ], [ 127.295405706000111, -0.336724852999964, 0.0 ], [ 127.297480469000106, -0.337435851999942, 0.0 ], [ 127.301992450000057, -0.345634085999961, 0.0 ], [ 127.297736072000021, -0.343609086999948, 0.0 ], [ 127.290062991000013, -0.34917791099997, 0.0 ], [ 127.289129054000114, -0.348531710999964, 0.0 ], [ 127.288672450000035, -0.35003902699998, 0.0 ], [ 127.285236185000031, -0.347411217999934, 0.0 ], [ 127.280787070000088, -0.346857692999947, 0.0 ], [ 127.281408117000069, -0.342823733999978, 0.0 ], [ 127.286806666000075, -0.337010458999941, 0.0 ], [ 127.287220757000114, -0.333895241999926, 0.0 ], [ 127.290208314000097, -0.333788093999942, 0.0 ] ] ], [ [ [ 127.762967772000025, -0.332334490999926, 0.0 ], [ 127.764035910000075, -0.332591211999954, 0.0 ], [ 127.763009030000035, -0.333783124999968, 0.0 ], [ 127.762454332000061, -0.332600379999974, 0.0 ], [ 127.762967772000025, -0.332334490999926, 0.0 ] ] ], [ [ [ 127.129628694000075, -0.331759353999928, 0.0 ], [ 127.129222348000098, -0.331558307999956, 0.0 ], [ 127.130177775000107, -0.331192438999949, 0.0 ], [ 127.130156314000033, -0.331580017999954, 0.0 ], [ 127.129628694000075, -0.331759353999928, 0.0 ] ] ], [ [ [ 127.123069592000093, -0.331435118999934, 0.0 ], [ 127.122791588000041, -0.331183854999949, 0.0 ], [ 127.123055424000086, -0.330954227999939, 0.0 ], [ 127.123226454000019, -0.331370551999953, 0.0 ], [ 127.123069592000093, -0.331435118999934, 0.0 ] ] ], [ [ [ 127.12043200200003, -0.329697676999956, 0.0 ], [ 127.120132562000094, -0.329704797999966, 0.0 ], [ 127.120096947000093, -0.329532532999963, 0.0 ], [ 127.120332212000108, -0.329575641999952, 0.0 ], [ 127.12043200200003, -0.329697676999956, 0.0 ] ] ], [ [ [ 127.320930513, -0.32901443399993, 0.0 ], [ 127.320795478000036, -0.329223057999968, 0.0 ], [ 127.320757452000066, -0.329209651999975, 0.0 ], [ 127.320943854, -0.328828759999965, 0.0 ], [ 127.320930513, -0.32901443399993, 0.0 ] ] ], [ [ [ 127.32152729500001, -0.328024698999968, 0.0 ], [ 127.321343531000025, -0.328041112999927, 0.0 ], [ 127.321355807000032, -0.327891061999935, 0.0 ], [ 127.32151711500012, -0.327852033999932, 0.0 ], [ 127.32152729500001, -0.328024698999968, 0.0 ] ] ], [ [ [ 127.744342452000069, -0.326914733999956, 0.0 ], [ 127.748496991000025, -0.32811398299998, 0.0 ], [ 127.748002063000058, -0.331940155999973, 0.0 ], [ 127.75025779200007, -0.333615296999938, 0.0 ], [ 127.750724167000044, -0.335575972999948, 0.0 ], [ 127.74904902600008, -0.337022684999965, 0.0 ], [ 127.750000810000074, -0.34042055499998, 0.0 ], [ 127.748092482000061, -0.341181982999956, 0.0 ], [ 127.758271817000036, -0.357386111999972, 0.0 ], [ 127.752575387000093, -0.359537144999933, 0.0 ], [ 127.749424981000061, -0.365642841999943, 0.0 ], [ 127.751085844000045, -0.36834590899997, 0.0 ], [ 127.75537363300009, -0.369283416999963, 0.0 ], [ 127.751423728000077, -0.365181225999947, 0.0 ], [ 127.754512269000088, -0.362963567999941, 0.0 ], [ 127.756444391000059, -0.363287175999972, 0.0 ], [ 127.75746755900002, -0.364529253999933, 0.0 ], [ 127.756715649000057, -0.366737393999927, 0.0 ], [ 127.758309888000099, -0.367227562999972, 0.0 ], [ 127.758752468000012, -0.369616540999971, 0.0 ], [ 127.756801310000014, -0.371239333999938, 0.0 ], [ 127.75795296900003, -0.373171455999966, 0.0 ], [ 127.759989787000109, -0.373299946999964, 0.0 ], [ 127.75327019000008, -0.37705473699998, 0.0 ], [ 127.748025858000119, -0.376340897999967, 0.0 ], [ 127.744066434000047, -0.381918354999925, 0.0 ], [ 127.742120035000084, -0.381033195999976, 0.0 ], [ 127.739850029000081, -0.382208648999949, 0.0 ], [ 127.737394426000037, -0.388809273999925, 0.0 ], [ 127.739612083000111, -0.389147157999957, 0.0 ], [ 127.739664432000041, -0.39336356299998, 0.0 ], [ 127.736723418000111, -0.390208396999981, 0.0 ], [ 127.73304001200006, -0.392035822999958, 0.0 ], [ 127.734096493000038, -0.395857237999962, 0.0 ], [ 127.731812210000044, -0.394177338999953, 0.0 ], [ 127.731902630000036, -0.395400380999945, 0.0 ], [ 127.729889606000029, -0.396580593999943, 0.0 ], [ 127.728262054000083, -0.395190988999957, 0.0 ], [ 127.726344209000104, -0.396766191999973, 0.0 ], [ 127.725568505000069, -0.395367068999974, 0.0 ], [ 127.727039012000091, -0.390827056999967, 0.0 ], [ 127.731331559000068, -0.386372705999975, 0.0 ], [ 127.731897871000115, -0.383998003999977, 0.0 ], [ 127.73344927900007, -0.383717227999966, 0.0 ], [ 127.73459618000004, -0.376331380999943, 0.0 ], [ 127.738969629000053, -0.369340523999938, 0.0 ], [ 127.739017219000061, -0.361635829999955, 0.0 ], [ 127.737746586000071, -0.358908966999934, 0.0 ], [ 127.73905529000001, -0.353288680999924, 0.0 ], [ 127.73622849000003, -0.347996758999955, 0.0 ], [ 127.737213587000042, -0.343290184999944, 0.0 ], [ 127.739821476000088, -0.339221306999946, 0.0 ], [ 127.743914149000034, -0.338193378999961, 0.0 ], [ 127.742429365000021, -0.331488057999934, 0.0 ], [ 127.7432716940001, -0.326534020999929, 0.0 ], [ 127.744342452000069, -0.326914733999956, 0.0 ] ] ], [ [ [ 127.131241113000101, -0.325615743999947, 0.0 ], [ 127.130634823000037, -0.327122899999949, 0.0 ], [ 127.129080456000111, -0.327818822999973, 0.0 ], [ 127.127582724000035, -0.330660812999952, 0.0 ], [ 127.120410516000106, -0.330221625999968, 0.0 ], [ 127.124125449000076, -0.327760468999941, 0.0 ], [ 127.127633104000097, -0.328127179999967, 0.0 ], [ 127.131241113000101, -0.325615743999947, 0.0 ] ] ], [ [ [ 127.746600295, -0.325213106999968, 0.0 ], [ 127.746519738000075, -0.325280944999975, 0.0 ], [ 127.746358625000084, -0.32514526999995, 0.0 ], [ 127.746613014000104, -0.325115590999928, 0.0 ], [ 127.746600295, -0.325213106999968, 0.0 ] ] ], [ [ [ 127.132888537000099, -0.32288860999995, 0.0 ], [ 127.132667579000099, -0.322572760999947, 0.0 ], [ 127.133173843, -0.322206801999926, 0.0 ], [ 127.133109603000094, -0.322615905999953, 0.0 ], [ 127.132888537000099, -0.32288860999995, 0.0 ] ] ], [ [ [ 127.138906380000094, -0.32014791499995, 0.0 ], [ 127.138870745000077, -0.32007613299993, 0.0 ], [ 127.138970558000096, -0.320083328999942, 0.0 ], [ 127.138963419000106, -0.320133569999939, 0.0 ], [ 127.138906380000094, -0.32014791499995, 0.0 ] ] ], [ [ [ 127.13874953200002, -0.320133530999954, 0.0 ], [ 127.138642587000049, -0.32014068899997, 0.0 ], [ 127.138564175000056, -0.320068899999967, 0.0 ], [ 127.138756674000092, -0.320061756999962, 0.0 ], [ 127.13874953200002, -0.320133530999954, 0.0 ] ] ], [ [ [ 127.405957528000044, -0.319555549999961, 0.0 ], [ 127.409579718000032, -0.32050368199998, 0.0 ], [ 127.410328022000044, -0.323138321999977, 0.0 ], [ 127.405983172000106, -0.337710029999926, 0.0 ], [ 127.40713069800006, -0.340768270999945, 0.0 ], [ 127.404178736000063, -0.340143248999937, 0.0 ], [ 127.399986667, -0.335799557999962, 0.0 ], [ 127.399017717000106, -0.330803165999953, 0.0 ], [ 127.399881830000027, -0.322490605999974, 0.0 ], [ 127.405957528000044, -0.319555549999961, 0.0 ] ] ], [ [ [ 127.131715157000031, -0.316841609999926, 0.0 ], [ 127.131543146000013, -0.316636786999936, 0.0 ], [ 127.131952848000083, -0.316621543999929, 0.0 ], [ 127.131981640000049, -0.316736503999948, 0.0 ], [ 127.131715157000031, -0.316841609999926, 0.0 ] ] ], [ [ [ 127.133289551000075, -0.315327898999954, 0.0 ], [ 127.134089216, -0.316234384999973, 0.0 ], [ 127.133706308000114, -0.316578505999928, 0.0 ], [ 127.132805242000018, -0.316330468999979, 0.0 ], [ 127.133289551000075, -0.315327898999954, 0.0 ] ] ], [ [ [ 127.122446677000084, -0.31234507299996, 0.0 ], [ 127.123255497000059, -0.312916402999974, 0.0 ], [ 127.121477790000085, -0.315911269999958, 0.0 ], [ 127.11620743800006, -0.318812202999936, 0.0 ], [ 127.117309472000102, -0.314738293999937, 0.0 ], [ 127.122446677000084, -0.31234507299996, 0.0 ] ] ], [ [ [ 127.124871826000117, -0.311174967999932, 0.0 ], [ 127.125133234000032, -0.311697712999944, 0.0 ], [ 127.127485424000042, -0.311341005999964, 0.0 ], [ 127.125746102000107, -0.312735022999959, 0.0 ], [ 127.123371556000052, -0.312133775999939, 0.0 ], [ 127.124871826000117, -0.311174967999932, 0.0 ] ] ], [ [ [ 127.569142172000056, -0.310345414999972, 0.0 ], [ 127.569261078000068, -0.309943403999966, 0.0 ], [ 127.569579607000037, -0.309900372999948, 0.0 ], [ 127.569574820000071, -0.310144460999936, 0.0 ], [ 127.569142172000056, -0.310345414999972, 0.0 ] ] ], [ [ [ 127.563632489000042, -0.308253167999965, 0.0 ], [ 127.563261665000027, -0.308303370999965, 0.0 ], [ 127.563340199000095, -0.307614192999949, 0.0 ], [ 127.563604034000036, -0.307729093999967, 0.0 ], [ 127.563632489000042, -0.308253167999965, 0.0 ] ] ], [ [ [ 127.109581656000046, -0.307967118999954, 0.0 ], [ 127.10927510700003, -0.307866580999928, 0.0 ], [ 127.10951758200008, -0.307450335999931, 0.0 ], [ 127.109645902000011, -0.307500600999958, 0.0 ], [ 127.109581656000046, -0.307967118999954, 0.0 ] ] ], [ [ [ 127.130200313000046, -0.306836741999973, 0.0 ], [ 127.130164657000023, -0.306886977999966, 0.0 ], [ 127.130029205000028, -0.30683671099996, 0.0 ], [ 127.13025024, -0.306721910999954, 0.0 ], [ 127.130200313000046, -0.306836741999973, 0.0 ] ] ], [ [ [ 127.262854216000051, -0.306647586999929, 0.0 ], [ 127.261380478000092, -0.307853248999947, 0.0 ], [ 127.260021334000044, -0.305900613999938, 0.0 ], [ 127.262255604000075, -0.304704645999948, 0.0 ], [ 127.262854216000051, -0.306647586999929, 0.0 ] ] ], [ [ [ 127.264993345000107, -0.305939706999936, 0.0 ], [ 127.263748061000115, -0.305326980999951, 0.0 ], [ 127.263966809000067, -0.304743205999955, 0.0 ], [ 127.264499218000083, -0.304542308999942, 0.0 ], [ 127.264993345000107, -0.305939706999936, 0.0 ] ] ], [ [ [ 127.110382040000104, -0.303968266999959, 0.0 ], [ 127.110303606000116, -0.304025671999966, 0.0 ], [ 127.11024657400003, -0.304004129999953, 0.0 ], [ 127.110396311000045, -0.303896495999936, 0.0 ], [ 127.110382040000104, -0.303968266999959, 0.0 ] ] ], [ [ [ 127.068350038000062, -0.304013046999955, 0.0 ], [ 127.07073067400006, -0.307035084999939, 0.0 ], [ 127.069946106000089, -0.308972790999974, 0.0 ], [ 127.066417219000073, -0.308412321999924, 0.0 ], [ 127.065269672000113, -0.306955141999936, 0.0 ], [ 127.068350038000062, -0.304013046999955, 0.0 ] ] ], [ [ [ 127.111943416000031, -0.303803461999962, 0.0 ], [ 127.111936268000022, -0.303911120999942, 0.0 ], [ 127.111893491000046, -0.303911113999959, 0.0 ], [ 127.111893518000102, -0.303760388999933, 0.0 ], [ 127.111943416000031, -0.303803461999962, 0.0 ] ] ], [ [ [ 127.109397233000095, -0.302569694999931, 0.0 ], [ 127.109283177000066, -0.302483545999962, 0.0 ], [ 127.109489945000064, -0.302404630999945, 0.0 ], [ 127.109489936000045, -0.302454872999931, 0.0 ], [ 127.109397233000095, -0.302569694999931, 0.0 ] ] ], [ [ [ 127.111615530000108, -0.303408646999969, 0.0 ], [ 127.110025645000064, -0.303523205999966, 0.0 ], [ 127.110503673000039, -0.301466968999932, 0.0 ], [ 127.111316138, -0.303150207999977, 0.0 ], [ 127.111615530000108, -0.303408646999969, 0.0 ] ] ], [ [ [ 127.114680382000074, -0.301228450999929, 0.0 ], [ 127.114585308000073, -0.30131217099995, 0.0 ], [ 127.114531869000075, -0.301132726999924, 0.0 ], [ 127.11467446100005, -0.301114807999966, 0.0 ], [ 127.114680382000074, -0.301228450999929, 0.0 ] ] ], [ [ [ 127.52576131100011, -0.300990302999935, 0.0 ], [ 127.527493751000065, -0.303854931999979, 0.0 ], [ 127.531187808000027, -0.302290429999971, 0.0 ], [ 127.534010959000057, -0.307617594999954, 0.0 ], [ 127.537961319000033, -0.30920469199998, 0.0 ], [ 127.537611306000031, -0.313504841999929, 0.0 ], [ 127.541402101000017, -0.312512989999959, 0.0 ], [ 127.546753121000052, -0.314676298999927, 0.0 ], [ 127.549256700000115, -0.313760220999939, 0.0 ], [ 127.55343601300001, -0.31535108199995, 0.0 ], [ 127.565809449000085, -0.313963848999947, 0.0 ], [ 127.568826481000087, -0.315233384999942, 0.0 ], [ 127.570271312000045, -0.318726052999978, 0.0 ], [ 127.569436505000112, -0.322092916999964, 0.0 ], [ 127.574057054000036, -0.325101602999951, 0.0 ], [ 127.574289376000024, -0.329550271999949, 0.0 ], [ 127.576961430000097, -0.327770242999975, 0.0 ], [ 127.578843484000117, -0.331790803999979, 0.0 ], [ 127.581313483000031, -0.333141443999978, 0.0 ], [ 127.581124660000114, -0.336728562999951, 0.0 ], [ 127.576184524000041, -0.341556367999942, 0.0 ], [ 127.57857070600005, -0.343129619999957, 0.0 ], [ 127.578315878000012, -0.347371749999979, 0.0 ], [ 127.586941899000067, -0.350128177999977, 0.0 ], [ 127.58796299100004, -0.356505048999963, 0.0 ], [ 127.590045023000016, -0.358343226999978, 0.0 ], [ 127.592889146000061, -0.358513117999962, 0.0 ], [ 127.591306435000092, -0.36362008499998, 0.0 ], [ 127.595138139000028, -0.366230022999957, 0.0 ], [ 127.594529084000101, -0.367885000999934, 0.0 ], [ 127.595655531000034, -0.369715861999964, 0.0 ], [ 127.594072238000081, -0.37072786799996, 0.0 ], [ 127.594940443000041, -0.372231155999941, 0.0 ], [ 127.592166840000118, -0.379239623999979, 0.0 ], [ 127.597643908, -0.377527093999959, 0.0 ], [ 127.601694289000079, -0.370820283999933, 0.0 ], [ 127.604300908000027, -0.369999428999961, 0.0 ], [ 127.608301609000023, -0.372347069999933, 0.0 ], [ 127.613508024000112, -0.381224550999946, 0.0 ], [ 127.615322991000085, -0.388279610999973, 0.0 ], [ 127.61422790600011, -0.390909410999939, 0.0 ], [ 127.615231246, -0.39487513499995, 0.0 ], [ 127.613944729000082, -0.396280728999955, 0.0 ], [ 127.616020353000067, -0.396955084999945, 0.0 ], [ 127.614541103000079, -0.401559809999981, 0.0 ], [ 127.617631006000011, -0.403560943999935, 0.0 ], [ 127.619742081000027, -0.402374340999927, 0.0 ], [ 127.620598262000044, -0.404815944999939, 0.0 ], [ 127.618781168000055, -0.41067250499998, 0.0 ], [ 127.616797792000057, -0.410102798999958, 0.0 ], [ 127.614962367000089, -0.41246509299998, 0.0 ], [ 127.621030513000051, -0.41575247399993, 0.0 ], [ 127.626758048000056, -0.413687308999954, 0.0 ], [ 127.628172430000063, -0.40997978799993, 0.0 ], [ 127.632459657000027, -0.40985795499995, 0.0 ], [ 127.63576118200001, -0.411303275999956, 0.0 ], [ 127.639749043000052, -0.409999725999967, 0.0 ], [ 127.641821630000095, -0.41162140199998, 0.0 ], [ 127.644998718000011, -0.41174566199993, 0.0 ], [ 127.652299991000064, -0.41782021299997, 0.0 ], [ 127.649894841000105, -0.422982840999964, 0.0 ], [ 127.657557644, -0.426105168999925, 0.0 ], [ 127.657232239000109, -0.428009654999926, 0.0 ], [ 127.659032471000046, -0.431672329999969, 0.0 ], [ 127.657239350000054, -0.434907795999948, 0.0 ], [ 127.657560373000024, -0.438054617999967, 0.0 ], [ 127.662313501000085, -0.441053025999963, 0.0 ], [ 127.679802743000096, -0.445680897999978, 0.0 ], [ 127.682678719000023, -0.448032671999954, 0.0 ], [ 127.67913038800009, -0.450149949999968, 0.0 ], [ 127.680657333000113, -0.452351910999937, 0.0 ], [ 127.684638625000048, -0.455122693999954, 0.0 ], [ 127.692631777000088, -0.456057482999938, 0.0 ], [ 127.689544892000072, -0.469518338999933, 0.0 ], [ 127.687981628000102, -0.470882132999975, 0.0 ], [ 127.686341775000074, -0.469917489999943, 0.0 ], [ 127.684032944000023, -0.474909116999925, 0.0 ], [ 127.677756978000048, -0.480099401999951, 0.0 ], [ 127.674410513000112, -0.485904793999964, 0.0 ], [ 127.673909803000015, -0.493532783999967, 0.0 ], [ 127.675578839000082, -0.498283477999962, 0.0 ], [ 127.67127554800004, -0.501100507999979, 0.0 ], [ 127.664297816000044, -0.510213263999958, 0.0 ], [ 127.6636166400001, -0.516473512999937, 0.0 ], [ 127.659058668000057, -0.520729891999963, 0.0 ], [ 127.653424910000012, -0.522103247999951, 0.0 ], [ 127.649046776000091, -0.52874110099998, 0.0 ], [ 127.644653400000038, -0.530326760999969, 0.0 ], [ 127.640623048000066, -0.535049835999928, 0.0 ], [ 127.637309512000115, -0.536772927999948, 0.0 ], [ 127.635347202000048, -0.541899676999947, 0.0 ], [ 127.629105769000034, -0.548243016999947, 0.0 ], [ 127.62097238900003, -0.56245486499995, 0.0 ], [ 127.611742232000097, -0.570878638999943, 0.0 ], [ 127.610850054000025, -0.573960685999964, 0.0 ], [ 127.609017470000026, -0.573098735999963, 0.0 ], [ 127.601757594000105, -0.574836074999951, 0.0 ], [ 127.600187233000042, -0.576514995999958, 0.0 ], [ 127.600965851000069, -0.583127984999976, 0.0 ], [ 127.599876826000013, -0.584290735999957, 0.0 ], [ 127.600965729000109, -0.583620953999969, 0.0 ], [ 127.601407387000108, -0.585612083999933, 0.0 ], [ 127.603665250000063, -0.587388297999951, 0.0 ], [ 127.601592124000035, -0.588354569999979, 0.0 ], [ 127.5985214210001, -0.586008604999961, 0.0 ], [ 127.598534939000047, -0.588995134999948, 0.0 ], [ 127.599597361000065, -0.589663064999968, 0.0 ], [ 127.59588825700007, -0.597311499999932, 0.0 ], [ 127.596000839000112, -0.598621721999962, 0.0 ], [ 127.598538246000089, -0.599453959999948, 0.0 ], [ 127.600175190000073, -0.610477052999954, 0.0 ], [ 127.596988635000116, -0.619300040999974, 0.0 ], [ 127.600481684000101, -0.619923459999939, 0.0 ], [ 127.6054666550001, -0.628317007999954, 0.0 ], [ 127.61159852500009, -0.631158084999925, 0.0 ], [ 127.618080177000024, -0.629766099999927, 0.0 ], [ 127.623184121, -0.63038, 0.0 ], [ 127.625925260000031, -0.628538297999967, 0.0 ], [ 127.632078546000116, -0.627967226999942, 0.0 ], [ 127.634312860000023, -0.62939490399998, 0.0 ], [ 127.642300711000075, -0.626325398999938, 0.0 ], [ 127.643328638000071, -0.62697499199993, 0.0 ], [ 127.64254341600008, -0.629744684999935, 0.0 ], [ 127.647076289000097, -0.628952323999954, 0.0 ], [ 127.645791380000105, -0.631821953999975, 0.0 ], [ 127.645905594000055, -0.637168602999964, 0.0 ], [ 127.650117241000089, -0.640830593999965, 0.0 ], [ 127.651002400000039, -0.643878682999969, 0.0 ], [ 127.655328260000033, -0.646748312999932, 0.0 ], [ 127.6526930550001, -0.654888786999948, 0.0 ], [ 127.653338107000081, -0.657133622999936, 0.0 ], [ 127.64632821500004, -0.664728862999937, 0.0 ], [ 127.651536735000036, -0.670076919999929, 0.0 ], [ 127.650589830000058, -0.676785592999977, 0.0 ], [ 127.647962905000099, -0.682646204999969, 0.0 ], [ 127.650675490000026, -0.683038814999975, 0.0 ], [ 127.652849061000097, -0.679553594999959, 0.0 ], [ 127.652540997000074, -0.685588548999931, 0.0 ], [ 127.655521795000027, -0.689865499999939, 0.0 ], [ 127.656112558000018, -0.693594104999931, 0.0 ], [ 127.662816469000063, -0.699778159999937, 0.0 ], [ 127.663947911000037, -0.703692089999947, 0.0 ], [ 127.668999719000112, -0.705236806999949, 0.0 ], [ 127.669380433000015, -0.708111195999948, 0.0 ], [ 127.671483877000014, -0.709786335999979, 0.0 ], [ 127.676028648000056, -0.708234928999957, 0.0 ], [ 127.67756577900002, -0.711190218999946, 0.0 ], [ 127.684585189000018, -0.711437681999939, 0.0 ], [ 127.691266167000094, -0.709624221999945, 0.0 ], [ 127.696967105000112, -0.704818272999944, 0.0 ], [ 127.698954197000035, -0.700776189999942, 0.0 ], [ 127.703720814, -0.699997233999966, 0.0 ], [ 127.708535185000073, -0.694531576999964, 0.0 ], [ 127.715526172000068, -0.689759718999937, 0.0 ], [ 127.721262201000059, -0.691835682999965, 0.0 ], [ 127.72789375900004, -0.691780955999945, 0.0 ], [ 127.733825755000112, -0.689939251999931, 0.0 ], [ 127.737858941000013, -0.686255846999927, 0.0 ], [ 127.743714037000018, -0.685709398999961, 0.0 ], [ 127.7487330780001, -0.688881581999965, 0.0 ], [ 127.752170926000076, -0.688986857999964, 0.0 ], [ 127.758817234000048, -0.693588155999976, 0.0 ], [ 127.761301391000075, -0.693321655999966, 0.0 ], [ 127.764646913000092, -0.691522783999972, 0.0 ], [ 127.766783670000109, -0.686744825999938, 0.0 ], [ 127.772226997000075, -0.682643295999981, 0.0 ], [ 127.784945974000038, -0.679405789999976, 0.0 ], [ 127.788486441000032, -0.68168382999994, 0.0 ], [ 127.787259647000042, -0.685361231999934, 0.0 ], [ 127.790336274000083, -0.685925173999976, 0.0 ], [ 127.790376026000104, -0.682010491999961, 0.0 ], [ 127.797804732000031, -0.678608155999939, 0.0 ], [ 127.817825517000074, -0.689962943999944, 0.0 ], [ 127.821218628000111, -0.69499312399995, 0.0 ], [ 127.824421383000072, -0.696073398999943, 0.0 ], [ 127.82692457600001, -0.699752045999958, 0.0 ], [ 127.829346867000027, -0.698605145999977, 0.0 ], [ 127.831612114000109, -0.700318357999947, 0.0 ], [ 127.836823133000053, -0.700294562999943, 0.0 ], [ 127.838702908000073, -0.702821550999943, 0.0 ], [ 127.84402814200007, -0.705329501999927, 0.0 ], [ 127.844822235000038, -0.709655159999954, 0.0 ], [ 127.851313503000029, -0.709170152999945, 0.0 ], [ 127.851679387000104, -0.715382673999954, 0.0 ], [ 127.853990406000094, -0.714280068999926, 0.0 ], [ 127.854904656000031, -0.715884423999967, 0.0 ], [ 127.857086632000119, -0.715185484999949, 0.0 ], [ 127.858517149000022, -0.716628598999932, 0.0 ], [ 127.85960344700004, -0.71615346699997, 0.0 ], [ 127.859063309000021, -0.712831739999956, 0.0 ], [ 127.860872571000073, -0.71204122599994, 0.0 ], [ 127.860604156000022, -0.711012298999947, 0.0 ], [ 127.855712493000055, -0.713408388999937, 0.0 ], [ 127.85479164100002, -0.711473887999944, 0.0 ], [ 127.856847496000114, -0.707697683999925, 0.0 ], [ 127.858622573000048, -0.707559673999924, 0.0 ], [ 127.863252795000108, -0.709205502999964, 0.0 ], [ 127.868069034000087, -0.71347263499996, 0.0 ], [ 127.869339665000098, -0.716649215999951, 0.0 ], [ 127.873848745000032, -0.717926985999952, 0.0 ], [ 127.869318251000095, -0.725822037999933, 0.0 ], [ 127.872211675000017, -0.730338254999936, 0.0 ], [ 127.876055694000115, -0.730757990999962, 0.0 ], [ 127.876864756000032, -0.734412463999945, 0.0 ], [ 127.87228428200001, -0.751090364999925, 0.0 ], [ 127.875589747000049, -0.755033885999978, 0.0 ], [ 127.877248159000033, -0.759764126999926, 0.0 ], [ 127.877971522000053, -0.754251648999968, 0.0 ], [ 127.876086107000106, -0.751724954999929, 0.0 ], [ 127.87883625500001, -0.749921957999959, 0.0 ], [ 127.885736579000081, -0.753879213999937, 0.0 ], [ 127.890514536000069, -0.759732687999929, 0.0 ], [ 127.894015146000015, -0.75848818399993, 0.0 ], [ 127.893321771000046, -0.761064671999975, 0.0 ], [ 127.890496487000064, -0.763521772999979, 0.0 ], [ 127.896267482000098, -0.769204868999964, 0.0 ], [ 127.900418683000112, -0.768876469999952, 0.0 ], [ 127.902558123000063, -0.770744520999926, 0.0 ], [ 127.902573286, -0.77628770299998, 0.0 ], [ 127.905117494000024, -0.779914209999959, 0.0 ], [ 127.905918110000016, -0.784404365999933, 0.0 ], [ 127.904939141000114, -0.785182322999958, 0.0 ], [ 127.902528271000051, -0.782486975999973, 0.0 ], [ 127.886140394000108, -0.778192364999938, 0.0 ], [ 127.885456052000109, -0.776737048999962, 0.0 ], [ 127.880191432000061, -0.77434739399996, 0.0 ], [ 127.878849339000112, -0.776620329999957, 0.0 ], [ 127.882119799000066, -0.780920360999971, 0.0 ], [ 127.880344720000039, -0.781953046999945, 0.0 ], [ 127.883932948000052, -0.786026683999978, 0.0 ], [ 127.88360934100001, -0.78754953899994, 0.0 ], [ 127.885936454000102, -0.788986733999934, 0.0 ], [ 127.889044030000036, -0.788667885999928, 0.0 ], [ 127.889072583000029, -0.790205017999938, 0.0 ], [ 127.892446659000029, -0.790723740999965, 0.0 ], [ 127.894473960000028, -0.789748160999977, 0.0 ], [ 127.895630378000078, -0.792527370999949, 0.0 ], [ 127.899120691, -0.792638432999979, 0.0 ], [ 127.899471701000039, -0.79637016099997, 0.0 ], [ 127.895807166000054, -0.799765707999939, 0.0 ], [ 127.891026423000085, -0.800449731999947, 0.0 ], [ 127.888330880000012, -0.800050357999964, 0.0 ], [ 127.884091371000068, -0.796689503999971, 0.0 ], [ 127.883472538000092, -0.795024181999963, 0.0 ], [ 127.884650440000087, -0.794471907999935, 0.0 ], [ 127.883269554000094, -0.793657693999933, 0.0 ], [ 127.879719668, -0.795214236999925, 0.0 ], [ 127.876710051000032, -0.80033915599995, 0.0 ], [ 127.87716690700006, -0.802832830999932, 0.0 ], [ 127.876020007000079, -0.805021934999957, 0.0 ], [ 127.880270914000107, -0.811250173999952, 0.0 ], [ 127.871458643000096, -0.820758255999976, 0.0 ], [ 127.871690806000061, -0.824423072999934, 0.0 ], [ 127.87028491600006, -0.826553272999945, 0.0 ], [ 127.867135529000052, -0.827327570999955, 0.0 ], [ 127.862832806000029, -0.826106662999962, 0.0 ], [ 127.860610437000105, -0.827479309999944, 0.0 ], [ 127.85798060500008, -0.824884329999975, 0.0 ], [ 127.855127863, -0.826790896999967, 0.0 ], [ 127.851496632000021, -0.827156996999975, 0.0 ], [ 127.850809197000103, -0.831296136999924, 0.0 ], [ 127.847255892000021, -0.831394691999947, 0.0 ], [ 127.844497926000031, -0.835090066999953, 0.0 ], [ 127.844249677000107, -0.837719539999966, 0.0 ], [ 127.847255892000021, -0.840354551999951, 0.0 ], [ 127.844595967000032, -0.840440366999928, 0.0 ], [ 127.841055135000033, -0.844263728999977, 0.0 ], [ 127.83215447200007, -0.844433081999966, 0.0 ], [ 127.830712297000105, -0.846071141999971, 0.0 ], [ 127.830789448000019, -0.851005380999936, 0.0 ], [ 127.827671285000065, -0.854082240999958, 0.0 ], [ 127.822159979000048, -0.853549562999945, 0.0 ], [ 127.818660346000115, -0.851662857999941, 0.0 ], [ 127.808999135000022, -0.856571727999949, 0.0 ], [ 127.801416052000036, -0.856125935999955, 0.0 ], [ 127.796060737000062, -0.858066039999926, 0.0 ], [ 127.791652948000092, -0.862246511999956, 0.0 ], [ 127.791440360000024, -0.864209956999957, 0.0 ], [ 127.789779496000051, -0.864376518999961, 0.0 ], [ 127.786657811000055, -0.862957226999924, 0.0 ], [ 127.783683317000055, -0.859550972999955, 0.0 ], [ 127.780142679000051, -0.858784785999944, 0.0 ], [ 127.777963235000016, -0.860490315999925, 0.0 ], [ 127.770834228000012, -0.862368253999932, 0.0 ], [ 127.769397033000018, -0.869692234999945, 0.0 ], [ 127.7632884840001, -0.866156588999957, 0.0 ], [ 127.759372740000117, -0.865553733999946, 0.0 ], [ 127.755257146000076, -0.866491904999975, 0.0 ], [ 127.752186553000115, -0.869581320999941, 0.0 ], [ 127.745774043000097, -0.86913917499993, 0.0 ], [ 127.732484097000111, -0.87125786699994, 0.0 ], [ 127.72921159200007, -0.868677331999947, 0.0 ], [ 127.726118556000074, -0.869356964999952, 0.0 ], [ 127.725441572000022, -0.866841573999977, 0.0 ], [ 127.728046892000066, -0.867056985999966, 0.0 ], [ 127.731290264000108, -0.863423549999936, 0.0 ], [ 127.734663044000058, -0.864564315999928, 0.0 ], [ 127.738806289000081, -0.861400473999936, 0.0 ], [ 127.742506697000067, -0.861412735999977, 0.0 ], [ 127.743552009000041, -0.864854134999973, 0.0 ], [ 127.745461440000099, -0.863687664999929, 0.0 ], [ 127.746482229000094, -0.864797683999939, 0.0 ], [ 127.74733883500005, -0.863691234999976, 0.0 ], [ 127.748059812000065, -0.86514389499996, 0.0 ], [ 127.749467307000032, -0.862445611999931, 0.0 ], [ 127.750855522000052, -0.863049027999978, 0.0 ], [ 127.758006304000105, -0.860784587999945, 0.0 ], [ 127.761998817000062, -0.862409990999936, 0.0 ], [ 127.765200713000013, -0.860840767999946, 0.0 ], [ 127.761487576000036, -0.861835564999978, 0.0 ], [ 127.757876810000084, -0.860460683999975, 0.0 ], [ 127.749975348000021, -0.860917509999979, 0.0 ], [ 127.747581611000101, -0.857143684999926, 0.0 ], [ 127.739796014000035, -0.855363847999968, 0.0 ], [ 127.729766504000054, -0.849208080999972, 0.0 ], [ 127.723711034000075, -0.852764506999961, 0.0 ], [ 127.717436219000092, -0.854221705999976, 0.0 ], [ 127.712701091000099, -0.850048132999973, 0.0 ], [ 127.707750983000096, -0.848865825999951, 0.0 ], [ 127.702046861000099, -0.845139234999976, 0.0 ], [ 127.694553892000044, -0.845008529999973, 0.0 ], [ 127.681734786000106, -0.837908121999931, 0.0 ], [ 127.686050811000086, -0.832176774999937, 0.0 ], [ 127.685473487000081, -0.82787905999993, 0.0 ], [ 127.682635453000103, -0.82238784499998, 0.0 ], [ 127.678902010000115, -0.81963111999994, 0.0 ], [ 127.676005609000072, -0.819562916999928, 0.0 ], [ 127.66835998800002, -0.824030974999971, 0.0 ], [ 127.665396128000111, -0.819033134999927, 0.0 ], [ 127.670336369000097, -0.81400408199994, 0.0 ], [ 127.662431455000046, -0.815738832999955, 0.0 ], [ 127.658214385000065, -0.811690712999962, 0.0 ], [ 127.65764948900005, -0.807740364999972, 0.0 ], [ 127.659189394, -0.806468303999964, 0.0 ], [ 127.660374365000052, -0.808160099999952, 0.0 ], [ 127.66238738900006, -0.806139937999944, 0.0 ], [ 127.659474928, -0.805783018999932, 0.0 ], [ 127.660854932, -0.804191754999977, 0.0 ], [ 127.658361256000035, -0.800532142999941, 0.0 ], [ 127.65945105000003, -0.796134898999981, 0.0 ], [ 127.655126395000025, -0.791665379999927, 0.0 ], [ 127.659405438000022, -0.789907803999938, 0.0 ], [ 127.659203659000013, -0.787353105999955, 0.0 ], [ 127.664473824000083, -0.780735834999973, 0.0 ], [ 127.66481792400009, -0.775607289999925, 0.0 ], [ 127.659610433000012, -0.768266149999931, 0.0 ], [ 127.654344692000109, -0.757213860999968, 0.0 ], [ 127.654116264000095, -0.75223602899996, 0.0 ], [ 127.651555963000078, -0.748119560999953, 0.0 ], [ 127.649738056000047, -0.748581176999949, 0.0 ], [ 127.648429352000107, -0.746867964999979, 0.0 ], [ 127.644922026000017, -0.746425384999952, 0.0 ], [ 127.64087694300008, -0.743503406999935, 0.0 ], [ 127.634261360000096, -0.741168714999958, 0.0 ], [ 127.629578580000043, -0.74085462599993, 0.0 ], [ 127.624329489000047, -0.744081174999963, 0.0 ], [ 127.621735877000106, -0.750534272999971, 0.0 ], [ 127.618923354000117, -0.753270653999948, 0.0 ], [ 127.620879271000035, -0.750305844999957, 0.0 ], [ 127.619818031000023, -0.749396890999947, 0.0 ], [ 127.618066748000047, -0.753675161999979, 0.0 ], [ 127.61559210900009, -0.753936902999953, 0.0 ], [ 127.614440450000075, -0.758096200999944, 0.0 ], [ 127.611475641000084, -0.760685053999964, 0.0 ], [ 127.612546398000063, -0.761237088999962, 0.0 ], [ 127.61677708000002, -0.754665016999979, 0.0 ], [ 127.61768603500002, -0.755359819999967, 0.0 ], [ 127.619495614000016, -0.753211761999978, 0.0 ], [ 127.615280994000045, -0.759178854999959, 0.0 ], [ 127.609989073000065, -0.763166831999968, 0.0 ], [ 127.593827773000044, -0.768492064999975, 0.0 ], [ 127.571862969000108, -0.770007782999926, 0.0 ], [ 127.562204737000116, -0.776418049999961, 0.0 ], [ 127.55259176200002, -0.778459908999935, 0.0 ], [ 127.544008999000084, -0.786459375999925, 0.0 ], [ 127.537872610000022, -0.786411782999949, 0.0 ], [ 127.531955922000066, -0.788651730999959, 0.0 ], [ 127.524604494000073, -0.794491008999955, 0.0 ], [ 127.499858490000065, -0.800815070999931, 0.0 ], [ 127.493982667000068, -0.810308310999972, 0.0 ], [ 127.474639658000115, -0.823396180999964, 0.0 ], [ 127.472559600000068, -0.817279094999947, 0.0 ], [ 127.467827931000102, -0.814087534999942, 0.0 ], [ 127.463133266000114, -0.813655013999949, 0.0 ], [ 127.460375351000039, -0.799039325999956, 0.0 ], [ 127.459920197000088, -0.792458683999939, 0.0 ], [ 127.461175534000063, -0.788624530999925, 0.0 ], [ 127.453380301000038, -0.779050220999977, 0.0 ], [ 127.448297976000049, -0.769779421999942, 0.0 ], [ 127.447618449000061, -0.765647598999976, 0.0 ], [ 127.448592895000047, -0.760978408999961, 0.0 ], [ 127.445768179000083, -0.753070794999928, 0.0 ], [ 127.443834991000017, -0.750934553999969, 0.0 ], [ 127.442304505000038, -0.735464510999975, 0.0 ], [ 127.454235919000098, -0.693089391999933, 0.0 ], [ 127.455905893000022, -0.691223389999948, 0.0 ], [ 127.45653311, -0.692228609999972, 0.0 ], [ 127.458658415000059, -0.691547330999924, 0.0 ], [ 127.460843016000013, -0.689255792999973, 0.0 ], [ 127.464081531000033, -0.680809746999955, 0.0 ], [ 127.473847366000086, -0.670410865999941, 0.0 ], [ 127.478310095000097, -0.659794215999966, 0.0 ], [ 127.477964933000067, -0.648868506999975, 0.0 ], [ 127.480744216000062, -0.629924650999953, 0.0 ], [ 127.473693921000063, -0.626771684999937, 0.0 ], [ 127.464560874000085, -0.628836003999936, 0.0 ], [ 127.46301832000006, -0.625962745999971, 0.0 ], [ 127.460450875000106, -0.62467256399998, 0.0 ], [ 127.458759414000042, -0.625491532999945, 0.0 ], [ 127.458905704000017, -0.629588088999981, 0.0 ], [ 127.457509727000115, -0.631413701999975, 0.0 ], [ 127.451457261000087, -0.629587303999926, 0.0 ], [ 127.448595004000026, -0.626835582999945, 0.0 ], [ 127.444408836000093, -0.627695769999946, 0.0 ], [ 127.441942250000011, -0.625168149999979, 0.0 ], [ 127.431084997000085, -0.620431079999946, 0.0 ], [ 127.430036736000034, -0.614843237999935, 0.0 ], [ 127.430400545000111, -0.613707644999977, 0.0 ], [ 127.430863402000114, -0.615954683999973, 0.0 ], [ 127.431600571000104, -0.613610927999957, 0.0 ], [ 127.429956583000035, -0.610194091999972, 0.0 ], [ 127.421182200000089, -0.606978595999976, 0.0 ], [ 127.415404007, -0.607470585999977, 0.0 ], [ 127.414235430000076, -0.611319567999942, 0.0 ], [ 127.415803162000088, -0.614945200999955, 0.0 ], [ 127.417878127000108, -0.615390890999947, 0.0 ], [ 127.418048550000094, -0.617824472999928, 0.0 ], [ 127.420044970000049, -0.61862906999994, 0.0 ], [ 127.419923205000032, -0.620452387999933, 0.0 ], [ 127.414354163000098, -0.619754391999948, 0.0 ], [ 127.413198654000098, -0.620766217999972, 0.0 ], [ 127.411840178000034, -0.617958211999962, 0.0 ], [ 127.409597604000055, -0.620839432999958, 0.0 ], [ 127.407907638000097, -0.620398511999952, 0.0 ], [ 127.409420800000021, -0.615646785999957, 0.0 ], [ 127.408514421000064, -0.613578224999969, 0.0 ], [ 127.406429776000095, -0.613263424999957, 0.0 ], [ 127.406593754000028, -0.610427084999969, 0.0 ], [ 127.402271915000028, -0.607816082999932, 0.0 ], [ 127.402557451, -0.605417586999977, 0.0 ], [ 127.400830796000037, -0.604565477999927, 0.0 ], [ 127.399438544000077, -0.601214554999956, 0.0 ], [ 127.400744062000058, -0.597853492999946, 0.0 ], [ 127.397531001000061, -0.59497932599993, 0.0 ], [ 127.394847188000085, -0.595444544999964, 0.0 ], [ 127.390054460000101, -0.587718165999945, 0.0 ], [ 127.38666046700007, -0.586819873999957, 0.0 ], [ 127.385655669000016, -0.584579907999967, 0.0 ], [ 127.383359694000092, -0.584127000999956, 0.0 ], [ 127.384528099000022, -0.587752451999961, 0.0 ], [ 127.381903972000032, -0.587780399999929, 0.0 ], [ 127.378901007000081, -0.590959562999956, 0.0 ], [ 127.375585033000107, -0.591575929999976, 0.0 ], [ 127.36885596500008, -0.583519796999951, 0.0 ], [ 127.360065185000053, -0.578815403999954, 0.0 ], [ 127.360263149000048, -0.571165618999942, 0.0 ], [ 127.358998967000048, -0.566927748999944, 0.0 ], [ 127.360711350000088, -0.563267276999966, 0.0 ], [ 127.359335494000106, -0.561981961999948, 0.0 ], [ 127.362267165000048, -0.55847257299996, 0.0 ], [ 127.361697247000052, -0.556541433999939, 0.0 ], [ 127.353432007000038, -0.559561192999979, 0.0 ], [ 127.351635401000067, -0.558455222999953, 0.0 ], [ 127.347907756000041, -0.552474638999968, 0.0 ], [ 127.348143672000106, -0.550278142999957, 0.0 ], [ 127.342347597000071, -0.546335643999953, 0.0 ], [ 127.345051331000036, -0.544250070999965, 0.0 ], [ 127.345236929000066, -0.541823020999971, 0.0 ], [ 127.348456340000098, -0.540866477999941, 0.0 ], [ 127.346464731000083, -0.54036679099994, 0.0 ], [ 127.345772398, -0.538497889999974, 0.0 ], [ 127.340139248000014, -0.539533363999965, 0.0 ], [ 127.335492136000084, -0.53696645499997, 0.0 ], [ 127.335575638000023, -0.533528559999979, 0.0 ], [ 127.333286276000081, -0.530418932999964, 0.0 ], [ 127.325774473000024, -0.529035128999965, 0.0 ], [ 127.323158077000016, -0.524774093999952, 0.0 ], [ 127.318068047000111, -0.520580648999953, 0.0 ], [ 127.316514725000047, -0.516359453999939, 0.0 ], [ 127.30956974500009, -0.516170965999947, 0.0 ], [ 127.3095703030001, -0.514053406999949, 0.0 ], [ 127.306625798000027, -0.512724661999926, 0.0 ], [ 127.305186437000089, -0.508991639999977, 0.0 ], [ 127.306520337000052, -0.507003642999962, 0.0 ], [ 127.304859480000118, -0.50499332399994, 0.0 ], [ 127.308261465000101, -0.501921961999926, 0.0 ], [ 127.306978886000024, -0.498447398999929, 0.0 ], [ 127.308569788000113, -0.495196101999966, 0.0 ], [ 127.305219359000034, -0.491850221999925, 0.0 ], [ 127.304464353000071, -0.488619860999961, 0.0 ], [ 127.299932617000081, -0.485467507999942, 0.0 ], [ 127.300203984000063, -0.483809427999972, 0.0 ], [ 127.297401844000092, -0.483485704999964, 0.0 ], [ 127.295234717000085, -0.48151117499998, 0.0 ], [ 127.294992605000061, -0.48022623199995, 0.0 ], [ 127.297274328000071, -0.480140667999933, 0.0 ], [ 127.297545651000064, -0.478640507999955, 0.0 ], [ 127.295385290000013, -0.478130320999981, 0.0 ], [ 127.295678171000077, -0.475941067999941, 0.0 ], [ 127.291109024000093, -0.470312299999932, 0.0 ], [ 127.291651695000041, -0.467139712999938, 0.0 ], [ 127.292932316000019, -0.466640516999973, 0.0 ], [ 127.291352522000011, -0.465897827999925, 0.0 ], [ 127.291183564000107, -0.456810311999959, 0.0 ], [ 127.293309117000035, -0.453709877999927, 0.0 ], [ 127.293431633000068, -0.448125338999944, 0.0 ], [ 127.295157496000115, -0.446668584999941, 0.0 ], [ 127.294102538000061, -0.445268606999946, 0.0 ], [ 127.295949975000099, -0.442232693999927, 0.0 ], [ 127.29541649500004, -0.436540322999974, 0.0 ], [ 127.301241207000089, -0.432334289999972, 0.0 ], [ 127.30239804200005, -0.433436993999976, 0.0 ], [ 127.303139852000072, -0.432274301999939, 0.0 ], [ 127.304216266000026, -0.433451760999958, 0.0 ], [ 127.306355396000072, -0.433279966999976, 0.0 ], [ 127.306941926000036, -0.432125915999961, 0.0 ], [ 127.312086633000035, -0.433511818999932, 0.0 ], [ 127.313338959000021, -0.431094266999935, 0.0 ], [ 127.315852169000095, -0.43104074699994, 0.0 ], [ 127.318655737000086, -0.428428464999968, 0.0 ], [ 127.318685898000012, -0.423391168999956, 0.0 ], [ 127.322073782000075, -0.418876808999926, 0.0 ], [ 127.324541023000052, -0.418231300999935, 0.0 ], [ 127.325397243000111, -0.415503757999943, 0.0 ], [ 127.32864853600006, -0.416243809999969, 0.0 ], [ 127.326247254, -0.414246885999944, 0.0 ], [ 127.331082630000083, -0.405968912999924, 0.0 ], [ 127.332268293000084, -0.398912912999947, 0.0 ], [ 127.331014256000117, -0.394898758999943, 0.0 ], [ 127.333334231000094, -0.39374947999994, 0.0 ], [ 127.333153444000118, -0.388490038999976, 0.0 ], [ 127.335799938000036, -0.388425470999948, 0.0 ], [ 127.336776035000071, -0.38478919399995, 0.0 ], [ 127.338657166000075, -0.38400956199996, 0.0 ], [ 127.336603424000032, -0.377537018999931, 0.0 ], [ 127.337728408000089, -0.375975878999952, 0.0 ], [ 127.335623369000018, -0.373825330999978, 0.0 ], [ 127.337221089000082, -0.371064392999926, 0.0 ], [ 127.335524232000012, -0.370152431999941, 0.0 ], [ 127.336116813000103, -0.366046574999928, 0.0 ], [ 127.334355930000015, -0.364337818999957, 0.0 ], [ 127.335198853000065, -0.361624584999959, 0.0 ], [ 127.333284493000065, -0.359810841999945, 0.0 ], [ 127.333380968000029, -0.356797909999955, 0.0 ], [ 127.331633464000106, -0.357043010999973, 0.0 ], [ 127.329934785000091, -0.353351488999976, 0.0 ], [ 127.33153014100003, -0.350013090999937, 0.0 ], [ 127.328685332000077, -0.348928666999939, 0.0 ], [ 127.327023833000112, -0.349696439999946, 0.0 ], [ 127.328657020000037, -0.347744250999938, 0.0 ], [ 127.32583335400011, -0.348088301999951, 0.0 ], [ 127.327459348000048, -0.34648066799997, 0.0 ], [ 127.326917727000023, -0.344865468999956, 0.0 ], [ 127.324792855000055, -0.345094794999966, 0.0 ], [ 127.320472511000048, -0.341569526999933, 0.0 ], [ 127.320659836000118, -0.330220806999932, 0.0 ], [ 127.322235732000081, -0.329596568999932, 0.0 ], [ 127.322272463000104, -0.331663423999942, 0.0 ], [ 127.322850153000104, -0.330852382999979, 0.0 ], [ 127.324497034000046, -0.332137566999961, 0.0 ], [ 127.323142662, -0.329854660999956, 0.0 ], [ 127.323713428000019, -0.32779460699993, 0.0 ], [ 127.325687961000085, -0.331139995999933, 0.0 ], [ 127.331805255000063, -0.334184612999934, 0.0 ], [ 127.334573919000036, -0.337357968999925, 0.0 ], [ 127.338391306000062, -0.338282869999944, 0.0 ], [ 127.340679723000108, -0.334197414999949, 0.0 ], [ 127.346346046, -0.335558249999963, 0.0 ], [ 127.347825587000102, -0.334910442999956, 0.0 ], [ 127.349718757000119, -0.330755531999955, 0.0 ], [ 127.352781942000092, -0.332261342999971, 0.0 ], [ 127.356670957000119, -0.331041746999972, 0.0 ], [ 127.356957655000087, -0.327470761999962, 0.0 ], [ 127.359484194000061, -0.322898473999942, 0.0 ], [ 127.364783583000076, -0.31751124699997, 0.0 ], [ 127.368809487000021, -0.316575690999969, 0.0 ], [ 127.369582796000032, -0.315204347999952, 0.0 ], [ 127.370423936000066, -0.316392314999973, 0.0 ], [ 127.372345690000088, -0.316280523999978, 0.0 ], [ 127.374357713000109, -0.320563007999965, 0.0 ], [ 127.374244783000108, -0.323233939999966, 0.0 ], [ 127.380155666000064, -0.325015140999938, 0.0 ], [ 127.38613706000001, -0.331842810999945, 0.0 ], [ 127.386300411000093, -0.335834055999953, 0.0 ], [ 127.388189915000112, -0.336351218999937, 0.0 ], [ 127.392733623000026, -0.344637617999979, 0.0 ], [ 127.394142924000107, -0.345216745999949, 0.0 ], [ 127.399283769000021, -0.343465752999975, 0.0 ], [ 127.402599348000081, -0.344917563999957, 0.0 ], [ 127.401536092000015, -0.349676731999978, 0.0 ], [ 127.407238318000054, -0.351912906999928, 0.0 ], [ 127.408694152000066, -0.355901741999958, 0.0 ], [ 127.412451590000046, -0.358221062999974, 0.0 ], [ 127.411637851000023, -0.363109505999944, 0.0 ], [ 127.414792841, -0.367863632999956, 0.0 ], [ 127.411964476000094, -0.37095570799994, 0.0 ], [ 127.412579943000082, -0.372339398999941, 0.0 ], [ 127.410858439000094, -0.37535595099996, 0.0 ], [ 127.411628202000088, -0.377265582999939, 0.0 ], [ 127.414435922000052, -0.377771708999944, 0.0 ], [ 127.413700669000036, -0.381069640999954, 0.0 ], [ 127.416633347000015, -0.380403530999956, 0.0 ], [ 127.414700366000034, -0.383533019999959, 0.0 ], [ 127.417851408000047, -0.38738131599996, 0.0 ], [ 127.417372560000103, -0.393224571999951, 0.0 ], [ 127.419768028000021, -0.395550885999967, 0.0 ], [ 127.42289728500009, -0.39519570799996, 0.0 ], [ 127.421992261000014, -0.398408383999936, 0.0 ], [ 127.424694333000048, -0.400835265999945, 0.0 ], [ 127.425984056000061, -0.405702597999948, 0.0 ], [ 127.427809228000115, -0.407210460999977, 0.0 ], [ 127.431731139000021, -0.407153800999936, 0.0 ], [ 127.44108518400003, -0.414887023999938, 0.0 ], [ 127.452564998000071, -0.41879449399994, 0.0 ], [ 127.457250449000071, -0.416225450999946, 0.0 ], [ 127.458632293000051, -0.411468204999949, 0.0 ], [ 127.457453145000045, -0.408370673999968, 0.0 ], [ 127.452781686000094, -0.405242991999955, 0.0 ], [ 127.452444481000043, -0.403123015999938, 0.0 ], [ 127.456737823000026, -0.401941965999924, 0.0 ], [ 127.460140888000069, -0.40339049499994, 0.0 ], [ 127.462608657000033, -0.400713303999964, 0.0 ], [ 127.46523240700003, -0.402845879999973, 0.0 ], [ 127.467645811000011, -0.40259158799995, 0.0 ], [ 127.470761794000055, -0.39935950499995, 0.0 ], [ 127.474642520000089, -0.390939551999963, 0.0 ], [ 127.478007982, -0.389308921999941, 0.0 ], [ 127.479578426000103, -0.386774795999941, 0.0 ], [ 127.479414409000015, -0.383451768999976, 0.0 ], [ 127.47610510800007, -0.379981442999963, 0.0 ], [ 127.475089607000086, -0.376278219999961, 0.0 ], [ 127.478685780000092, -0.37027859899996, 0.0 ], [ 127.475002240000094, -0.36595276099996, 0.0 ], [ 127.476036671000088, -0.363230991999956, 0.0 ], [ 127.480509022000092, -0.361348369999973, 0.0 ], [ 127.481647763000069, -0.354222574999937, 0.0 ], [ 127.480816360000063, -0.350950112999953, 0.0 ], [ 127.484833668000078, -0.349353487999963, 0.0 ], [ 127.483794476000071, -0.344800772999974, 0.0 ], [ 127.484861, -0.33951376899995, 0.0 ], [ 127.492922566000061, -0.341153, 0.0 ], [ 127.501962289000062, -0.332727250999937, 0.0 ], [ 127.514874668000061, -0.325320613999963, 0.0 ], [ 127.519077050000078, -0.31937456199995, 0.0 ], [ 127.513301502000104, -0.315741206999974, 0.0 ], [ 127.516326221000099, -0.307155684999941, 0.0 ], [ 127.521126212000013, -0.300810198999955, 0.0 ], [ 127.523757491000083, -0.301133608999976, 0.0 ], [ 127.525511886000118, -0.299805747999926, 0.0 ], [ 127.52576131100011, -0.300990302999935, 0.0 ] ] ], [ [ [ 127.116395980000107, -0.297327527999926, 0.0 ], [ 127.116371020000088, -0.297366998999962, 0.0 ], [ 127.116442353000025, -0.297137333999956, 0.0 ], [ 127.116431635000026, -0.297280880999949, 0.0 ], [ 127.116395980000107, -0.297327527999926, 0.0 ] ] ], [ [ [ 127.547467649000055, -0.298609570999929, 0.0 ], [ 127.553907060000029, -0.298007388999963, 0.0 ], [ 127.55593203400008, -0.299895737999975, 0.0 ], [ 127.554355796000095, -0.301977443999931, 0.0 ], [ 127.554840472000024, -0.303757904999941, 0.0 ], [ 127.559247593, -0.302839581999933, 0.0 ], [ 127.559668750000014, -0.299616250999975, 0.0 ], [ 127.563277, -0.300191051999946, 0.0 ], [ 127.564346302000104, -0.302955126999962, 0.0 ], [ 127.566749420000065, -0.303414907999979, 0.0 ], [ 127.56869547000008, -0.309000476999927, 0.0 ], [ 127.565543578000074, -0.308583663999968, 0.0 ], [ 127.563625564000063, -0.306709671999954, 0.0 ], [ 127.561935287000097, -0.308274473999973, 0.0 ], [ 127.562690910000015, -0.310291887999938, 0.0 ], [ 127.563639589000104, -0.308482898999955, 0.0 ], [ 127.56516552100004, -0.309394844999929, 0.0 ], [ 127.562883249000038, -0.311777976999963, 0.0 ], [ 127.559303551000085, -0.310987789999956, 0.0 ], [ 127.559125425000047, -0.309875015999978, 0.0 ], [ 127.558583318000046, -0.310944616999961, 0.0 ], [ 127.55873345100008, -0.308130457999937, 0.0 ], [ 127.556201645000101, -0.310168955999927, 0.0 ], [ 127.553755660000093, -0.310383988999945, 0.0 ], [ 127.552493622000043, -0.309213635999924, 0.0 ], [ 127.550696438000045, -0.310376388999941, 0.0 ], [ 127.547780008000018, -0.309141198999953, 0.0 ], [ 127.546417888000065, -0.309815835999927, 0.0 ], [ 127.543081291000021, -0.304445496999961, 0.0 ], [ 127.542497182000034, -0.299685754999928, 0.0 ], [ 127.545542648000037, -0.295723360999943, 0.0 ], [ 127.547467649000055, -0.298609570999929, 0.0 ] ] ], [ [ [ 127.277216009000085, -0.295011912999939, 0.0 ], [ 127.277151833000062, -0.295047792999981, 0.0 ], [ 127.277101925000011, -0.295026250999967, 0.0 ], [ 127.277216023000051, -0.294918598999971, 0.0 ], [ 127.277216009000085, -0.295011912999939, 0.0 ] ] ], [ [ [ 127.066170208000017, -0.294165534999934, 0.0 ], [ 127.066049010000029, -0.294172690999972, 0.0 ], [ 127.06607043200006, -0.293971732999978, 0.0 ], [ 127.066163091000021, -0.294093761999932, 0.0 ], [ 127.066170208000017, -0.294165534999934, 0.0 ] ] ], [ [ [ 127.267711737000013, -0.294249557999933, 0.0 ], [ 127.267269678000048, -0.294220776999964, 0.0 ], [ 127.267091475000029, -0.293904915999974, 0.0 ], [ 127.267704640000034, -0.294034215999943, 0.0 ], [ 127.267711737000013, -0.294249557999933, 0.0 ] ] ], [ [ [ 127.275961292000034, -0.293848873999934, 0.0 ], [ 127.27583294100009, -0.293913455999927, 0.0 ], [ 127.275818695000112, -0.293812960999958, 0.0 ], [ 127.275932787000102, -0.293748376999929, 0.0 ], [ 127.275961292000034, -0.293848873999934, 0.0 ] ] ], [ [ [ 127.279262600000038, -0.293361278999953, 0.0 ], [ 127.27892741200003, -0.293834978999939, 0.0 ], [ 127.277429990000087, -0.29450230499998, 0.0 ], [ 127.277736754000102, -0.293396931999951, 0.0 ], [ 127.279262600000038, -0.293361278999953, 0.0 ] ] ], [ [ [ 127.276018423000096, -0.293260282999938, 0.0 ], [ 127.275890138000022, -0.29289418299993, 0.0 ], [ 127.276275225000063, -0.292485093999971, 0.0 ], [ 127.276346470000021, -0.29285118599995, 0.0 ], [ 127.276018423000096, -0.293260282999938, 0.0 ] ] ], [ [ [ 127.110594683000045, -0.29207028899998, 0.0 ], [ 127.110516246000088, -0.292149226999925, 0.0 ], [ 127.110359405000054, -0.292106136999962, 0.0 ], [ 127.11043784200001, -0.292034375999947, 0.0 ], [ 127.110594683000045, -0.29207028899998, 0.0 ] ] ], [ [ [ 127.271155632000045, -0.29376198999995, 0.0 ], [ 127.271511854000096, -0.295592442999975, 0.0 ], [ 127.269679714000063, -0.293725869999946, 0.0 ], [ 127.269801203000043, -0.291917026999954, 0.0 ], [ 127.271155632000045, -0.29376198999995, 0.0 ] ] ], [ [ [ 127.26917375700009, -0.291916929999957, 0.0 ], [ 127.269024031000072, -0.29188101699998, 0.0 ], [ 127.26910961100009, -0.291759002999925, 0.0 ], [ 127.269180910000046, -0.291766191999955, 0.0 ], [ 127.26917375700009, -0.291916929999957, 0.0 ] ] ], [ [ [ 127.273066799000048, -0.291759615999979, 0.0 ], [ 127.272881425000037, -0.291702162999968, 0.0 ], [ 127.272881437000024, -0.291623204999951, 0.0 ], [ 127.273088208000104, -0.291630414999929, 0.0 ], [ 127.273066799000048, -0.291759615999979, 0.0 ] ] ], [ [ [ 127.260232773000098, -0.291324552999924, 0.0 ], [ 127.260080665000032, -0.291334099999972, 0.0 ], [ 127.260033152000119, -0.291200102999937, 0.0 ], [ 127.260308851000104, -0.291171434999967, 0.0 ], [ 127.260232773000098, -0.291324552999924, 0.0 ] ] ], [ [ [ 127.270521398000028, -0.29152952499993, 0.0 ], [ 127.270307514000024, -0.291414643999929, 0.0 ], [ 127.270464451000066, -0.290919384999938, 0.0 ], [ 127.270585596000046, -0.291350084999976, 0.0 ], [ 127.270521398000028, -0.29152952499993, 0.0 ] ] ], [ [ [ 127.283071723000035, -0.290340856999933, 0.0 ], [ 127.283095417000027, -0.290828968999961, 0.0 ], [ 127.282049653000058, -0.290924515999961, 0.0 ], [ 127.282054487000096, -0.29039333999998, 0.0 ], [ 127.283071723000035, -0.290340856999933, 0.0 ] ] ], [ [ [ 127.268446845000085, -0.289905765999947, 0.0 ], [ 127.267292806000114, -0.28997714999997, 0.0 ], [ 127.267286858000034, -0.289043210999978, 0.0 ], [ 127.268179155000098, -0.289358489999927, 0.0 ], [ 127.268446845000085, -0.289905765999947, 0.0 ] ] ], [ [ [ 127.118141213000058, -0.284786484999927, 0.0 ], [ 127.11782280500006, -0.284528044999945, 0.0 ], [ 127.117955965000078, -0.284059142999979, 0.0 ], [ 127.118231593000019, -0.284331929999951, 0.0 ], [ 127.118141213000058, -0.284786484999927, 0.0 ] ] ], [ [ [ 127.120693900000106, -0.282691094999961, 0.0 ], [ 127.120337447000111, -0.282566627999927, 0.0 ], [ 127.120232906000069, -0.282408706999945, 0.0 ], [ 127.120399251000094, -0.28247093899995, 0.0 ], [ 127.120693900000106, -0.282691094999961, 0.0 ] ] ], [ [ [ 127.266441188000044, -0.282059269999934, 0.0 ], [ 127.266298590000019, -0.282041302999971, 0.0 ], [ 127.266304550000086, -0.281915689999948, 0.0 ], [ 127.266417442000034, -0.281921687999954, 0.0 ], [ 127.266441188000044, -0.282059269999934, 0.0 ] ] ], [ [ [ 127.266322390000028, -0.281819985999959, 0.0 ], [ 127.266227320000098, -0.281837915999972, 0.0 ], [ 127.266203567000048, -0.281742205999933, 0.0 ], [ 127.266292699000019, -0.281694365999954, 0.0 ], [ 127.266322390000028, -0.281819985999959, 0.0 ] ] ], [ [ [ 127.269685447000029, -0.281479532999924, 0.0 ], [ 127.270041927000079, -0.281629128999953, 0.0 ], [ 127.269198133000032, -0.28211351899995, 0.0 ], [ 127.269293322000067, -0.281288060999941, 0.0 ], [ 127.269685447000029, -0.281479532999924, 0.0 ] ] ], [ [ [ 127.275134024000067, -0.281354729999975, 0.0 ], [ 127.274932012000022, -0.281312827999955, 0.0 ], [ 127.274896400000102, -0.281049627999948, 0.0 ], [ 127.275241016000109, -0.281079586999965, 0.0 ], [ 127.275134024000067, -0.281354729999975, 0.0 ] ] ], [ [ [ 127.270018247000053, -0.281042919999948, 0.0 ], [ 127.269994469000039, -0.281114696999964, 0.0 ], [ 127.269863792000024, -0.280839519999972, 0.0 ], [ 127.269964795000078, -0.280881405999935, 0.0 ], [ 127.270018247000053, -0.281042919999948, 0.0 ] ] ], [ [ [ 127.275377781000088, -0.280355821999933, 0.0 ], [ 127.275247069000102, -0.280313930999966, 0.0 ], [ 127.275247084000057, -0.280218223999952, 0.0 ], [ 127.275478810000095, -0.280224238999949, 0.0 ], [ 127.275377781000088, -0.280355821999933, 0.0 ] ] ], [ [ [ 127.267956616000106, -0.280073579999964, 0.0 ], [ 127.267855565000104, -0.280360684999948, 0.0 ], [ 127.26724360500009, -0.280115345999945, 0.0 ], [ 127.267748688000097, -0.279852226999935, 0.0 ], [ 127.267956616000106, -0.280073579999964, 0.0 ] ] ], [ [ [ 127.307406325000102, -0.278328305999935, 0.0 ], [ 127.307349277000071, -0.278371365999931, 0.0 ], [ 127.307316013000104, -0.278299579999953, 0.0 ], [ 127.307354046000114, -0.278261301999976, 0.0 ], [ 127.307406325000102, -0.278328305999935, 0.0 ] ] ], [ [ [ 127.284541858000011, -0.278149519999943, 0.0 ], [ 127.284551355000076, -0.278206945999955, 0.0 ], [ 127.284437292, -0.278082508999944, 0.0 ], [ 127.28451334500005, -0.278092090999962, 0.0 ], [ 127.284541858000011, -0.278149519999943, 0.0 ] ] ], [ [ [ 127.272478480000018, -0.278566864999959, 0.0 ], [ 127.272175543000117, -0.277950705999956, 0.0 ], [ 127.272508303000109, -0.277789248999966, 0.0 ], [ 127.272763724000015, -0.278285767999932, 0.0 ], [ 127.272478480000018, -0.278566864999959, 0.0 ] ] ], [ [ [ 127.274362107000115, -0.277879247999977, 0.0 ], [ 127.273993705000066, -0.277980881999952, 0.0 ], [ 127.273577811000109, -0.277801369999963, 0.0 ], [ 127.273839275000114, -0.277604011999927, 0.0 ], [ 127.274362107000115, -0.277879247999977, 0.0 ] ] ], [ [ [ 127.272847011000067, -0.277579939999953, 0.0 ], [ 127.27276977300005, -0.277544037999974, 0.0 ], [ 127.272918339000057, -0.277394517999937, 0.0 ], [ 127.272912382000072, -0.277496205999967, 0.0 ], [ 127.272847011000067, -0.277579939999953, 0.0 ] ] ], [ [ [ 127.275520710000023, -0.278112704999955, 0.0 ], [ 127.275378107000051, -0.27812464699997, 0.0 ], [ 127.274593863000064, -0.277681885999925, 0.0 ], [ 127.275348516, -0.277311130999976, 0.0 ], [ 127.275520710000023, -0.278112704999955, 0.0 ] ] ], [ [ [ 127.273203568000099, -0.277203145999977, 0.0 ], [ 127.273096621000036, -0.277179202999946, 0.0 ], [ 127.273245227000075, -0.27674854299994, 0.0 ], [ 127.27328677200012, -0.277071560999957, 0.0 ], [ 127.273203568000099, -0.277203145999977, 0.0 ] ] ], [ [ [ 127.284803491000048, -0.276785124999947, 0.0 ], [ 127.284702481000068, -0.276785109999935, 0.0 ], [ 127.284646055000053, -0.276644530999931, 0.0 ], [ 127.284830251000017, -0.276629603999936, 0.0 ], [ 127.284803491000048, -0.276785124999947, 0.0 ] ] ], [ [ [ 127.264249741000071, -0.276118702999952, 0.0 ], [ 127.26416418000008, -0.276118689999976, 0.0 ], [ 127.264214124000091, -0.275889001999928, 0.0 ], [ 127.264278282000078, -0.27597514699994, 0.0 ], [ 127.264249741000071, -0.276118702999952, 0.0 ] ] ], [ [ [ 127.262510074000033, -0.275709300999949, 0.0 ], [ 127.262374544000068, -0.275673239999946, 0.0 ], [ 127.262417443000118, -0.275300141999935, 0.0 ], [ 127.262702627000067, -0.275415031999955, 0.0 ], [ 127.262510074000033, -0.275709300999949, 0.0 ] ] ], [ [ [ 127.261982448000026, -0.275737934999938, 0.0 ], [ 127.261347900000032, -0.275565569999969, 0.0 ], [ 127.261404995000021, -0.275192323999931, 0.0 ], [ 127.261568984000064, -0.275199525999938, 0.0 ], [ 127.261982448000026, -0.275737934999938, 0.0 ] ] ], [ [ [ 127.061154371000043, -0.275338917999932, 0.0 ], [ 127.063478422000117, -0.275805814999956, 0.0 ], [ 127.061303318000114, -0.280039994999925, 0.0 ], [ 127.061686809000093, -0.288946940999949, 0.0 ], [ 127.064774119000049, -0.286858906999953, 0.0 ], [ 127.066299628000024, -0.287741962999974, 0.0 ], [ 127.064831543000082, -0.284526328999959, 0.0 ], [ 127.067063249000057, -0.283005137999965, 0.0 ], [ 127.068183363000117, -0.277995633999979, 0.0 ], [ 127.069081421000078, -0.279388160999929, 0.0 ], [ 127.068267696000021, -0.285380996999947, 0.0 ], [ 127.066955713000084, -0.286586543999931, 0.0 ], [ 127.067725420000102, -0.288086711999938, 0.0 ], [ 127.068716456000061, -0.287677779999967, 0.0 ], [ 127.069265003000055, -0.290075062999961, 0.0 ], [ 127.067589413000064, -0.291345140999965, 0.0 ], [ 127.06776724100007, -0.293699294999954, 0.0 ], [ 127.061308221000104, -0.293274714999939, 0.0 ], [ 127.058862336000061, -0.296518367999965, 0.0 ], [ 127.056524305000039, -0.294493995999972, 0.0 ], [ 127.056382291000091, -0.29119247899996, 0.0 ], [ 127.05771565100008, -0.290022831999977, 0.0 ], [ 127.055890832000046, -0.288515313999937, 0.0 ], [ 127.055799326000056, -0.281517570999938, 0.0 ], [ 127.056868663000046, -0.281776127999933, 0.0 ], [ 127.057895686000052, -0.279242761999967, 0.0 ], [ 127.057204486000046, -0.277211509999972, 0.0 ], [ 127.058566240000118, -0.276738041999977, 0.0 ], [ 127.0594785830001, -0.277943956999934, 0.0 ], [ 127.060455458000092, -0.276881895999963, 0.0 ], [ 127.060013827000034, -0.274534886999959, 0.0 ], [ 127.061154371000043, -0.275338917999932, 0.0 ] ] ], [ [ [ 127.074008492000075, -0.274742912999955, 0.0 ], [ 127.073735218000024, -0.274653152999974, 0.0 ], [ 127.073794655000029, -0.274485693999964, 0.0 ], [ 127.073937228000091, -0.274563470999965, 0.0 ], [ 127.074008492000075, -0.274742912999955, 0.0 ] ] ], [ [ [ 127.262061023000115, -0.274733027999957, 0.0 ], [ 127.261954083000091, -0.274661232999961, 0.0 ], [ 127.261932721000107, -0.274467423999965, 0.0 ], [ 127.262096706000079, -0.274503337999931, 0.0 ], [ 127.262061023000115, -0.274733027999957, 0.0 ] ] ], [ [ [ 127.259526730000061, -0.271912852999947, 0.0 ], [ 127.259457808000093, -0.271903271999975, 0.0 ], [ 127.259426923000092, -0.271819523999966, 0.0 ], [ 127.259543379000093, -0.271826719999979, 0.0 ], [ 127.259526730000061, -0.271912852999947, 0.0 ] ] ], [ [ [ 127.260488336000094, -0.270215398999937, 0.0 ], [ 127.260464527000067, -0.270514477999939, 0.0 ], [ 127.260060534000104, -0.270218327999942, 0.0 ], [ 127.260434874000111, -0.270119683999951, 0.0 ], [ 127.260488336000094, -0.270215398999937, 0.0 ] ] ], [ [ [ 127.259710048000102, -0.269709836999937, 0.0 ], [ 127.259659551000027, -0.269661975999952, 0.0 ], [ 127.25974571900008, -0.26956329199993, 0.0 ], [ 127.259769479000056, -0.269611147999967, 0.0 ], [ 127.259710048000102, -0.269709836999937, 0.0 ] ] ], [ [ [ 127.140573330000052, -0.267461245999925, 0.0 ], [ 127.14038082400009, -0.267518635999977, 0.0 ], [ 127.140359476000071, -0.267245887999934, 0.0 ], [ 127.140559082000095, -0.267389468999966, 0.0 ], [ 127.140573330000052, -0.267461245999925, 0.0 ] ] ], [ [ [ 127.256630834000021, -0.26296319599993, 0.0 ], [ 127.256589218000045, -0.263136657999951, 0.0 ], [ 127.256479302000116, -0.263103743999977, 0.0 ], [ 127.256503084000087, -0.262993086999927, 0.0 ], [ 127.256630834000021, -0.26296319599993, 0.0 ] ] ], [ [ [ 127.253112218000069, -0.262715060999938, 0.0 ], [ 127.253023097000096, -0.262694113999942, 0.0 ], [ 127.252996378000034, -0.262559522999936, 0.0 ], [ 127.253159765000078, -0.262622352999927, 0.0 ], [ 127.253112218000069, -0.262715060999938, 0.0 ] ] ], [ [ [ 127.252586671000017, -0.26063038999996, 0.0 ], [ 127.2525450710001, -0.260690199999942, 0.0 ], [ 127.252344902000118, -0.260536288999958, 0.0 ], [ 127.252649080000083, -0.260471884999959, 0.0 ], [ 127.252586671000017, -0.26063038999996, 0.0 ] ] ], [ [ [ 127.251948051000113, -0.25985567999993, 0.0 ], [ 127.252307485000074, -0.260106957999938, 0.0 ], [ 127.252138093000099, -0.260513684999978, 0.0 ], [ 127.251639015000023, -0.260364073999938, 0.0 ], [ 127.251948051000113, -0.25985567999993, 0.0 ] ] ], [ [ [ 127.023765843000092, -0.25927289699996, 0.0 ], [ 127.023744412000042, -0.259552797999959, 0.0 ], [ 127.023295300000086, -0.259437894999962, 0.0 ], [ 127.023523454000042, -0.25928003699994, 0.0 ], [ 127.023765843000092, -0.25927289699996, 0.0 ] ] ], [ [ [ 127.023680394000053, -0.258626952999975, 0.0 ], [ 127.023566338000023, -0.258569518999934, 0.0 ], [ 127.023630518000118, -0.258454696999934, 0.0 ], [ 127.023687542000062, -0.25850494499997, 0.0 ], [ 127.023680394000053, -0.258626952999975, 0.0 ] ] ], [ [ [ 127.020237126000097, -0.258253207999928, 0.0 ], [ 127.021092398000064, -0.259624150999969, 0.0 ], [ 127.018846724000014, -0.259810398999946, 0.0 ], [ 127.019752341000071, -0.258332078999956, 0.0 ], [ 127.020237126000097, -0.258253207999928, 0.0 ] ] ], [ [ [ 127.092331423000019, -0.255229965999945, 0.0 ], [ 127.092188837000094, -0.255222767999953, 0.0 ], [ 127.092099777000044, -0.254842357999962, 0.0 ], [ 127.092474054000036, -0.25492854099997, 0.0 ], [ 127.092331423000019, -0.255229965999945, 0.0 ] ] ], [ [ [ 127.246232577000114, -0.254888350999977, 0.0 ], [ 127.246151767000015, -0.254912265999963, 0.0 ], [ 127.24614702100007, -0.254859626999973, 0.0 ], [ 127.246213572000102, -0.254826139999977, 0.0 ], [ 127.246232577000114, -0.254888350999977, 0.0 ] ] ], [ [ [ 127.203613984000071, -0.254783116999931, 0.0 ], [ 127.203471397000044, -0.254725674999975, 0.0 ], [ 127.203614020000032, -0.254524717999971, 0.0 ], [ 127.203671058000054, -0.254531903999975, 0.0 ], [ 127.203613984000071, -0.254783116999931, 0.0 ] ] ], [ [ [ 127.039066461000061, -0.25460482699998, 0.0 ], [ 127.038791420000052, -0.254512482999928, 0.0 ], [ 127.038877039000113, -0.254204822999952, 0.0 ], [ 127.039188753000076, -0.254297171999951, 0.0 ], [ 127.039066461000061, -0.25460482699998, 0.0 ] ] ], [ [ [ 127.247273485000051, -0.255367022999963, 0.0 ], [ 127.246726950000038, -0.254668295999977, 0.0 ], [ 127.247211865000054, -0.254089341999929, 0.0 ], [ 127.247587343000077, -0.254328657999963, 0.0 ], [ 127.247273485000051, -0.255367022999963, 0.0 ] ] ], [ [ [ 127.203763823000031, -0.253964872999973, 0.0 ], [ 127.203706779000072, -0.254007931999979, 0.0 ], [ 127.203642611000078, -0.254007922999961, 0.0 ], [ 127.203699657000016, -0.253957685999978, 0.0 ], [ 127.203763823000031, -0.253964872999973, 0.0 ] ] ], [ [ [ 127.22431434300006, -0.254088558999968, 0.0 ], [ 127.224093326000116, -0.254016749999948, 0.0 ], [ 127.224143273000095, -0.253743998999937, 0.0 ], [ 127.224421315000086, -0.253909127999975, 0.0 ], [ 127.22431434300006, -0.254088558999968, 0.0 ] ] ], [ [ [ 127.224208646000079, -0.253619592999939, 0.0 ], [ 127.224101699000016, -0.253619576999938, 0.0 ], [ 127.224095769000087, -0.25353583499998, 0.0 ], [ 127.224149243000056, -0.253529860999947, 0.0 ], [ 127.224208646000079, -0.253619592999939, 0.0 ] ] ], [ [ [ 127.193441728000039, -0.252979763999974, 0.0 ], [ 127.193270616000063, -0.252960598999948, 0.0 ], [ 127.193213599000046, -0.252807465999979, 0.0 ], [ 127.193527308000057, -0.252807509999968, 0.0 ], [ 127.193441728000039, -0.252979763999974, 0.0 ] ] ], [ [ [ 127.195133942000098, -0.252338789999953, 0.0 ], [ 127.194877259, -0.252434456999936, 0.0 ], [ 127.195067482000013, -0.251735850999978, 0.0 ], [ 127.195381173000101, -0.251860308999937, 0.0 ], [ 127.195133942000098, -0.252338789999953, 0.0 ] ] ], [ [ [ 127.228934840000079, -0.251591300999962, 0.0 ], [ 127.228685294000115, -0.251591266999981, 0.0 ], [ 127.228749527000105, -0.251117536999971, 0.0 ], [ 127.22898478500008, -0.251325726999937, 0.0 ], [ 127.228934840000079, -0.251591300999962, 0.0 ] ] ], [ [ [ 127.239993999000035, -0.245069311999941, 0.0 ], [ 127.242154093000067, -0.247158371999944, 0.0 ], [ 127.245854532000067, -0.247151685999938, 0.0 ], [ 127.240646616000049, -0.252314302999935, 0.0 ], [ 127.240735438000115, -0.254551430999925, 0.0 ], [ 127.241726653000114, -0.253409081999962, 0.0 ], [ 127.24365638300003, -0.254194131999952, 0.0 ], [ 127.243454167000095, -0.255677540999955, 0.0 ], [ 127.24572868000007, -0.255232822999972, 0.0 ], [ 127.246284679000041, -0.256244986999945, 0.0 ], [ 127.249714358000119, -0.255003674999955, 0.0 ], [ 127.247867515000053, -0.256345696999972, 0.0 ], [ 127.249179277000053, -0.257458457999974, 0.0 ], [ 127.249935165000011, -0.256640276999974, 0.0 ], [ 127.250027413000112, -0.259870365999973, 0.0 ], [ 127.251776759000109, -0.261102225999934, 0.0 ], [ 127.251419929, -0.263488844999927, 0.0 ], [ 127.252994482000076, -0.263375416999963, 0.0 ], [ 127.254358423000099, -0.267367253999964, 0.0 ], [ 127.259070749000102, -0.269534482999973, 0.0 ], [ 127.257765799000026, -0.270646879999958, 0.0 ], [ 127.259327110000072, -0.271766871999944, 0.0 ], [ 127.258115003000057, -0.271809763999954, 0.0 ], [ 127.257323240000119, -0.274120955999933, 0.0 ], [ 127.258877609000024, -0.273927378999929, 0.0 ], [ 127.260032435000085, -0.27533159099994, 0.0 ], [ 127.261440726000046, -0.274632445999941, 0.0 ], [ 127.261098424000011, -0.275055896999959, 0.0 ], [ 127.261147669000025, -0.279606748999925, 0.0 ], [ 127.263258075000067, -0.280166946999941, 0.0 ], [ 127.262502503000064, -0.278731234999952, 0.0 ], [ 127.264713197000106, -0.276097236999931, 0.0 ], [ 127.264848466000103, -0.277482610999925, 0.0 ], [ 127.266780669000013, -0.27774130499995, 0.0 ], [ 127.265540043000101, -0.277726764999954, 0.0 ], [ 127.265347408000025, -0.278580919999968, 0.0 ], [ 127.268677405000062, -0.27675101799997, 0.0 ], [ 127.270124579000026, -0.27830886199996, 0.0 ], [ 127.271793069000068, -0.27792149499993, 0.0 ], [ 127.265987560000099, -0.279903406999949, 0.0 ], [ 127.267334976000029, -0.281009021999978, 0.0 ], [ 127.266008764000048, -0.281166739999946, 0.0 ], [ 127.265979863000098, -0.283736461999979, 0.0 ], [ 127.269245970000043, -0.280054630999928, 0.0 ], [ 127.268575492000082, -0.281770076999976, 0.0 ], [ 127.269589021000115, -0.282630393999966, 0.0 ], [ 127.271199588000059, -0.280172160999939, 0.0 ], [ 127.270944190000023, -0.279520119999972, 0.0 ], [ 127.275003153000057, -0.282395526999949, 0.0 ], [ 127.276457873000027, -0.281141978999926, 0.0 ], [ 127.275935207000089, -0.279735003999974, 0.0 ], [ 127.278578017000086, -0.280242643999941, 0.0 ], [ 127.278710941000099, -0.281410293999954, 0.0 ], [ 127.280973629000073, -0.280922521999969, 0.0 ], [ 127.28247602600004, -0.278711897999926, 0.0 ], [ 127.285328063000065, -0.278750598999977, 0.0 ], [ 127.285911007000095, -0.276982084999929, 0.0 ], [ 127.286595181000052, -0.27918346499996, 0.0 ], [ 127.289751860000024, -0.276322258999926, 0.0 ], [ 127.292975555000112, -0.270130409999979, 0.0 ], [ 127.300323439000067, -0.268228043999954, 0.0 ], [ 127.305354663000116, -0.270406120999951, 0.0 ], [ 127.30594687700011, -0.279270825999959, 0.0 ], [ 127.305034012000078, -0.280668040999956, 0.0 ], [ 127.305376459000058, -0.279289884999969, 0.0 ], [ 127.304597043000058, -0.27823697599996, 0.0 ], [ 127.302676244000054, -0.281040959999928, 0.0 ], [ 127.302903514000036, -0.287175915999967, 0.0 ], [ 127.301582392000114, -0.284878712999955, 0.0 ], [ 127.298530114000073, -0.288697024999976, 0.0 ], [ 127.296467197000084, -0.288179888999935, 0.0 ], [ 127.289051242000028, -0.292188931999931, 0.0 ], [ 127.284754379000105, -0.29068566199993, 0.0 ], [ 127.284041248000108, -0.291470354999944, 0.0 ], [ 127.285457517000054, -0.293107174999932, 0.0 ], [ 127.282966766000072, -0.292867521999938, 0.0 ], [ 127.283746061000102, -0.294599950999952, 0.0 ], [ 127.282396136000102, -0.294312617999935, 0.0 ], [ 127.281359691000034, -0.295633220999946, 0.0 ], [ 127.281331650000084, -0.292494009999928, 0.0 ], [ 127.279612092000093, -0.292591844999947, 0.0 ], [ 127.280459592000057, -0.291236517999948, 0.0 ], [ 127.283152391000044, -0.291274018999957, 0.0 ], [ 127.2832002990001, -0.288785626999925, 0.0 ], [ 127.282335083000021, -0.289426736999928, 0.0 ], [ 127.282050021000032, -0.28847918699995, 0.0 ], [ 127.281545834000099, -0.290642101999936, 0.0 ], [ 127.279701669000019, -0.289617748999945, 0.0 ], [ 127.275689696000086, -0.29033493999998, 0.0 ], [ 127.269060306000029, -0.287768016999962, 0.0 ], [ 127.26643394700011, -0.288581123999961, 0.0 ], [ 127.265459811000028, -0.286571132999939, 0.0 ], [ 127.264722707000033, -0.288772273999939, 0.0 ], [ 127.266944587000012, -0.290866201999961, 0.0 ], [ 127.265803645000119, -0.291739348999954, 0.0 ], [ 127.267847634000077, -0.291476472999932, 0.0 ], [ 127.267514597000059, -0.293438411999944, 0.0 ], [ 127.265328116000092, -0.292995425999948, 0.0 ], [ 127.264187813000035, -0.289705331999926, 0.0 ], [ 127.2640212660001, -0.290877712999929, 0.0 ], [ 127.260394590000033, -0.289994257999979, 0.0 ], [ 127.256867348000014, -0.291687712999931, 0.0 ], [ 127.254994115000045, -0.294376764999924, 0.0 ], [ 127.256828762000055, -0.295295834999934, 0.0 ], [ 127.257997614000033, -0.298310768999954, 0.0 ], [ 127.261115525000037, -0.30013925999998, 0.0 ], [ 127.261581051, -0.302053464999972, 0.0 ], [ 127.260240837000083, -0.304776373999971, 0.0 ], [ 127.253451364000057, -0.311067669999943, 0.0 ], [ 127.253840898000021, -0.312522467999941, 0.0 ], [ 127.252472040000043, -0.311890577999975, 0.0 ], [ 127.252404761000093, -0.316293045999942, 0.0 ], [ 127.253773361000071, -0.318456236999964, 0.0 ], [ 127.253269303000025, -0.319662047999941, 0.0 ], [ 127.250502811000047, -0.319939120999948, 0.0 ], [ 127.254000371000075, -0.325222699999927, 0.0 ], [ 127.252877424000076, -0.327038233999929, 0.0 ], [ 127.253827028000046, -0.337903732999962, 0.0 ], [ 127.255889849000027, -0.338669755999945, 0.0 ], [ 127.260833690000027, -0.336766090999959, 0.0 ], [ 127.263676821000104, -0.333292450999977, 0.0 ], [ 127.266434827000012, -0.33586109099997, 0.0 ], [ 127.267575710000074, -0.335468896999942, 0.0 ], [ 127.269714184, -0.338598893999972, 0.0 ], [ 127.269932363000066, -0.341278727999963, 0.0 ], [ 127.267516983000064, -0.344924720999927, 0.0 ], [ 127.264194046000057, -0.346665971999926, 0.0 ], [ 127.266859947000057, -0.350772285999938, 0.0 ], [ 127.26663140200003, -0.352839509999967, 0.0 ], [ 127.272400151000056, -0.35420578399993, 0.0 ], [ 127.276182583000036, -0.35882946199996, 0.0 ], [ 127.274503795000101, -0.36154315899995, 0.0 ], [ 127.279418502000112, -0.363324256999931, 0.0 ], [ 127.287982192000072, -0.373882471999934, 0.0 ], [ 127.286707303000071, -0.378811172999974, 0.0 ], [ 127.28356941200002, -0.381892333999929, 0.0 ], [ 127.283967528000062, -0.387768863999952, 0.0 ], [ 127.28744167800005, -0.390894432999971, 0.0 ], [ 127.286400235000087, -0.393026109999937, 0.0 ], [ 127.286798268000098, -0.399156276999975, 0.0 ], [ 127.282871897000064, -0.399191341999938, 0.0 ], [ 127.283822960000066, -0.397401808999973, 0.0 ], [ 127.279913720000081, -0.395080083999972, 0.0 ], [ 127.279205876000105, -0.398794580999947, 0.0 ], [ 127.273347265000098, -0.398745492999979, 0.0 ], [ 127.263125844000115, -0.406112734999965, 0.0 ], [ 127.262537423000026, -0.412496234999935, 0.0 ], [ 127.26397010300002, -0.414685839999947, 0.0 ], [ 127.265524556000059, -0.414305748999936, 0.0 ], [ 127.266992642000105, -0.417622312999924, 0.0 ], [ 127.265687031000084, -0.421225380999942, 0.0 ], [ 127.267472081000051, -0.431255853999971, 0.0 ], [ 127.275840196000104, -0.44315417699994, 0.0 ], [ 127.275354547, -0.446577988999934, 0.0 ], [ 127.273436240000024, -0.447783443999924, 0.0 ], [ 127.271767991000047, -0.446857082999941, 0.0 ], [ 127.269920456000023, -0.450330806999943, 0.0 ], [ 127.273271552000097, -0.45074075499997, 0.0 ], [ 127.276173845000017, -0.44947093299993, 0.0 ], [ 127.278369762000011, -0.45028257499996, 0.0 ], [ 127.278219131000014, -0.454086906999976, 0.0 ], [ 127.275523689000011, -0.455005048999965, 0.0 ], [ 127.277755242000012, -0.455874129999927, 0.0 ], [ 127.275309035000078, -0.458141800999954, 0.0 ], [ 127.27249972900006, -0.45814829699998, 0.0 ], [ 127.269261842000105, -0.461370440999929, 0.0 ], [ 127.266787694000072, -0.46124780699995, 0.0 ], [ 127.267657400000076, -0.461980177999976, 0.0 ], [ 127.265632137000011, -0.463171228999954, 0.0 ], [ 127.265638456000033, -0.466494645999944, 0.0 ], [ 127.262843468000028, -0.466314501999932, 0.0 ], [ 127.262415199000088, -0.468180672999949, 0.0 ], [ 127.259398851000014, -0.46932839699997, 0.0 ], [ 127.256816931000117, -0.472550657999932, 0.0 ], [ 127.258399267000073, -0.47479776299997, 0.0 ], [ 127.257536142000049, -0.476290561999974, 0.0 ], [ 127.260980396000036, -0.474776882999947, 0.0 ], [ 127.259817361000046, -0.478028213999949, 0.0 ], [ 127.258091749000073, -0.478458451999927, 0.0 ], [ 127.258546960000103, -0.482880200999944, 0.0 ], [ 127.264677800000072, -0.48729624899994, 0.0 ], [ 127.264905189000046, -0.49032542499998, 0.0 ], [ 127.263087079000115, -0.489966050999953, 0.0 ], [ 127.263856683000085, -0.491739215999928, 0.0 ], [ 127.261332610000068, -0.491666774999942, 0.0 ], [ 127.256457250000039, -0.494304593999971, 0.0 ], [ 127.247534774000087, -0.495294378999972, 0.0 ], [ 127.243637522000085, -0.493163890999938, 0.0 ], [ 127.238206801000047, -0.492947108999942, 0.0 ], [ 127.236377076000053, -0.491666563999956, 0.0 ], [ 127.233358709000072, -0.491510240999958, 0.0 ], [ 127.231492418000016, -0.493722919999925, 0.0 ], [ 127.227476082000067, -0.492681052999956, 0.0 ], [ 127.225359771000058, -0.496664190999979, 0.0 ], [ 127.226750032000041, -0.497047385999963, 0.0 ], [ 127.226986969000109, -0.499786996999944, 0.0 ], [ 127.228308395000113, -0.499844779999933, 0.0 ], [ 127.228222412000036, -0.501414313999931, 0.0 ], [ 127.227224350000029, -0.500858954999956, 0.0 ], [ 127.226939142000106, -0.50087801799998, 0.0 ], [ 127.227651786000024, -0.502227648999963, 0.0 ], [ 127.230601536000108, -0.504754584999944, 0.0 ], [ 127.230011362000027, -0.507529863999935, 0.0 ], [ 127.231095746000051, -0.505281097999955, 0.0 ], [ 127.231437600000049, -0.506726334999939, 0.0 ], [ 127.23020137200001, -0.507989299999963, 0.0 ], [ 127.22754911200002, -0.507500473999926, 0.0 ], [ 127.228451205000056, -0.511348054999928, 0.0 ], [ 127.223612493000019, -0.510475797999959, 0.0 ], [ 127.216699116000086, -0.517575119999947, 0.0 ], [ 127.207896870000013, -0.514089006999939, 0.0 ], [ 127.205700352, -0.515782338999941, 0.0 ], [ 127.204388591000111, -0.515207744999941, 0.0 ], [ 127.201851666000039, -0.518838967999955, 0.0 ], [ 127.197894567000048, -0.518672746999925, 0.0 ], [ 127.193138084000111, -0.521449158999928, 0.0 ], [ 127.1891351700001, -0.521573908999926, 0.0 ], [ 127.187104256000111, -0.517639943999939, 0.0 ], [ 127.184936044000096, -0.52013715399994, 0.0 ], [ 127.185748203000117, -0.522419893999938, 0.0 ], [ 127.180229213000075, -0.523896886999978, 0.0 ], [ 127.175844601000108, -0.522912264999945, 0.0 ], [ 127.171159641000031, -0.525057003999962, 0.0 ], [ 127.170816886000011, -0.52684413299994, 0.0 ], [ 127.173768708000011, -0.526679919999935, 0.0 ], [ 127.171585842000013, -0.530504952999934, 0.0 ], [ 127.163864131000082, -0.530689267999946, 0.0 ], [ 127.163750726000103, -0.528399579999927, 0.0 ], [ 127.160827404000088, -0.528678634999949, 0.0 ], [ 127.159730152000066, -0.526144619999968, 0.0 ], [ 127.155288243000086, -0.526229430999933, 0.0 ], [ 127.151025357000094, -0.523701661999951, 0.0 ], [ 127.149235011000087, -0.526306577999947, 0.0 ], [ 127.145670795000115, -0.52400152499996, 0.0 ], [ 127.13847725200003, -0.52267153899993, 0.0 ], [ 127.13652455700003, -0.51976407199993, 0.0 ], [ 127.136767910000117, -0.516541450999966, 0.0 ], [ 127.134040278000043, -0.514210356999968, 0.0 ], [ 127.130119431000026, -0.515225210999972, 0.0 ], [ 127.129113163000056, -0.518569609999929, 0.0 ], [ 127.127851303000057, -0.518239070999925, 0.0 ], [ 127.128137172000038, -0.515913660999956, 0.0 ], [ 127.125934801000085, -0.513501385999973, 0.0 ], [ 127.126597707000087, -0.514032712999949, 0.0 ], [ 127.126526860000013, -0.512489539999933, 0.0 ], [ 127.125350436000076, -0.512575321999975, 0.0 ], [ 127.123369401000105, -0.509072148999962, 0.0 ], [ 127.124602971000058, -0.508598798999969, 0.0 ], [ 127.124410867000051, -0.507220673999939, 0.0 ], [ 127.125501593000081, -0.507622929999968, 0.0 ], [ 127.125252446000104, -0.506259142999966, 0.0 ], [ 127.128496886000107, -0.504745641999932, 0.0 ], [ 127.136653722000119, -0.503154597999981, 0.0 ], [ 127.137566732000096, -0.501726538999947, 0.0 ], [ 127.136968647000117, -0.498848191999969, 0.0 ], [ 127.131706701000098, -0.499636211999928, 0.0 ], [ 127.129290573000048, -0.496664050999925, 0.0 ], [ 127.118951848000052, -0.499177976999931, 0.0 ], [ 127.118289393000055, -0.497060448999946, 0.0 ], [ 127.120785831000035, -0.493285838999952, 0.0 ], [ 127.118919417000029, -0.48772998499993, 0.0 ], [ 127.116838026000096, -0.486071416999948, 0.0 ], [ 127.111654552000118, -0.486959955999964, 0.0 ], [ 127.111084489000064, -0.485861653999962, 0.0 ], [ 127.115077945000053, -0.482690365999929, 0.0 ], [ 127.117402146000018, -0.48288480399998, 0.0 ], [ 127.120639495000091, -0.48106981799998, 0.0 ], [ 127.11959975100001, -0.476734366999949, 0.0 ], [ 127.11815273000002, -0.475657355999942, 0.0 ], [ 127.120919770000114, -0.472887627999967, 0.0 ], [ 127.129931343000067, -0.47399540899994, 0.0 ], [ 127.132512485, -0.47324247499995, 0.0 ], [ 127.147637565000082, -0.476264621999974, 0.0 ], [ 127.149926749000088, -0.474248350999972, 0.0 ], [ 127.154888895000113, -0.474866955999971, 0.0 ], [ 127.156507775000023, -0.473266790999958, 0.0 ], [ 127.154072352000071, -0.470247907999976, 0.0 ], [ 127.152660683000022, -0.470161401999974, 0.0 ], [ 127.15182728000002, -0.467196849999937, 0.0 ], [ 127.148761228000012, -0.46820089299996, 0.0 ], [ 127.147314290000054, -0.466686047999929, 0.0 ], [ 127.14964687500003, -0.462215054999945, 0.0 ], [ 127.148699204000081, -0.459961057999976, 0.0 ], [ 127.133047471000054, -0.449459890999947, 0.0 ], [ 127.12683094700003, -0.447412713999938, 0.0 ], [ 127.127045232000114, -0.445848084999966, 0.0 ], [ 127.123744681000062, -0.444024168999931, 0.0 ], [ 127.124165750000088, -0.442344755999954, 0.0 ], [ 127.122383580000019, -0.441425589999938, 0.0 ], [ 127.124044970000114, -0.440658025999937, 0.0 ], [ 127.126234762000081, -0.436632031999977, 0.0 ], [ 127.125429641000096, -0.434507304999954, 0.0 ], [ 127.122849063000103, -0.433135769999978, 0.0 ], [ 127.120809833000067, -0.433817115999943, 0.0 ], [ 127.123926125000025, -0.431126353999957, 0.0 ], [ 127.122957451000048, -0.427228765999928, 0.0 ], [ 127.120832639000014, -0.428032114999951, 0.0 ], [ 127.117902908000019, -0.425878166999951, 0.0 ], [ 127.113718144000018, -0.424700043999962, 0.0 ], [ 127.110452686000031, -0.425223188999951, 0.0 ], [ 127.105997212000034, -0.423248313999977, 0.0 ], [ 127.104142914000022, -0.425817351999967, 0.0 ], [ 127.103230529000029, -0.425027616999955, 0.0 ], [ 127.104435495000075, -0.424704933999976, 0.0 ], [ 127.104707199000018, -0.421482365999964, 0.0 ], [ 127.103366983000114, -0.420936557999937, 0.0 ], [ 127.103344724000067, -0.414658759999952, 0.0 ], [ 127.107037208000065, -0.417171728999961, 0.0 ], [ 127.109603909000043, -0.416863722999949, 0.0 ], [ 127.116041322000115, -0.419212288999972, 0.0 ], [ 127.116718898000045, -0.418085599999927, 0.0 ], [ 127.114088939000112, -0.414532150999946, 0.0 ], [ 127.119058375, -0.413944792999928, 0.0 ], [ 127.122823678000032, -0.410141649999957, 0.0 ], [ 127.122396452000089, -0.407780172999935, 0.0 ], [ 127.116571830000112, -0.40680985299997, 0.0 ], [ 127.118546963000085, -0.405733702999953, 0.0 ], [ 127.119873819000077, -0.402432398999963, 0.0 ], [ 127.115325827000106, -0.399560379999969, 0.0 ], [ 127.117843330000028, -0.396137333999945, 0.0 ], [ 127.116275225000095, -0.394392864999929, 0.0 ], [ 127.118898967000064, -0.394070477999946, 0.0 ], [ 127.119619822000118, -0.390618300999961, 0.0 ], [ 127.117524140000114, -0.388809119999962, 0.0 ], [ 127.113381601000015, -0.390092942999956, 0.0 ], [ 127.113146658000119, -0.388599990999978, 0.0 ], [ 127.109268341000075, -0.387996217999955, 0.0 ], [ 127.111649897, -0.386633049999944, 0.0 ], [ 127.115913223, -0.387193840999942, 0.0 ], [ 127.11823227800005, -0.383688190999976, 0.0 ], [ 127.116800607000073, -0.382880415999978, 0.0 ], [ 127.117157340000063, -0.381702201999929, 0.0 ], [ 127.120651794000082, -0.377151285999958, 0.0 ], [ 127.118841717, -0.373289439999951, 0.0 ], [ 127.120182121000084, -0.373045696999952, 0.0 ], [ 127.121779784000069, -0.369981276999965, 0.0 ], [ 127.12387556300007, -0.371431565999956, 0.0 ], [ 127.128559924000115, -0.37026981799994, 0.0 ], [ 127.132189584000116, -0.366868464999925, 0.0 ], [ 127.131184984000015, -0.363624036999965, 0.0 ], [ 127.13356614700001, -0.364184375999969, 0.0 ], [ 127.135149385000091, -0.36188790999995, 0.0 ], [ 127.135848556000042, -0.359569725999961, 0.0 ], [ 127.133168234000095, -0.357595366999931, 0.0 ], [ 127.134551621000014, -0.356361122999942, 0.0 ], [ 127.133860918000096, -0.352032959999974, 0.0 ], [ 127.135713969000108, -0.349252055999955, 0.0 ], [ 127.13622177600007, -0.340998039999931, 0.0 ], [ 127.133990699000037, -0.338507017999973, 0.0 ], [ 127.130981899000062, -0.339181116999953, 0.0 ], [ 127.129506605000074, -0.336446215999956, 0.0 ], [ 127.130255764000026, -0.333510775999969, 0.0 ], [ 127.132223674000102, -0.332685741999967, 0.0 ], [ 127.130655298000079, -0.332025115999954, 0.0 ], [ 127.133286828000109, -0.32812824399997, 0.0 ], [ 127.132224692000023, -0.327230859999929, 0.0 ], [ 127.133558729000015, -0.322809780999933, 0.0 ], [ 127.136866879000081, -0.322609421999971, 0.0 ], [ 127.138164266000103, -0.323671931999968, 0.0 ], [ 127.139789964000101, -0.322810931999925, 0.0 ], [ 127.139455816, -0.317592822999927, 0.0 ], [ 127.137017892000017, -0.315424776999976, 0.0 ], [ 127.134372645000099, -0.316450679999946, 0.0 ], [ 127.134986042000037, -0.315015292999931, 0.0 ], [ 127.137185686000066, -0.315245799999957, 0.0 ], [ 127.137051074000055, -0.313921559999926, 0.0 ], [ 127.140130616000079, -0.312942035999924, 0.0 ], [ 127.139689057000055, -0.310728615999949, 0.0 ], [ 127.138291902000105, -0.309364642999924, 0.0 ], [ 127.136837403000072, -0.309766325999931, 0.0 ], [ 127.136015096000051, -0.307078948999958, 0.0 ], [ 127.130613878000077, -0.306535360999931, 0.0 ], [ 127.130093633000115, -0.305322276999959, 0.0 ], [ 127.12653565100004, -0.307360049999943, 0.0 ], [ 127.124182996000059, -0.306893099999968, 0.0 ], [ 127.122221993000039, -0.309132113999965, 0.0 ], [ 127.12104574600005, -0.308457225999973, 0.0 ], [ 127.122551740000063, -0.305678633999946, 0.0 ], [ 127.11919380900008, -0.305355057999975, 0.0 ], [ 127.11864516300011, -0.30348883299996, 0.0 ], [ 127.114916600000015, -0.302634067999975, 0.0 ], [ 127.11499708000008, -0.299315428999932, 0.0 ], [ 127.11322898700007, -0.299248133999924, 0.0 ], [ 127.114379466000059, -0.297717152999951, 0.0 ], [ 127.116698610000071, -0.299516690999951, 0.0 ], [ 127.120016310000096, -0.298809091999942, 0.0 ], [ 127.11937974600005, -0.296828012999924, 0.0 ], [ 127.122212641000033, -0.296139462999975, 0.0 ], [ 127.121975557000042, -0.292761243999962, 0.0 ], [ 127.119649603000084, -0.288949638999952, 0.0 ], [ 127.116962085000068, -0.287183546999927, 0.0 ], [ 127.113632283000015, -0.289307503999964, 0.0 ], [ 127.112078240000073, -0.288244989999953, 0.0 ], [ 127.11055905, -0.291984154999966, 0.0 ], [ 127.11003926, -0.288014972999974, 0.0 ], [ 127.108556508000106, -0.286988359999953, 0.0 ], [ 127.110011318000033, -0.284498049999968, 0.0 ], [ 127.109434115000113, -0.282775381999954, 0.0 ], [ 127.110853240000097, -0.280478850999941, 0.0 ], [ 127.112677405000113, -0.286465094999926, 0.0 ], [ 127.113355108000064, -0.283967472999962, 0.0 ], [ 127.118411991000016, -0.285659781999925, 0.0 ], [ 127.120765184000106, -0.282753310999965, 0.0 ], [ 127.123374380000087, -0.28394519099993, 0.0 ], [ 127.123888105000105, -0.281440347999933, 0.0 ], [ 127.122441053000102, -0.279983092999942, 0.0 ], [ 127.124380277000114, -0.279947518999961, 0.0 ], [ 127.126441081000053, -0.277529048999952, 0.0 ], [ 127.125678485000094, -0.275878113999966, 0.0 ], [ 127.128387394000015, -0.277773392999961, 0.0 ], [ 127.131446651000033, -0.273280781999972, 0.0 ], [ 127.132523073000016, -0.274149424999962, 0.0 ], [ 127.133499991, -0.273022713999978, 0.0 ], [ 127.133300034000058, -0.275154393999969, 0.0 ], [ 127.135945048000053, -0.27540602299996, 0.0 ], [ 127.139453379000088, -0.271502011999928, 0.0 ], [ 127.139018705000012, -0.270009022999943, 0.0 ], [ 127.14178491600012, -0.270346791999941, 0.0 ], [ 127.140658888000075, -0.267439725999964, 0.0 ], [ 127.14254827700006, -0.26703807399997, 0.0 ], [ 127.142733893000013, -0.265387271999941, 0.0 ], [ 127.144758713000101, -0.26520813999997, 0.0 ], [ 127.145108348, -0.263277436999942, 0.0 ], [ 127.146862257000066, -0.263026485999944, 0.0 ], [ 127.147789807000095, -0.258191354999951, 0.0 ], [ 127.149786052000081, -0.258428506999962, 0.0 ], [ 127.150506465000035, -0.256160505999958, 0.0 ], [ 127.152081742000064, -0.25865852499993, 0.0 ], [ 127.150733762000073, -0.262017420999939, 0.0 ], [ 127.154355474000113, -0.262821846999941, 0.0 ], [ 127.155324887, -0.264264682999965, 0.0 ], [ 127.159125206000112, -0.262635938999949, 0.0 ], [ 127.159360809000077, -0.260403743999973, 0.0 ], [ 127.162512204000109, -0.259686446999979, 0.0 ], [ 127.162990064000041, -0.258480678999945, 0.0 ], [ 127.161428885000078, -0.257016221999947, 0.0 ], [ 127.16349664400002, -0.255846571999939, 0.0 ], [ 127.165941837000105, -0.257741814999974, 0.0 ], [ 127.165791774000013, -0.260110404999978, 0.0 ], [ 127.170775403000107, -0.260082423999961, 0.0 ], [ 127.170910445000118, -0.262989384999969, 0.0 ], [ 127.173740962000011, -0.26271705299996, 0.0 ], [ 127.17542336300005, -0.264109763999954, 0.0 ], [ 127.183408981000071, -0.261627463999957, 0.0 ], [ 127.18374467700005, -0.257421387999955, 0.0 ], [ 127.188058261000037, -0.256682701999978, 0.0 ], [ 127.187787489000016, -0.255562941999926, 0.0 ], [ 127.18887828000004, -0.25596504899994, 0.0 ], [ 127.189249196000105, -0.25474967599996, 0.0 ], [ 127.192167288000064, -0.257219223999925, 0.0 ], [ 127.193764359000056, -0.257162029999961, 0.0 ], [ 127.195162454000069, -0.252396215999966, 0.0 ], [ 127.196464794, -0.252597374999937, 0.0 ], [ 127.196255397000073, -0.254463556999951, 0.0 ], [ 127.199268560000064, -0.25697140699998, 0.0 ], [ 127.201283927000077, -0.256847277999952, 0.0 ], [ 127.203243221000093, -0.254890730999932, 0.0 ], [ 127.204505062000067, -0.255831195999974, 0.0 ], [ 127.206494420000013, -0.254783520999979, 0.0 ], [ 127.209752329000025, -0.257748403999926, 0.0 ], [ 127.212675716000035, -0.256586013999936, 0.0 ], [ 127.21509968700002, -0.257813760999966, 0.0 ], [ 127.22065392200011, -0.257182893999925, 0.0 ], [ 127.224955802000068, -0.254398517999959, 0.0 ], [ 127.226980665000042, -0.254549533999977, 0.0 ], [ 127.230759857000066, -0.251951666999958, 0.0 ], [ 127.230824253000037, -0.25026487599996, 0.0 ], [ 127.238403708000078, -0.247495232999938, 0.0 ], [ 127.239993999000035, -0.245069311999941, 0.0 ] ] ], [ [ [ 127.302719833000083, -0.239820770999927, 0.0 ], [ 127.30217790100005, -0.240150897999968, 0.0 ], [ 127.301671710000051, -0.239741680999941, 0.0 ], [ 127.302128025000115, -0.239863765999928, 0.0 ], [ 127.302719833000083, -0.239820770999927, 0.0 ] ] ], [ [ [ 127.04420303400002, -0.239449610999941, 0.0 ], [ 127.044031891000031, -0.239431125999943, 0.0 ], [ 127.043952493, -0.238994217999959, 0.0 ], [ 127.044337547000055, -0.239154263999978, 0.0 ], [ 127.04420303400002, -0.239449610999941, 0.0 ] ] ], [ [ [ 127.302883972000018, -0.238643575999959, 0.0 ], [ 127.302719982000099, -0.238614841999947, 0.0 ], [ 127.303005281000083, -0.237853993999977, 0.0 ], [ 127.303211999000041, -0.238320598999962, 0.0 ], [ 127.302883972000018, -0.238643575999959, 0.0 ] ] ], [ [ [ 127.301536415000101, -0.238298856999961, 0.0 ], [ 127.301842922000105, -0.239023887999963, 0.0 ], [ 127.300915988000042, -0.23914580099995, 0.0 ], [ 127.301087273, -0.237825043999976, 0.0 ], [ 127.301536415000101, -0.238298856999961, 0.0 ] ] ], [ [ [ 127.435454142000026, -0.234119870999962, 0.0 ], [ 127.43452012900002, -0.233229616999949, 0.0 ], [ 127.434605723000118, -0.232978374999959, 0.0 ], [ 127.43516188600006, -0.233222509999962, 0.0 ], [ 127.435454142000026, -0.234119870999962, 0.0 ] ] ], [ [ [ 127.055392048000044, -0.232584060999955, 0.0 ], [ 127.055106918000092, -0.232318465999924, 0.0 ], [ 127.05527805700001, -0.23203140399994, 0.0 ], [ 127.055441992000056, -0.23229698199998, 0.0 ], [ 127.055392048000044, -0.232584060999955, 0.0 ] ] ], [ [ [ 127.069657819000099, -0.23077019699997, 0.0 ], [ 127.069543752000072, -0.230770181999958, 0.0 ], [ 127.069565149000027, -0.230698411999924, 0.0 ], [ 127.06961505400011, -0.230698418999964, 0.0 ], [ 127.069657819000099, -0.23077019699997, 0.0 ] ] ], [ [ [ 127.070185369000114, -0.230863572999965, 0.0 ], [ 127.069978649000063, -0.230662582999969, 0.0 ], [ 127.070035713000038, -0.230440096999928, 0.0 ], [ 127.070313740000074, -0.230533437999952, 0.0 ], [ 127.070185369000114, -0.230863572999965, 0.0 ] ] ], [ [ [ 127.067668948000119, -0.229420609999977, 0.0 ], [ 127.067633295000064, -0.22947084599997, 0.0 ], [ 127.067540623000014, -0.229413414999954, 0.0 ], [ 127.067619055000023, -0.229334476999952, 0.0 ], [ 127.067668948000119, -0.229420609999977, 0.0 ] ] ], [ [ [ 127.061302661000013, -0.228723555999977, 0.0 ], [ 127.06642136500011, -0.229197947999978, 0.0 ], [ 127.070584504000067, -0.231624412999963, 0.0 ], [ 127.072331173000066, -0.231581588999973, 0.0 ], [ 127.077391826000053, -0.239699748999953, 0.0 ], [ 127.077719243000047, -0.243467851999981, 0.0 ], [ 127.083971111000096, -0.247057385999938, 0.0 ], [ 127.084791224000014, -0.24535648899996, 0.0 ], [ 127.082039741000017, -0.242363171999955, 0.0 ], [ 127.084635383000091, -0.238193542999966, 0.0 ], [ 127.087394453000115, -0.237971432999927, 0.0 ], [ 127.088378046000116, -0.23979460299995, 0.0 ], [ 127.087342298000067, -0.241816004999976, 0.0 ], [ 127.090362834000075, -0.244273734999979, 0.0 ], [ 127.091086145000077, -0.24718760899998, 0.0 ], [ 127.089638401000116, -0.250603793999971, 0.0 ], [ 127.09133483700009, -0.252965376999953, 0.0 ], [ 127.091583202000038, -0.257844180999939, 0.0 ], [ 127.084047082000097, -0.26070677499996, 0.0 ], [ 127.063684009000099, -0.272883329999956, 0.0 ], [ 127.063384793000068, -0.271555500999966, 0.0 ], [ 127.057788093000113, -0.27324122999994, 0.0 ], [ 127.055920445000083, -0.271977746999937, 0.0 ], [ 127.056140693000089, -0.276671643999975, 0.0 ], [ 127.049602836000076, -0.27909643299995, 0.0 ], [ 127.047891500000105, -0.281127272999925, 0.0 ], [ 127.044248896000113, -0.278743858999974, 0.0 ], [ 127.043214978000037, -0.279906376999975, 0.0 ], [ 127.044683134000024, -0.282598038999936, 0.0 ], [ 127.03781007900011, -0.28597009899994, 0.0 ], [ 127.03758171700008, -0.287319350999951, 0.0 ], [ 127.03952050800001, -0.289257498999973, 0.0 ], [ 127.038372357000071, -0.291345829999955, 0.0 ], [ 127.036896591000072, -0.291568059999975, 0.0 ], [ 127.036561764000112, -0.290168471999948, 0.0 ], [ 127.035428218000106, -0.290261574999931, 0.0 ], [ 127.036227109000038, -0.287756917999957, 0.0 ], [ 127.033290647000058, -0.283457349999935, 0.0 ], [ 127.029341359000114, -0.282093034999946, 0.0 ], [ 127.026054731000045, -0.28282453099996, 0.0 ], [ 127.032379320000018, -0.276265783999975, 0.0 ], [ 127.032479674000115, -0.272928468999964, 0.0 ], [ 127.030911442000047, -0.271894716999952, 0.0 ], [ 127.032252080000035, -0.269605455999965, 0.0 ], [ 127.024952401000064, -0.266532499999926, 0.0 ], [ 127.024061779000021, -0.263317050999945, 0.0 ], [ 127.020910987000093, -0.261759137999945, 0.0 ], [ 127.026860094000085, -0.25770879099997, 0.0 ], [ 127.027815660000101, -0.255929034999951, 0.0 ], [ 127.030988232000027, -0.25503957199993, 0.0 ], [ 127.033511060000023, -0.260681129999966, 0.0 ], [ 127.038957504000109, -0.261902089999978, 0.0 ], [ 127.038572274000103, -0.263552756999957, 0.0 ], [ 127.040240203000053, -0.265368825999929, 0.0 ], [ 127.038999365000109, -0.267715533999933, 0.0 ], [ 127.039497939000057, -0.270622333999938, 0.0 ], [ 127.042028197000036, -0.27216726499995, 0.0 ], [ 127.041160038000044, -0.273440889999961, 0.0 ], [ 127.043231991000084, -0.274253486999953, 0.0 ], [ 127.045738844000084, -0.269343425999978, 0.0 ], [ 127.047120239000037, -0.269319033999977, 0.0 ], [ 127.04683947, -0.266802214999927, 0.0 ], [ 127.042964736000044, -0.263657172999956, 0.0 ], [ 127.043020653000099, -0.257792927999958, 0.0 ], [ 127.039133429000117, -0.256358569999975, 0.0 ], [ 127.044372759000112, -0.249264423999932, 0.0 ], [ 127.044398623, -0.239486559999932, 0.0 ], [ 127.049550921000105, -0.242348672999924, 0.0 ], [ 127.052136775, -0.242154102999962, 0.0 ], [ 127.056418343000018, -0.234809122999934, 0.0 ], [ 127.055862960000013, -0.229741971999943, 0.0 ], [ 127.058179812000049, -0.230696851999937, 0.0 ], [ 127.059577472000115, -0.228170678999959, 0.0 ], [ 127.061302661000013, -0.228723555999977, 0.0 ] ] ], [ [ [ 127.066086441000039, -0.228078257999925, 0.0 ], [ 127.065951, -0.227977758999941, 0.0 ], [ 127.06596529300009, -0.227719381999975, 0.0 ], [ 127.066008069000077, -0.227712210999925, 0.0 ], [ 127.066086441000039, -0.228078257999925, 0.0 ] ] ], [ [ [ 127.058650646000046, -0.228414576999967, 0.0 ], [ 127.058401189000051, -0.227933672999939, 0.0 ], [ 127.058707802000072, -0.227503083999977, 0.0 ], [ 127.058914473000073, -0.228062931999943, 0.0 ], [ 127.058650646000046, -0.228414576999967, 0.0 ] ] ], [ [ [ 127.308625217000099, -0.226372011999956, 0.0 ], [ 127.313620984000067, -0.22834968199993, 0.0 ], [ 127.31650081600003, -0.234860647999938, 0.0 ], [ 127.314996195000049, -0.236087934999944, 0.0 ], [ 127.312515140000073, -0.23398442499996, 0.0 ], [ 127.309449075000089, -0.234701869999924, 0.0 ], [ 127.309220381000046, -0.239058991999968, 0.0 ], [ 127.306082735000018, -0.242051894999975, 0.0 ], [ 127.303751489000092, -0.239481823999938, 0.0 ], [ 127.30435065000006, -0.237615577999975, 0.0 ], [ 127.302154697000105, -0.236509872999932, 0.0 ], [ 127.303445425000064, -0.235103114999959, 0.0 ], [ 127.303003765000085, -0.231693439999958, 0.0 ], [ 127.301641847000042, -0.232181389999937, 0.0 ], [ 127.300608163000106, -0.230609252999955, 0.0 ], [ 127.299994779000031, -0.232224259999953, 0.0 ], [ 127.302418707000015, -0.234902000999966, 0.0 ], [ 127.301677105000067, -0.235447448999935, 0.0 ], [ 127.300308299000108, -0.233939871999951, 0.0 ], [ 127.299865912000087, -0.236567015999924, 0.0 ], [ 127.299695528000029, -0.230408153999974, 0.0 ], [ 127.298006003000069, -0.227723331999925, 0.0 ], [ 127.300508624000031, -0.228211741999928, 0.0 ], [ 127.308625217000099, -0.226372011999956, 0.0 ] ] ], [ [ [ 127.028865171, -0.197117914999978, 0.0 ], [ 127.028584905000116, -0.196980808999967, 0.0 ], [ 127.028822388000094, -0.196769355999947, 0.0 ], [ 127.028962516000092, -0.196863362999977, 0.0 ], [ 127.028865171, -0.197117914999978, 0.0 ] ] ], [ [ [ 127.03033424900002, -0.196447041999932, 0.0 ], [ 127.030124129000114, -0.196129876999976, 0.0 ], [ 127.030770098000062, -0.195703985999955, 0.0 ], [ 127.030884389000107, -0.196217023999964, 0.0 ], [ 127.03033424900002, -0.196447041999932, 0.0 ] ] ], [ [ [ 127.152443803000097, -0.18247807399996, 0.0 ], [ 127.152365372000077, -0.182535485999949, 0.0 ], [ 127.15230121500008, -0.182449347999977, 0.0 ], [ 127.152372514000035, -0.182420645999969, 0.0 ], [ 127.152443803000097, -0.18247807399996, 0.0 ] ] ], [ [ [ 127.144577819000119, -0.179867030999958, 0.0 ], [ 127.144435233000081, -0.179823950999946, 0.0 ], [ 127.144513678000067, -0.179615809999973, 0.0 ], [ 127.144677651000052, -0.179680424999958, 0.0 ], [ 127.144577819000119, -0.179867030999958, 0.0 ] ] ], [ [ [ 127.144706192000058, -0.179457924999952, 0.0 ], [ 127.144577858000048, -0.179472266999937, 0.0 ], [ 127.14449232000004, -0.179314351999949, 0.0 ], [ 127.14459213900011, -0.179264119999971, 0.0 ], [ 127.144706192000058, -0.179457924999952, 0.0 ] ] ], [ [ [ 127.146952043000056, -0.178927015999932, 0.0 ], [ 127.146780944000056, -0.178833690999966, 0.0 ], [ 127.146816605000026, -0.178704498999934, 0.0 ], [ 127.146866512000088, -0.178690148999976, 0.0 ], [ 127.146952043000056, -0.178927015999932, 0.0 ] ] ], [ [ [ 127.138810088000014, -0.179500386999962, 0.0 ], [ 127.138696167000035, -0.178000275999977, 0.0 ], [ 127.139359219000085, -0.177899858999979, 0.0 ], [ 127.139658580000059, -0.178682237999965, 0.0 ], [ 127.138810088000014, -0.179500386999962, 0.0 ] ] ], [ [ [ 127.138375401000076, -0.177397332999931, 0.0 ], [ 127.137947661000112, -0.177095834999932, 0.0 ], [ 127.138061761000017, -0.176815923999925, 0.0 ], [ 127.13839679900002, -0.177296850999937, 0.0 ], [ 127.138375401000076, -0.177397332999931, 0.0 ] ] ], [ [ [ 127.136193793000075, -0.177253561999976, 0.0 ], [ 127.136058351000088, -0.177059755999949, 0.0 ], [ 127.136229488000026, -0.176772673999949, 0.0 ], [ 127.136350655000115, -0.177110028999948, 0.0 ], [ 127.136193793000075, -0.177253561999976, 0.0 ] ] ], [ [ [ 127.135544954000011, -0.177813341999979, 0.0 ], [ 127.137398687000086, -0.177124489999926, 0.0 ], [ 127.138517808000074, -0.179206078999925, 0.0 ], [ 127.137804738000114, -0.180411825999954, 0.0 ], [ 127.136421745, -0.179148443999964, 0.0 ], [ 127.137020281000105, -0.18249321899998, 0.0 ], [ 127.140328502000102, -0.181151369999952, 0.0 ], [ 127.140941796000106, -0.179608267999924, 0.0 ], [ 127.143044677000034, -0.182773769999926, 0.0 ], [ 127.144646728000112, -0.179950775999941, 0.0 ], [ 127.148838549000061, -0.183291155999939, 0.0 ], [ 127.151661895000075, -0.182812944999966, 0.0 ], [ 127.152479321000101, -0.183750898999961, 0.0 ], [ 127.145168362000049, -0.19144444899996, 0.0 ], [ 127.142554138000037, -0.192066214999954, 0.0 ], [ 127.142515780000053, -0.195138189999966, 0.0 ], [ 127.135652633000063, -0.202330467999957, 0.0 ], [ 127.131716929000049, -0.204339704999938, 0.0 ], [ 127.127638913000055, -0.204013848999978, 0.0 ], [ 127.12949199500008, -0.208952162999935, 0.0 ], [ 127.13168762600003, -0.211019538999949, 0.0 ], [ 127.130498960000068, -0.214512429999957, 0.0 ], [ 127.132494299000086, -0.22192940399998, 0.0 ], [ 127.126418288000082, -0.23505858599998, 0.0 ], [ 127.121949831000052, -0.239976916999979, 0.0 ], [ 127.114249723000057, -0.242291757999965, 0.0 ], [ 127.109143736000078, -0.251707765999925, 0.0 ], [ 127.093387396000026, -0.254650547999972, 0.0 ], [ 127.09130278900011, -0.251055602999941, 0.0 ], [ 127.092636704000029, -0.245967083999972, 0.0 ], [ 127.094910922000054, -0.246254503999978, 0.0 ], [ 127.095153541000059, -0.244689882999978, 0.0 ], [ 127.092637460000105, -0.240591276999965, 0.0 ], [ 127.092568946000029, -0.237673689999951, 0.0 ], [ 127.096710343000041, -0.234426522999968, 0.0 ], [ 127.098006161000058, -0.22952816999998, 0.0 ], [ 127.098903098000051, -0.230838153999969, 0.0 ], [ 127.100525041000083, -0.230718749999937, 0.0 ], [ 127.098933158000023, -0.228146654999932, 0.0 ], [ 127.098279504000061, -0.229139432999943, 0.0 ], [ 127.094041406000088, -0.226913896999974, 0.0 ], [ 127.09304304200009, -0.228873171999965, 0.0 ], [ 127.090683241000079, -0.228851323999947, 0.0 ], [ 127.09174520900001, -0.231105141999933, 0.0 ], [ 127.088073683000061, -0.230587878999927, 0.0 ], [ 127.090820424000071, -0.215408249999939, 0.0 ], [ 127.094777825000051, -0.210262608999926, 0.0 ], [ 127.09909081100011, -0.212401984999929, 0.0 ], [ 127.101293352000084, -0.215876094999942, 0.0 ], [ 127.107431969000118, -0.213982037999926, 0.0 ], [ 127.112680016000013, -0.207185694999964, 0.0 ], [ 127.114106750000019, -0.19983620499994, 0.0 ], [ 127.119611414000019, -0.193039818999978, 0.0 ], [ 127.119939655000053, -0.19040573999996, 0.0 ], [ 127.122049817000061, -0.191755328999932, 0.0 ], [ 127.124153038000031, -0.191403866999963, 0.0 ], [ 127.124367035000091, -0.190348804999928, 0.0 ], [ 127.121458482000094, -0.187979933999941, 0.0 ], [ 127.125577247000024, -0.184874935999972, 0.0 ], [ 127.12753826800008, -0.180776814999945, 0.0 ], [ 127.12749528300003, -0.182800853999936, 0.0 ], [ 127.130810320000023, -0.184330003999946, 0.0 ], [ 127.128329517000111, -0.181932468999946, 0.0 ], [ 127.128166048000026, -0.176944115999959, 0.0 ], [ 127.129121252000118, -0.178358173999925, 0.0 ], [ 127.131680727000116, -0.17835843599994, 0.0 ], [ 127.134247547000086, -0.176226984999971, 0.0 ], [ 127.135544954000011, -0.177813341999979, 0.0 ] ] ], [ [ [ 127.141426931000069, -0.176328192999961, 0.0 ], [ 127.141826047000109, -0.177684782999961, 0.0 ], [ 127.140778109000053, -0.176708534999932, 0.0 ], [ 127.140293165000116, -0.178079391999972, 0.0 ], [ 127.139366579000011, -0.175595879999946, 0.0 ], [ 127.141426931000069, -0.176328192999961, 0.0 ] ] ], [ [ [ 127.210307575000115, -0.114260843999944, 0.0 ], [ 127.210022397000103, -0.114052670999968, 0.0 ], [ 127.210350382000115, -0.113787112999944, 0.0 ], [ 127.210478708000096, -0.113945031999947, 0.0 ], [ 127.210307575000115, -0.114260843999944, 0.0 ] ] ], [ [ [ 127.20959464900011, -0.113449709999941, 0.0 ], [ 127.20919539700003, -0.113219994999952, 0.0 ], [ 127.209280982000109, -0.112760621999939, 0.0 ], [ 127.20956616300009, -0.112911373999964, 0.0 ], [ 127.20959464900011, -0.113449709999941, 0.0 ] ] ], [ [ [ 127.213501815000086, -0.112516837999976, 0.0 ], [ 127.214542731000051, -0.113019348999956, 0.0 ], [ 127.213893861000088, -0.113995489999979, 0.0 ], [ 127.211248694000119, -0.114411636999932, 0.0 ], [ 127.213501815000086, -0.112516837999976, 0.0 ] ] ], [ [ [ 127.206764198000087, -0.112494888999947, 0.0 ], [ 127.208518114000071, -0.112516529999937, 0.0 ], [ 127.20846099500011, -0.113844416999939, 0.0 ], [ 127.205466559000115, -0.112925473999951, 0.0 ], [ 127.206764198000087, -0.112494888999947, 0.0 ] ] ], [ [ [ 127.215569692000031, -0.108447145999946, 0.0 ], [ 127.217273576000025, -0.110708259999967, 0.0 ], [ 127.214628315000027, -0.112574329999973, 0.0 ], [ 127.213801425000042, -0.109846712999968, 0.0 ], [ 127.215569692000031, -0.108447145999946, 0.0 ] ] ], [ [ [ 127.229865262000089, -0.106066971999951, 0.0 ], [ 127.228021003000094, -0.106248703999938, 0.0 ], [ 127.228040087000068, -0.10500454299995, 0.0 ], [ 127.229732201000047, -0.105569298999967, 0.0 ], [ 127.229865262000089, -0.106066971999951, 0.0 ] ] ], [ [ [ 127.225692133000052, -0.102621361999979, 0.0 ], [ 127.226889668000013, -0.107464088999961, 0.0 ], [ 127.225715666000042, -0.106760590999954, 0.0 ], [ 127.223172707000117, -0.106640812999956, 0.0 ], [ 127.222383773000047, -0.104937225999947, 0.0 ], [ 127.221841713000117, -0.108344275999968, 0.0 ], [ 127.218096073000083, -0.11041126799995, 0.0 ], [ 127.221461736000037, -0.103444183999954, 0.0 ], [ 127.225692133000052, -0.102621361999979, 0.0 ] ] ], [ [ [ 127.446296506000067, -0.091831424999953, 0.0 ], [ 127.443539308000027, -0.092501310999978, 0.0 ], [ 127.441709223000089, -0.090132277999942, 0.0 ], [ 127.446118401000035, -0.08805065599995, 0.0 ], [ 127.446296506000067, -0.091831424999953, 0.0 ] ] ], [ [ [ 127.418746163000037, -0.092083053999943, 0.0 ], [ 127.419910808000054, -0.092262569999946, 0.0 ], [ 127.417997454000101, -0.092190698999957, 0.0 ], [ 127.416500251000116, -0.087428853999938, 0.0 ], [ 127.418746163000037, -0.092083053999943, 0.0 ] ] ], [ [ [ 127.438476862000016, -0.085944601999927, 0.0 ], [ 127.436420894000094, -0.085501834999945, 0.0 ], [ 127.437324182000111, -0.083467925999969, 0.0 ], [ 127.439261287000022, -0.084437119999961, 0.0 ], [ 127.438476862000016, -0.085944601999927, 0.0 ] ] ], [ [ [ 127.430562055000109, -0.082725865999976, 0.0 ], [ 127.429338003000112, -0.082031884999935, 0.0 ], [ 127.429754034000098, -0.079902248999929, 0.0 ], [ 127.431489096000064, -0.080955178999943, 0.0 ], [ 127.430562055000109, -0.082725865999976, 0.0 ] ] ], [ [ [ 127.424959726000111, -0.085088593999956, 0.0 ], [ 127.42300599400005, -0.084198369999967, 0.0 ], [ 127.420774329000096, -0.079324026999927, 0.0 ], [ 127.421829786000103, -0.075569672999961, 0.0 ], [ 127.423755015000097, -0.075950206999948, 0.0 ], [ 127.425623122000047, -0.078505853999957, 0.0 ], [ 127.426278950000096, -0.083229392999954, 0.0 ], [ 127.424959726000111, -0.085088593999956, 0.0 ] ] ], [ [ [ 127.438393916000109, -0.079687221999961, 0.0 ], [ 127.43513766600006, -0.078418873999965, 0.0 ], [ 127.434139474000062, -0.07601399899994, 0.0 ], [ 127.43535173500004, -0.074207422999962, 0.0 ], [ 127.437407723000092, -0.074063922999926, 0.0 ], [ 127.4392497340001, -0.075655252999979, 0.0 ], [ 127.438393916000109, -0.079687221999961, 0.0 ] ] ], [ [ [ 127.269314247000011, -0.071947296999952, 0.0 ], [ 127.271301096000116, -0.072961867999936, 0.0 ], [ 127.269998535000013, -0.076809238999942, 0.0 ], [ 127.272318069000107, -0.078962742999977, 0.0 ], [ 127.274076595000111, -0.083767317999957, 0.0 ], [ 127.267953877000082, -0.093251597999938, 0.0 ], [ 127.266431722000107, -0.113426515999947, 0.0 ], [ 127.261287890000062, -0.125389523999957, 0.0 ], [ 127.257390151000095, -0.125906076999968, 0.0 ], [ 127.256040366000093, -0.123637746999975, 0.0 ], [ 127.25447177, -0.123790773999929, 0.0 ], [ 127.248438720000081, -0.126851439999939, 0.0 ], [ 127.245430833000114, -0.126938890999952, 0.0 ], [ 127.243966569, -0.13071916399997, 0.0 ], [ 127.240697921000105, -0.133773882999947, 0.0 ], [ 127.235352056000011, -0.134368871999925, 0.0 ], [ 127.233509838000032, -0.138998472999958, 0.0 ], [ 127.231537242000059, -0.139058140999964, 0.0 ], [ 127.231359180000027, -0.136557833999973, 0.0 ], [ 127.233320051000078, -0.134308908999969, 0.0 ], [ 127.234532092000109, -0.134787522999943, 0.0 ], [ 127.234437115000105, -0.133555311999942, 0.0 ], [ 127.233320085000059, -0.133854309999947, 0.0 ], [ 127.229011025000091, -0.137389095999936, 0.0 ], [ 127.228288424000084, -0.138901177999969, 0.0 ], [ 127.226482194000027, -0.138987175999944, 0.0 ], [ 127.22431499400011, -0.135378947999925, 0.0 ], [ 127.219609209000055, -0.136919439999929, 0.0 ], [ 127.215873414000043, -0.133961900999964, 0.0 ], [ 127.213307047000058, -0.128994671999976, 0.0 ], [ 127.210692836000021, -0.128468115999965, 0.0 ], [ 127.206215710000038, -0.12322323799998, 0.0 ], [ 127.201301088000037, -0.121098287999928, 0.0 ], [ 127.199019737000071, -0.118686411999931, 0.0 ], [ 127.198439993000079, -0.116504339999949, 0.0 ], [ 127.201786367000068, -0.113949271999957, 0.0 ], [ 127.204581070000017, -0.116351607999945, 0.0 ], [ 127.203202470000065, -0.11925133699998, 0.0 ], [ 127.204172029000119, -0.120543398999928, 0.0 ], [ 127.205255711000063, -0.121117692999974, 0.0 ], [ 127.20371582100006, -0.119088674999944, 0.0 ], [ 127.205455661000087, -0.116198538999924, 0.0 ], [ 127.214141769000094, -0.114494003999937, 0.0 ], [ 127.217065106000064, -0.112391086999935, 0.0 ], [ 127.219567643000119, -0.112699886999962, 0.0 ], [ 127.223410349000119, -0.106975792999947, 0.0 ], [ 127.226024602000052, -0.107155391999925, 0.0 ], [ 127.227668985000037, -0.111062636999975, 0.0 ], [ 127.231291093000095, -0.108440536999979, 0.0 ], [ 127.232032863000086, -0.103731893999964, 0.0 ], [ 127.230445306000092, -0.103377695999939, 0.0 ], [ 127.230255277000083, -0.101568861999965, 0.0 ], [ 127.229675393000093, -0.101396560999945, 0.0 ], [ 127.229694314000085, -0.103080967999972, 0.0 ], [ 127.229028962000029, -0.101262537999958, 0.0 ], [ 127.229913107000016, -0.100401242999965, 0.0 ], [ 127.232337111000106, -0.102975840999932, 0.0 ], [ 127.232508401000018, -0.09976015999996, 0.0 ], [ 127.228553810000108, -0.098104251999928, 0.0 ], [ 127.227565266000056, -0.095702007999932, 0.0 ], [ 127.229514323000103, -0.090936004999946, 0.0 ], [ 127.232651487000112, -0.090132237999967, 0.0 ], [ 127.233050625000033, -0.092850281999972, 0.0 ], [ 127.233706559000098, -0.093080006999969, 0.0 ], [ 127.233592550000026, -0.091701847999957, 0.0 ], [ 127.235940753000023, -0.089481602999967, 0.0 ], [ 127.238688090000096, -0.090199525999935, 0.0 ], [ 127.240313777000097, -0.088563041999976, 0.0 ], [ 127.2390306100001, -0.084026544999972, 0.0 ], [ 127.23779477700009, -0.08381593699994, 0.0 ], [ 127.238659752000103, -0.086352168999952, 0.0 ], [ 127.234393604000047, -0.088900118999959, 0.0 ], [ 127.24007657300001, -0.078234018999979, 0.0 ], [ 127.243363318000092, -0.081191461999936, 0.0 ], [ 127.246015623000062, -0.081471517999944, 0.0 ], [ 127.247084954000115, -0.084924151999928, 0.0 ], [ 127.248076007, -0.084967263999943, 0.0 ], [ 127.249737578, -0.077911418999975, 0.0 ], [ 127.255013743000063, -0.077157952999926, 0.0 ], [ 127.256125979000103, -0.077954752999972, 0.0 ], [ 127.254821082000035, -0.080840240999976, 0.0 ], [ 127.257608868000034, -0.081199259999948, 0.0 ], [ 127.260040381000067, -0.076239377999968, 0.0 ], [ 127.266737944000056, -0.072148182999968, 0.0 ], [ 127.269314247000011, -0.071947296999952, 0.0 ] ] ], [ [ [ 127.468482793000021, -0.059769118999952, 0.0 ], [ 127.471458474000087, -0.066383220999967, 0.0 ], [ 127.469870702000094, -0.066545889999929, 0.0 ], [ 127.469186100000115, -0.068345338999961, 0.0 ], [ 127.467779, -0.067656135999925, 0.0 ], [ 127.466333964000114, -0.063856148999946, 0.0 ], [ 127.466067853000027, -0.060362492999957, 0.0 ], [ 127.468482793000021, -0.059769118999952, 0.0 ] ] ], [ [ [ 127.420732255000075, -0.057648323999956, 0.0 ], [ 127.421892107000076, -0.059361642999932, 0.0 ], [ 127.43380477300002, -0.06276943499995, 0.0 ], [ 127.435886722000077, -0.068454969999948, 0.0 ], [ 127.435363640000105, -0.073621168999978, 0.0 ], [ 127.430728756, -0.07408761399995, 0.0 ], [ 127.42048474, -0.068416174999925, 0.0 ], [ 127.41903978400012, -0.063247558999933, 0.0 ], [ 127.419629336000071, -0.06002200699993, 0.0 ], [ 127.417927564000024, -0.058452244999955, 0.0 ], [ 127.420599179000078, -0.056691176999948, 0.0 ], [ 127.420732255000075, -0.057648323999956, 0.0 ] ] ], [ [ [ 127.20375629800003, -0.044236092999938, 0.0 ], [ 127.203613701000108, -0.044343755999932, 0.0 ], [ 127.203321386000084, -0.04420737099997, 0.0 ], [ 127.203692135000097, -0.044056646999934, 0.0 ], [ 127.20375629800003, -0.044236092999938, 0.0 ] ] ], [ [ [ 127.189528305000067, -0.043517374999965, 0.0 ], [ 127.191524589000096, -0.044464881999943, 0.0 ], [ 127.191588745000104, -0.04492425799998, 0.0 ], [ 127.189093362000108, -0.044924195999954, 0.0 ], [ 127.189528305000067, -0.043517374999965, 0.0 ] ] ], [ [ [ 127.471104805000095, -0.047919476999937, 0.0 ], [ 127.467739036000012, -0.051575768999953, 0.0 ], [ 127.468328326000119, -0.058639660999972, 0.0 ], [ 127.466759556000056, -0.059395776999963, 0.0 ], [ 127.46597048700005, -0.05719427799994, 0.0 ], [ 127.463232323000057, -0.05667733599995, 0.0 ], [ 127.462243620000095, -0.053461245999927, 0.0 ], [ 127.465286100000071, -0.050876980999931, 0.0 ], [ 127.463413197000023, -0.047153572999946, 0.0 ], [ 127.46713072700004, -0.043660005999925, 0.0 ], [ 127.466807514000038, -0.041410662999965, 0.0 ], [ 127.467976970000109, -0.040080227999965, 0.0 ], [ 127.471913011000083, -0.045076709999933, 0.0 ], [ 127.471104805000095, -0.047919476999937, 0.0 ] ] ], [ [ [ 127.206430043000069, -0.039886424999963, 0.0 ], [ 127.206743686000095, -0.042807787999948, 0.0 ], [ 127.20491843700006, -0.044465809999963, 0.0 ], [ 127.203856165000047, -0.042082764999975, 0.0 ], [ 127.206430043000069, -0.039886424999963, 0.0 ] ] ], [ [ [ 127.200776191000045, -0.039290545999961, 0.0 ], [ 127.202052381000044, -0.040532326999937, 0.0 ], [ 127.200205753000091, -0.042075501999932, 0.0 ], [ 127.199057942000081, -0.038859844999934, 0.0 ], [ 127.200776191000045, -0.039290545999961, 0.0 ] ] ], [ [ [ 127.175247782000042, -0.037545220999959, 0.0 ], [ 127.176566697000112, -0.040452200999937, 0.0 ], [ 127.181193827000016, -0.040165197999954, 0.0 ], [ 127.182049357000096, -0.04129211399993, 0.0 ], [ 127.181250817000091, -0.042239547999941, 0.0 ], [ 127.183026105000067, -0.041780217999928, 0.0 ], [ 127.187603294000041, -0.043646527999954, 0.0 ], [ 127.18179977200009, -0.043337746999953, 0.0 ], [ 127.174470585000108, -0.040782325999942, 0.0 ], [ 127.172310372000084, -0.038277278999942, 0.0 ], [ 127.173971600000073, -0.036726942999962, 0.0 ], [ 127.175247782000042, -0.037545220999959, 0.0 ] ] ], [ [ [ 127.204462294000109, -0.037288028999967, 0.0 ], [ 127.203043493000109, -0.036627645999943, 0.0 ], [ 127.203064905000019, -0.035464847999947, 0.0 ], [ 127.204098720000047, -0.035177757999975, 0.0 ], [ 127.204462294000109, -0.037288028999967, 0.0 ] ] ], [ [ [ 127.222845219000078, -0.035417379999956, 0.0 ], [ 127.219670104000102, -0.034565549999968, 0.0 ], [ 127.21990780200008, -0.032412204999957, 0.0 ], [ 127.222864298000104, -0.031809317999944, 0.0 ], [ 127.22367229300005, -0.034469919999935, 0.0 ], [ 127.222845219000078, -0.035417379999956, 0.0 ] ] ], [ [ [ 127.204604973000073, -0.032895235999945, 0.0 ], [ 127.206066522000015, -0.035263928999939, 0.0 ], [ 127.204911482000057, -0.036484126999937, 0.0 ], [ 127.203314494000097, -0.032873678999977, 0.0 ], [ 127.20389203600007, -0.030856737999954, 0.0 ], [ 127.204604973000073, -0.032895235999945, 0.0 ] ] ], [ [ [ 127.205417778000083, -0.031919072999926, 0.0 ], [ 127.204818902000056, -0.030727553999952, 0.0 ], [ 127.205952530000104, -0.030569660999959, 0.0 ], [ 127.206137885000089, -0.031653508999966, 0.0 ], [ 127.205417778000083, -0.031919072999926, 0.0 ] ] ], [ [ [ 127.231001781000032, -0.032058291999931, 0.0 ], [ 127.22912902500002, -0.031464889999938, 0.0 ], [ 127.230773681000073, -0.028679901999965, 0.0 ], [ 127.232095056000048, -0.029924088999962, 0.0 ], [ 127.231001781000032, -0.032058291999931, 0.0 ] ] ], [ [ [ 127.216694688000075, -0.030182239999931, 0.0 ], [ 127.215934187000016, -0.029799409999953, 0.0 ], [ 127.216285930000026, -0.029263472999958, 0.0 ], [ 127.216010263000044, -0.028143727999975, 0.0 ], [ 127.216694688000075, -0.030182239999931, 0.0 ] ] ], [ [ [ 127.20773022000003, -0.029923690999965, 0.0 ], [ 127.206969704000016, -0.030631885999981, 0.0 ], [ 127.206180696000047, -0.029655694999974, 0.0 ], [ 127.207891861, -0.027799069999958, 0.0 ], [ 127.20773022000003, -0.029923690999965, 0.0 ] ] ], [ [ [ 127.237039238000079, -0.027611689999958, 0.0 ], [ 127.237674980000065, -0.027809091999927, 0.0 ], [ 127.237478901000031, -0.028335467999966, 0.0 ], [ 127.236557970000035, -0.027779166999949, 0.0 ], [ 127.237039238000079, -0.027611689999958, 0.0 ] ] ], [ [ [ 127.226828541000032, -0.027148564999948, 0.0 ], [ 127.227883748000067, -0.027464406999968, 0.0 ], [ 127.226838035000014, -0.027971625999953, 0.0 ], [ 127.22796925900002, -0.030431256999975, 0.0 ], [ 127.226666860000023, -0.031627545999925, 0.0 ], [ 127.225145870000119, -0.029531586999951, 0.0 ], [ 127.226828541000032, -0.027148564999948, 0.0 ] ] ], [ [ [ 127.215563468000028, -0.027933172999951, 0.0 ], [ 127.215259227000047, -0.030364053999961, 0.0 ], [ 127.21060111700001, -0.030574524999963, 0.0 ], [ 127.211124, -0.028402053999969, 0.0 ], [ 127.212169685000049, -0.029158130999974, 0.0 ], [ 127.213918893000027, -0.026325317999977, 0.0 ], [ 127.215725090000092, -0.026966562999974, 0.0 ], [ 127.215563468000028, -0.027933172999951, 0.0 ] ] ], [ [ [ 127.198005246000093, -0.032536229999948, 0.0 ], [ 127.197049843000059, -0.033885626999961, 0.0 ], [ 127.199723467000013, -0.034502963999955, 0.0 ], [ 127.200193994000074, -0.036225633999948, 0.0 ], [ 127.198760942000035, -0.035299674999976, 0.0 ], [ 127.198425817000043, -0.036778284999968, 0.0 ], [ 127.200899788000015, -0.038508173999958, 0.0 ], [ 127.19652217700002, -0.037366819999932, 0.0 ], [ 127.193877185000019, -0.03092834399996, 0.0 ], [ 127.19132477800008, -0.029930597999964, 0.0 ], [ 127.191182213000047, -0.028136165999967, 0.0 ], [ 127.194504671000118, -0.026198229999977, 0.0 ], [ 127.198005246000093, -0.032536229999948, 0.0 ] ] ], [ [ [ 127.19918132500004, -0.027970005999975, 0.0 ], [ 127.198454111000046, -0.026965109999935, 0.0 ], [ 127.198732187000019, -0.025759251999943, 0.0 ], [ 127.199737449000054, -0.027524993999975, 0.0 ], [ 127.19918132500004, -0.027970005999975, 0.0 ] ] ], [ [ [ 127.251271691000056, -0.02500271599996, 0.0 ], [ 127.250879482000073, -0.029503285999965, 0.0 ], [ 127.249118352000096, -0.032302655999956, 0.0 ], [ 127.243264732000057, -0.031484270999954, 0.0 ], [ 127.243107936000115, -0.027557945999945, 0.0 ], [ 127.251271691000056, -0.02500271599996, 0.0 ] ] ], [ [ [ 127.1951316950001, -0.025579758999925, 0.0 ], [ 127.194953459000089, -0.025177802999963, 0.0 ], [ 127.195324210000081, -0.024610766999956, 0.0 ], [ 127.195345591000091, -0.025263940999935, 0.0 ], [ 127.1951316950001, -0.025579758999925, 0.0 ] ] ], [ [ [ 127.236116003, -0.021484146999967, 0.0 ], [ 127.235802291000027, -0.021402793999926, 0.0 ], [ 127.236458240000047, -0.021082188999969, 0.0 ], [ 127.236462990000064, -0.021378874999925, 0.0 ], [ 127.236116003, -0.021484146999967, 0.0 ] ] ], [ [ [ 127.225195491000022, -0.021656287999974, 0.0 ], [ 127.225271533000068, -0.022493704999931, 0.0 ], [ 127.22277134400008, -0.023053545999971, 0.0 ], [ 127.223180137000099, -0.021503136999968, 0.0 ], [ 127.225195491000022, -0.021656287999974, 0.0 ] ] ], [ [ [ 127.428679242000044, -0.021579823999957, 0.0 ], [ 127.429627598000025, -0.022261800999956, 0.0 ], [ 127.427388609000104, -0.022075133999977, 0.0 ], [ 127.427260271000023, -0.021034234999945, 0.0 ], [ 127.428679242000044, -0.021579823999957, 0.0 ] ] ], [ [ [ 127.235621679000019, -0.020479236999961, 0.0 ], [ 127.235355488000096, -0.021412359999943, 0.0 ], [ 127.235198631000117, -0.021450639999955, 0.0 ], [ 127.235013265000021, -0.020536652999965, 0.0 ], [ 127.235621679000019, -0.020479236999961, 0.0 ] ] ], [ [ [ 127.234533183000053, -0.021144374999949, 0.0 ], [ 127.234343054000078, -0.021096519999958, 0.0 ], [ 127.234552207000092, -0.020067691999941, 0.0 ], [ 127.23462350300008, -0.020316526999977, 0.0 ], [ 127.234533183000053, -0.021144374999949, 0.0 ] ] ], [ [ [ 127.417484354000067, -0.017688447999944, 0.0 ], [ 127.421220752000067, -0.01657819299993, 0.0 ], [ 127.423939813000061, -0.021507510999925, 0.0 ], [ 127.423074568000061, -0.027901223999947, 0.0 ], [ 127.424491154000066, -0.028791388999934, 0.0 ], [ 127.424139315000048, -0.033261249999953, 0.0 ], [ 127.428094154000064, -0.045608502999926, 0.0 ], [ 127.427209935000064, -0.047025059999953, 0.0 ], [ 127.422503775000109, -0.047398238999961, 0.0 ], [ 127.419166639000082, -0.049637874999974, 0.0 ], [ 127.418011512000021, -0.048963062999974, 0.0 ], [ 127.415715387000091, -0.053155284999946, 0.0 ], [ 127.416147482000042, -0.069723406999969, 0.0 ], [ 127.414245616000017, -0.08075916699994, 0.0 ], [ 127.411307683000018, -0.084989604999976, 0.0 ], [ 127.409600697000087, -0.094740854999941, 0.0 ], [ 127.412930521000021, -0.097296570999958, 0.0 ], [ 127.413391501000092, -0.099940212999968, 0.0 ], [ 127.410646075000045, -0.103708811999979, 0.0 ], [ 127.407309416000089, -0.095144660999949, 0.0 ], [ 127.4029387490001, -0.088102337999942, 0.0 ], [ 127.404400942000052, -0.076868023999964, 0.0 ], [ 127.402632787000016, -0.071278289999952, 0.0 ], [ 127.408309318000079, -0.047675481999931, 0.0 ], [ 127.40755829200009, -0.045378334999953, 0.0 ], [ 127.409402895000085, -0.035873997999943, 0.0 ], [ 127.412825634000114, -0.029049652999959, 0.0 ], [ 127.41345323500002, -0.018712552999943, 0.0 ], [ 127.41600122400007, -0.015697582999962, 0.0 ], [ 127.417265699000041, -0.01591773399997, 0.0 ], [ 127.417484354000067, -0.017688447999944, 0.0 ] ] ], [ [ [ 127.163317019000033, -0.015597696999976, 0.0 ], [ 127.163466740000104, -0.015633585999979, 0.0 ], [ 127.163431090000017, -0.015848913999946, 0.0 ], [ 127.163288500000021, -0.015741248999973, 0.0 ], [ 127.163317019000033, -0.015597696999976, 0.0 ] ] ], [ [ [ 127.174367891000088, -0.012245831999962, 0.0 ], [ 127.191949564000083, -0.013358497999945, 0.0 ], [ 127.202510848000088, -0.023577644999932, 0.0 ], [ 127.201291659000049, -0.024288226999943, 0.0 ], [ 127.197070927000027, -0.020089191999944, 0.0 ], [ 127.193277906000048, -0.022665952999944, 0.0 ], [ 127.1939766590001, -0.01872538899994, 0.0 ], [ 127.19133867000005, -0.01962257699995, 0.0 ], [ 127.190304887000025, -0.017885557999932, 0.0 ], [ 127.184900621000111, -0.016751429999943, 0.0 ], [ 127.182840134000116, -0.018904715999952, 0.0 ], [ 127.173212841, -0.018791835999934, 0.0 ], [ 127.174595970000041, -0.019968984999934, 0.0 ], [ 127.173897251000085, -0.021583947999943, 0.0 ], [ 127.168963631000111, -0.016193488999932, 0.0 ], [ 127.163823219000051, -0.015504392999958, 0.0 ], [ 127.170410966000077, -0.012504198999977, 0.0 ], [ 127.174367891000088, -0.012245831999962, 0.0 ] ] ], [ [ [ 127.425610814000038, -0.011410121999972, 0.0 ], [ 127.430782806000025, -0.015755600999967, 0.0 ], [ 127.428443965000042, -0.018349450999949, 0.0 ], [ 127.425268498000037, -0.018416423999952, 0.0 ], [ 127.423138885000071, -0.013381825999943, 0.0 ], [ 127.425610814000038, -0.011410121999972, 0.0 ] ] ], [ [ [ 127.432199447000016, -0.009562862999928, 0.0 ], [ 127.431087063000064, -0.012893731999952, 0.0 ], [ 127.42604816000005, -0.010146692999967, 0.0 ], [ 127.427122501000099, -0.008710978999943, 0.0 ], [ 127.429176093000024, -0.009735134999971, 0.0 ], [ 127.430421574000093, -0.006729696999969, 0.0 ], [ 127.432199447000016, -0.009562862999928, 0.0 ] ] ], [ [ [ 127.406246237000119, 0.011617668000042, 0.0 ], [ 127.406046585000013, 0.011509989000047, 0.0 ], [ 127.406010929000104, 0.011933522000049, 0.0 ], [ 127.406117886000061, 0.01191198600003, 0.0 ], [ 127.406246237000119, 0.011617668000042, 0.0 ] ] ], [ [ [ 127.429092915000069, 0.006445436000035, 0.0 ], [ 127.432059235000111, 0.000759983000023, 0.0 ], [ 127.429910561000042, -0.001671170999941, 0.0 ], [ 127.426516414000048, 0.005880711000032, 0.0 ], [ 127.42428218200007, 0.005622276000054, 0.0 ], [ 127.426307257000076, 0.003851562000023, 0.0 ], [ 127.429387647000112, -0.005432758999973, 0.0 ], [ 127.422181034000118, -0.010553459999926, 0.0 ], [ 127.419851734000076, -0.010103590999961, 0.0 ], [ 127.418463684000017, 0.001496977000045, 0.0 ], [ 127.421211299000106, 0.006809125000075, 0.0 ], [ 127.424367735000033, 0.009173284000042, 0.0 ], [ 127.424168064000014, 0.012293574000068, 0.0 ], [ 127.425156829000116, 0.012666867000064, 0.0 ], [ 127.42895980500009, 0.008493729000065, 0.0 ], [ 127.429092915000069, 0.006445436000035, 0.0 ] ] ], [ [ [ 127.428615776000015, 0.01598735400006, 0.0 ], [ 127.430303347000063, 0.014922541000033, 0.0 ], [ 127.430327140000031, 0.010860647000072, 0.0 ], [ 127.427688820000071, 0.013971358000049, 0.0 ], [ 127.428615776000015, 0.01598735400006, 0.0 ] ] ], [ [ [ 127.42013324900006, 0.01815943500003, 0.0 ], [ 127.42005719000008, 0.018279077000045, 0.0 ], [ 127.420223567000107, 0.018413079000027, 0.0 ], [ 127.420337657000118, 0.018236008000031, 0.0 ], [ 127.42013324900006, 0.01815943500003, 0.0 ] ] ], [ [ [ 127.223457302000043, 0.024411155000053, 0.0 ], [ 127.223328965000064, 0.024454219000063, 0.0 ], [ 127.223352728, 0.024626488000024, 0.0 ], [ 127.223433533000048, 0.02457385200006, 0.0 ], [ 127.223457302000043, 0.024411155000053, 0.0 ] ] ], [ [ [ 127.223271922000094, 0.024746118000053, 0.0 ], [ 127.223129326000048, 0.024841821000052, 0.0 ], [ 127.223191116000066, 0.024966238000047, 0.0 ], [ 127.223309946000086, 0.024918387000071, 0.0 ], [ 127.223271922000094, 0.024746118000053, 0.0 ] ] ], [ [ [ 127.223651959000108, 0.037819372000058, 0.0 ], [ 127.227098072000103, 0.035670871000036, 0.0 ], [ 127.230092752000019, 0.026119576000042, 0.0 ], [ 127.229451099000016, 0.023817864000023, 0.0 ], [ 127.226223697000023, 0.021721888000059, 0.0 ], [ 127.223043759, 0.025492611000061, 0.0 ], [ 127.219892397000081, 0.02524373500006, 0.0 ], [ 127.216764712000099, 0.031220422000047, 0.0 ], [ 127.221080499000095, 0.036871844000075, 0.0 ], [ 127.223651959000108, 0.037819372000058, 0.0 ] ] ], [ [ [ 127.41439420100005, 0.095951335000052, 0.0 ], [ 127.414608123000107, 0.095771880000029, 0.0 ], [ 127.414315794000117, 0.095312439000054, 0.0 ], [ 127.414023417000067, 0.095872353000061, 0.0 ], [ 127.41439420100005, 0.095951335000052, 0.0 ] ] ], [ [ [ 127.145400870000117, 0.106506214000035, 0.0 ], [ 127.145129945, 0.106577972000025, 0.0 ], [ 127.145120426000062, 0.106798082000068, 0.0 ], [ 127.145396097000116, 0.106836379000072, 0.0 ], [ 127.145400870000117, 0.106506214000035, 0.0 ] ] ], [ [ [ 127.144578549000016, 0.107381821000047, 0.0 ], [ 127.144740163000051, 0.107180861000074, 0.0 ], [ 127.143984489000104, 0.106300371000032, 0.0 ], [ 127.143708790000119, 0.106731006000075, 0.0 ], [ 127.144578549000016, 0.107381821000047, 0.0 ] ] ], [ [ [ 127.148932266000088, 0.107903656000076, 0.0 ], [ 127.149412444000063, 0.105841337000072, 0.0 ], [ 127.146836324000105, 0.105692846000068, 0.0 ], [ 127.145201204000045, 0.107171319000031, 0.0 ], [ 127.147739167000054, 0.109468287000027, 0.0 ], [ 127.148932266000088, 0.107903656000076, 0.0 ] ] ], [ [ [ 127.13330033200009, 0.128264821000073, 0.0 ], [ 127.133229035000113, 0.128293527000039, 0.0 ], [ 127.133229025000105, 0.128437076000068, 0.0 ], [ 127.133295568000108, 0.128408371000035, 0.0 ], [ 127.13330033200009, 0.128264821000073, 0.0 ] ] ], [ [ [ 127.127297141000099, 0.131020524000064, 0.0 ], [ 127.127097523000089, 0.13093916400004, 0.0 ], [ 127.127068984000061, 0.131221476000064, 0.0 ], [ 127.12725910600011, 0.131173640000043, 0.0 ], [ 127.127297141000099, 0.131020524000064, 0.0 ] ] ], [ [ [ 127.128185950000102, 0.130939246000025, 0.0 ], [ 127.127891260000069, 0.131025353000041, 0.0 ], [ 127.127872227000012, 0.131307666000055, 0.0 ], [ 127.12831901800007, 0.131135440000037, 0.0 ], [ 127.128185950000102, 0.130939246000025, 0.0 ] ] ], [ [ [ 127.456733838000105, 0.13384781600007, 0.0 ], [ 127.456498515000021, 0.134020090000035, 0.0 ], [ 127.456769469000051, 0.134221111000045, 0.0 ], [ 127.456798002000028, 0.134034467000049, 0.0 ], [ 127.456733838000105, 0.13384781600007, 0.0 ] ] ], [ [ [ 127.429109772000061, 0.134987448000061, 0.0 ], [ 127.431063623000114, 0.133810283000059, 0.0 ], [ 127.432582340000067, 0.135310712000035, 0.0 ], [ 127.431541426000081, 0.132956059000037, 0.0 ], [ 127.438265726000054, 0.130400895000037, 0.0 ], [ 127.456641162000096, 0.133481697000036, 0.0 ], [ 127.459094231000108, 0.131536423000057, 0.0 ], [ 127.448106406000079, 0.123093624000035, 0.0 ], [ 127.447507483000095, 0.122246507000057, 0.0 ], [ 127.448413103, 0.121722517000023, 0.0 ], [ 127.448049468000022, 0.121255882000071, 0.0 ], [ 127.447044007000045, 0.121988048000048, 0.0 ], [ 127.445425416000035, 0.120954227000027, 0.0 ], [ 127.445995927000013, 0.119855925000024, 0.0 ], [ 127.443222225000113, 0.117946245000041, 0.0 ], [ 127.441168825000091, 0.114026590000037, 0.0 ], [ 127.440028476000066, 0.103359068000032, 0.0 ], [ 127.443087766000076, 0.097831659000065, 0.0 ], [ 127.442603251000037, 0.089547476000064, 0.0 ], [ 127.446019181000111, 0.080301507000058, 0.0 ], [ 127.445798272000047, 0.076511166000046, 0.0 ], [ 127.448543691000054, 0.072728107000046, 0.0 ], [ 127.447388650000107, 0.069131557000048, 0.0 ], [ 127.449798748000035, 0.070718123000063, 0.0 ], [ 127.452929146000088, 0.069103024000071, 0.0 ], [ 127.461179139000023, 0.074063784000032, 0.0 ], [ 127.465101004000076, 0.074128529000063, 0.0 ], [ 127.466520063000075, 0.07251336500002, 0.0 ], [ 127.463905078000039, 0.062208885000075, 0.0 ], [ 127.464814270000034, 0.061096210000073, 0.0 ], [ 127.464131010000074, 0.05760852700007, 0.0 ], [ 127.463227820000043, 0.056567588000064, 0.0 ], [ 127.459983368000053, 0.056645271000036, 0.0 ], [ 127.460078475000046, 0.055436858000064, 0.0 ], [ 127.457273794000116, 0.053809613000055, 0.0 ], [ 127.460815425000078, 0.050758750000057, 0.0 ], [ 127.460138118000032, 0.046128467000074, 0.0 ], [ 127.462425890000077, 0.045171355000036, 0.0 ], [ 127.463697608000075, 0.04105558200007, 0.0 ], [ 127.469752853000045, 0.034606796000048, 0.0 ], [ 127.468594112000119, 0.034959732000061, 0.0 ], [ 127.468926914, 0.032560842000066, 0.0 ], [ 127.460477160000096, 0.02616567900003, 0.0 ], [ 127.460863417000041, 0.024993161000054, 0.0 ], [ 127.459282806000033, 0.023563383000067, 0.0 ], [ 127.460453470000061, 0.018508388000043, 0.0 ], [ 127.457244747000118, 0.007381376000069, 0.0 ], [ 127.459771382000099, 0.00117797300004, 0.0 ], [ 127.462509553000018, 0.001335906000065, 0.0 ], [ 127.465407923000043, -0.002061642999934, 0.0 ], [ 127.465522002000057, -0.007316470999967, 0.0 ], [ 127.464171926000063, -0.00811091199995, 0.0 ], [ 127.463439827000116, -0.011815127999967, 0.0 ], [ 127.467518319000078, -0.034949816999926, 0.0 ], [ 127.466957271000069, -0.040731079999944, 0.0 ], [ 127.463363471000093, -0.037543658999937, 0.0 ], [ 127.461832822000019, -0.033600124999964, 0.0 ], [ 127.460045383000079, -0.034863548999965, 0.0 ], [ 127.461842234000073, -0.039189950999969, 0.0 ], [ 127.460359041000061, -0.04013751399998, 0.0 ], [ 127.457554334000065, -0.039295158999948, 0.0 ], [ 127.454645081000081, -0.036538487999962, 0.0 ], [ 127.453671291000092, -0.030823829999974, 0.0 ], [ 127.448341775000017, -0.025138652999942, 0.0 ], [ 127.447181890000024, -0.022726606999925, 0.0 ], [ 127.448009055000057, -0.02131002699997, 0.0 ], [ 127.440469668000105, -0.01773977199997, 0.0 ], [ 127.439623551000068, -0.010991843999932, 0.0 ], [ 127.436343498000042, -0.008493664999946, 0.0 ], [ 127.434684464000043, -0.004861274999939, 0.0 ], [ 127.43739400100003, 0.000950014000068, 0.0 ], [ 127.442404417000034, 0.005673567000031, 0.0 ], [ 127.442499484000109, 0.007975521000049, 0.0 ], [ 127.440873700000111, 0.010129107000068, 0.0 ], [ 127.434470431000022, 0.012445378000052, 0.0 ], [ 127.434793666000019, 0.015106256000024, 0.0 ], [ 127.429032089000088, 0.024471897000069, 0.0 ], [ 127.424173797000094, 0.025950628000032, 0.0 ], [ 127.418683386000112, 0.017388922000066, 0.0 ], [ 127.414956523000114, 0.015536824000037, 0.0 ], [ 127.413968552000028, 0.010584001000041, 0.0 ], [ 127.410303489000057, 0.009119560000045, 0.0 ], [ 127.406538586000011, 0.011617670000021, 0.0 ], [ 127.404000100000076, 0.017396360000021, 0.0 ], [ 127.404014339000014, 0.019880126000032, 0.0 ], [ 127.406752402000052, 0.023239702000069, 0.0 ], [ 127.409226559000103, 0.032026255000062, 0.0 ], [ 127.409062416000097, 0.04023849400005, 0.0 ], [ 127.413098007000031, 0.052119068000025, 0.0 ], [ 127.412940419000051, 0.075521125000023, 0.0 ], [ 127.414829699000052, 0.083453494000025, 0.0 ], [ 127.414137845000027, 0.088176953000072, 0.0 ], [ 127.415157165000096, 0.095951370000023, 0.0 ], [ 127.417994853000096, 0.101364139000054, 0.0 ], [ 127.418850550000116, 0.100653503000046, 0.0 ], [ 127.42064726000001, 0.10436491300004, 0.0 ], [ 127.422543924000024, 0.105513581000025, 0.0 ], [ 127.424704154000096, 0.111759063000022, 0.0 ], [ 127.423983685000053, 0.116963497000029, 0.0 ], [ 127.425445195000066, 0.121407126000065, 0.0 ], [ 127.423426914000061, 0.127078088000076, 0.0 ], [ 127.423476579000067, 0.13111245500005, 0.0 ], [ 127.425573091000047, 0.133781215000056, 0.0 ], [ 127.425722476000033, 0.13927284600004, 0.0 ], [ 127.42864608900004, 0.138002430000029, 0.0 ], [ 127.429109772000061, 0.134987448000061, 0.0 ] ] ], [ [ [ 127.108639413000105, 0.142836111000065, 0.0 ], [ 127.108330451000029, 0.143123181000021, 0.0 ], [ 127.108609663000038, 0.143386375000034, 0.0 ], [ 127.108686909000085, 0.14324881400006, 0.0 ], [ 127.108639413000105, 0.142836111000065, 0.0 ] ] ], [ [ [ 127.106227229000069, 0.143906535000042, 0.0 ], [ 127.10705318700002, 0.142172072000051, 0.0 ], [ 127.104777707000039, 0.142560659000026, 0.0 ], [ 127.105211298000086, 0.143894488000058, 0.0 ], [ 127.106227229000069, 0.143906535000042, 0.0 ] ] ], [ [ [ 127.099197467000067, 0.143243538000036, 0.0 ], [ 127.098775619000094, 0.143596389000038, 0.0 ], [ 127.098912220000102, 0.144134701000041, 0.0 ], [ 127.099126114000114, 0.143961266000019, 0.0 ], [ 127.099197467000067, 0.143243538000036, 0.0 ] ] ], [ [ [ 127.214107082000055, 0.144224192000024, 0.0 ], [ 127.218776003000016, 0.142961263000075, 0.0 ], [ 127.219564942000034, 0.144138489000056, 0.0 ], [ 127.221513996000112, 0.141009105000023, 0.0 ], [ 127.222697832000108, 0.137157088000038, 0.0 ], [ 127.22005058700006, 0.133194728000035, 0.0 ], [ 127.213030075, 0.13387371500005, 0.0 ], [ 127.209512503000042, 0.136892913000054, 0.0 ], [ 127.208167007000043, 0.141515305000041, 0.0 ], [ 127.210524425000017, 0.143520485000067, 0.0 ], [ 127.214107082000055, 0.144224192000024, 0.0 ] ] ], [ [ [ 127.122500255000091, 0.145820039000057, 0.0 ], [ 127.126312376000101, 0.142676634000054, 0.0 ], [ 127.13059961700003, 0.141767840000057, 0.0 ], [ 127.134601986, 0.137064518000045, 0.0 ], [ 127.135011385000098, 0.128485057000034, 0.0 ], [ 127.127387399000099, 0.131661717000043, 0.0 ], [ 127.1265081250001, 0.131374552000068, 0.0 ], [ 127.126679358000047, 0.129661546000023, 0.0 ], [ 127.124136506000013, 0.130005874000062, 0.0 ], [ 127.126679448000118, 0.128417453000054, 0.0 ], [ 127.126508429000069, 0.127230768000061, 0.0 ], [ 127.125020648000032, 0.128723569000044, 0.0 ], [ 127.124212703000012, 0.127967485000056, 0.0 ], [ 127.123024293000071, 0.130331167000065, 0.0 ], [ 127.119801847000076, 0.12973280600005, 0.0 ], [ 127.117501204000064, 0.132747149000068, 0.0 ], [ 127.115718978000018, 0.13115362800005, 0.0 ], [ 127.113736880000033, 0.132890409000026, 0.0 ], [ 127.113793618000045, 0.136761425000032, 0.0 ], [ 127.111706967000032, 0.138316362000069, 0.0 ], [ 127.110732297000027, 0.142349976000048, 0.0 ], [ 127.116117054000028, 0.145958266000036, 0.0 ], [ 127.118502717000069, 0.149604597000064, 0.0 ], [ 127.122500255000091, 0.145820039000057, 0.0 ] ] ], [ [ [ 127.432402407000041, 0.151360415000056, 0.0 ], [ 127.4337905430001, 0.150685726000063, 0.0 ], [ 127.433838300000048, 0.147584566000035, 0.0 ], [ 127.432654786000057, 0.145215539000048, 0.0 ], [ 127.4301021120001, 0.144167285000037, 0.0 ], [ 127.428609368000025, 0.145315757000049, 0.0 ], [ 127.427753443000029, 0.148991139000032, 0.0 ], [ 127.429538175000062, 0.152980178000064, 0.0 ], [ 127.432402407000041, 0.151360415000056, 0.0 ] ] ], [ [ [ 127.17273474600006, 0.159644546000038, 0.0 ], [ 127.17257453000002, 0.157359649000057, 0.0 ], [ 127.171701135000035, 0.157544994000034, 0.0 ], [ 127.171261299000093, 0.159560675000023, 0.0 ], [ 127.17273474600006, 0.159644546000038, 0.0 ] ] ], [ [ [ 127.17321598, 0.159812067000075, 0.0 ], [ 127.173025766000023, 0.160846827000057, 0.0 ], [ 127.173501050000027, 0.161110051000037, 0.0 ], [ 127.17356643100004, 0.160822950000068, 0.0 ], [ 127.17321598, 0.159812067000075, 0.0 ] ] ], [ [ [ 127.155005188000018, 0.16267042000004, 0.0 ], [ 127.157928531000039, 0.160182459000055, 0.0 ], [ 127.158332780000023, 0.157472958000028, 0.0 ], [ 127.153544097, 0.157460569000023, 0.0 ], [ 127.146718143000044, 0.150862605000043, 0.0 ], [ 127.145125834000055, 0.151478540000028, 0.0 ], [ 127.144424266000101, 0.157244427000023, 0.0 ], [ 127.145594525000092, 0.159146578000048, 0.0 ], [ 127.155005188000018, 0.16267042000004, 0.0 ] ] ], [ [ [ 127.921496441000045, 0.168375508000054, 0.0 ], [ 127.922809110000117, 0.161281701000064, 0.0 ], [ 127.921687058000089, 0.160353022000038, 0.0 ], [ 127.923046943000031, 0.159386182000048, 0.0 ], [ 127.923361026000066, 0.154005953000024, 0.0 ], [ 127.924330977000068, 0.154025149000063, 0.0 ], [ 127.922781137000015, 0.150377610000021, 0.0 ], [ 127.924978235000026, 0.141053231000058, 0.0 ], [ 127.924674215000096, 0.134840084000075, 0.0 ], [ 127.923685270000078, 0.134265637000055, 0.0 ], [ 127.926215432000049, 0.117684620000034, 0.0 ], [ 127.923895379000101, 0.111710733000052, 0.0 ], [ 127.92408565900007, 0.109087631000023, 0.0 ], [ 127.925407485000051, 0.108235646000026, 0.0 ], [ 127.930095536000067, 0.109681399000067, 0.0 ], [ 127.929182727000011, 0.107201853000049, 0.0 ], [ 127.917210514000089, 0.106636600000058, 0.0 ], [ 127.909955007, 0.10433873900007, 0.0 ], [ 127.90385953100008, 0.105343725000068, 0.0 ], [ 127.895805495000104, 0.096631733000038, 0.0 ], [ 127.887380724000081, 0.083678815000042, 0.0 ], [ 127.887789867000038, 0.074373602000037, 0.0 ], [ 127.89072834500007, 0.068792450000046, 0.0 ], [ 127.894931469000085, 0.066514103000031, 0.0 ], [ 127.893552710000108, 0.062904940000067, 0.0 ], [ 127.889720589000035, 0.058510722000051, 0.0 ], [ 127.893457803000047, 0.053350789000035, 0.0 ], [ 127.893895287000078, 0.049904411000057, 0.0 ], [ 127.889692324000066, 0.043126456000039, 0.0 ], [ 127.886929439000028, 0.02676642800003, 0.0 ], [ 127.888404297000079, 0.021957025000063, 0.0 ], [ 127.887712568000097, 0.009801352000068, 0.0 ], [ 127.8897737530001, -0.004322147999972, 0.0 ], [ 127.893674854000096, -0.017669721999937, 0.0 ], [ 127.902432792000013, -0.025539045999949, 0.0 ], [ 127.906840184000089, -0.038944150999953, 0.0 ], [ 127.908813897000073, -0.051321358999928, 0.0 ], [ 127.911996259000034, -0.058926203999931, 0.0 ], [ 127.926151740000023, -0.079123442999958, 0.0 ], [ 127.93261623300009, -0.085535378999964, 0.0 ], [ 127.937002083000039, -0.097037981999961, 0.0 ], [ 127.946548973000063, -0.112640634999934, 0.0 ], [ 127.945719585, -0.112805144999925, 0.0 ], [ 127.946909756000082, -0.113646846999927, 0.0 ], [ 127.947119312000041, -0.118729378999944, 0.0 ], [ 127.953248081000083, -0.14012401399998, 0.0 ], [ 127.964696976000027, -0.162932574999957, 0.0 ], [ 127.968375623000043, -0.176052526999968, 0.0 ], [ 127.968594236000058, -0.189232757999946, 0.0 ], [ 127.969593610000061, -0.197955861999958, 0.0 ], [ 127.971114688000057, -0.20039017299996, 0.0 ], [ 127.972335344000044, -0.216763517999937, 0.0 ], [ 127.977215767000075, -0.232142271999976, 0.0 ], [ 127.977789415000075, -0.249194222999961, 0.0 ], [ 127.979926806000094, -0.251102233999973, 0.0 ], [ 127.984392657000058, -0.270464304999962, 0.0 ], [ 127.991643314000044, -0.28511165599997, 0.0 ], [ 128.002105365000034, -0.29989680999995, 0.0 ], [ 128.00254201100006, -0.30687280199993, 0.0 ], [ 128.007558138000036, -0.317003944999954, 0.0 ], [ 128.012226343000066, -0.322381525999958, 0.0 ], [ 128.01540887200008, -0.322690855999952, 0.0 ], [ 128.017900385000075, -0.327628234999963, 0.0 ], [ 128.031120675000011, -0.367083607999973, 0.0 ], [ 128.035685959000034, -0.374689613999976, 0.0 ], [ 128.049232656000072, -0.417277587999934, 0.0 ], [ 128.052163843000017, -0.419345878999934, 0.0 ], [ 128.056165327000031, -0.417874396999935, 0.0 ], [ 128.060194349000085, -0.424717749999957, 0.0 ], [ 128.064568099000098, -0.426791719999926, 0.0 ], [ 128.064310270000078, -0.435472732999926, 0.0 ], [ 128.072293647000038, -0.449013256999933, 0.0 ], [ 128.08017365000012, -0.458692483999926, 0.0 ], [ 128.079176731000075, -0.45957109699998, 0.0 ], [ 128.080452450000053, -0.459832990999928, 0.0 ], [ 128.082695216000047, -0.466282465999939, 0.0 ], [ 128.084090690000039, -0.476377081999942, 0.0 ], [ 128.098861818000046, -0.50642311799993, 0.0 ], [ 128.097941749000029, -0.506135771999936, 0.0 ], [ 128.102798249000102, -0.512103385999978, 0.0 ], [ 128.102327389000038, -0.512857263999933, 0.0 ], [ 128.104401053000061, -0.511767926999937, 0.0 ], [ 128.107588287000112, -0.516855086999954, 0.0 ], [ 128.109893562000025, -0.517969626999957, 0.0 ], [ 128.11997997900005, -0.535308246999932, 0.0 ], [ 128.125931120000018, -0.53866570799994, 0.0 ], [ 128.149865093000017, -0.57542024299994, 0.0 ], [ 128.149054039000021, -0.57571592499994, 0.0 ], [ 128.153806085000042, -0.585173706999967, 0.0 ], [ 128.164979408000022, -0.603416996999954, 0.0 ], [ 128.17566570800011, -0.617733355999974, 0.0 ], [ 128.174660037000081, -0.61728082299993, 0.0 ], [ 128.185421814000051, -0.629008381999938, 0.0 ], [ 128.185256644000106, -0.636138671999959, 0.0 ], [ 128.186846761000083, -0.639528159999941, 0.0 ], [ 128.187744092000116, -0.64851839399995, 0.0 ], [ 128.192261764000023, -0.653807750999931, 0.0 ], [ 128.193106473000057, -0.659072307999963, 0.0 ], [ 128.199593764000042, -0.672106830999951, 0.0 ], [ 128.208926003000101, -0.679656644999966, 0.0 ], [ 128.210350351000102, -0.693455642999936, 0.0 ], [ 128.213107780000087, -0.697662755999943, 0.0 ], [ 128.218478216000108, -0.701961858999937, 0.0 ], [ 128.219972668000082, -0.706354202999933, 0.0 ], [ 128.226482171000043, -0.709446508999974, 0.0 ], [ 128.226263261000099, -0.712273308999954, 0.0 ], [ 128.227909848000081, -0.711816451999937, 0.0 ], [ 128.233259457000031, -0.715520819999938, 0.0 ], [ 128.23450514700005, -0.720802729999946, 0.0 ], [ 128.238793767000061, -0.721689943999934, 0.0 ], [ 128.239706453000053, -0.723858659999962, 0.0 ], [ 128.242302821000067, -0.724512538999932, 0.0 ], [ 128.25241629900006, -0.732937182999933, 0.0 ], [ 128.254691900000012, -0.732305663999966, 0.0 ], [ 128.256396566000035, -0.73335433099993, 0.0 ], [ 128.266338817000019, -0.742324694999979, 0.0 ], [ 128.285546988000078, -0.752941002999933, 0.0 ], [ 128.294611871000029, -0.762514440999951, 0.0 ], [ 128.299198261000015, -0.764633520999951, 0.0 ], [ 128.306921559000102, -0.777703797999948, 0.0 ], [ 128.308617307000077, -0.789875500999926, 0.0 ], [ 128.31865330800008, -0.794144954999979, 0.0 ], [ 128.325835173000087, -0.803299273999926, 0.0 ], [ 128.333146032000059, -0.809002047999968, 0.0 ], [ 128.345650120000073, -0.814554882999971, 0.0 ], [ 128.351883711000028, -0.821325934999948, 0.0 ], [ 128.353588142000035, -0.824299082999971, 0.0 ], [ 128.353195709000033, -0.826734196999951, 0.0 ], [ 128.355799145000105, -0.826719388999948, 0.0 ], [ 128.364165077000052, -0.837369960999979, 0.0 ], [ 128.377167537000105, -0.850168384999961, 0.0 ], [ 128.386739611000053, -0.857910925999931, 0.0 ], [ 128.417754452000054, -0.875826282999981, 0.0 ], [ 128.42880423500003, -0.878018181999948, 0.0 ], [ 128.432599038000035, -0.88025203899997, 0.0 ], [ 128.440508983000086, -0.889373057999933, 0.0 ], [ 128.450887384000112, -0.897618380999972, 0.0 ], [ 128.45538086900001, -0.903019150999967, 0.0 ], [ 128.456664259000036, -0.907679796999957, 0.0 ], [ 128.455843390000041, -0.910896750999939, 0.0 ], [ 128.453353280000101, -0.913596415999962, 0.0 ], [ 128.449337007000054, -0.91316494199998, 0.0 ], [ 128.443994768000039, -0.906737152999938, 0.0 ], [ 128.43852374700009, -0.902851406999957, 0.0 ], [ 128.424306400000091, -0.901197552999975, 0.0 ], [ 128.419926647000011, -0.898834326999975, 0.0 ], [ 128.42004135000002, -0.895258242999944, 0.0 ], [ 128.418062642000109, -0.894143473999975, 0.0 ], [ 128.415454394000108, -0.895013356999925, 0.0 ], [ 128.412872294000067, -0.893052550999926, 0.0 ], [ 128.410211226000115, -0.894229791999976, 0.0 ], [ 128.406010285000093, -0.889094756999953, 0.0 ], [ 128.402643393000062, -0.887729837999927, 0.0 ], [ 128.400403865000044, -0.884900195999933, 0.0 ], [ 128.398962751000113, -0.885560603999977, 0.0 ], [ 128.398292473000083, -0.883765267999934, 0.0 ], [ 128.381475460000047, -0.879889599999956, 0.0 ], [ 128.37922869800002, -0.877828311999963, 0.0 ], [ 128.372251986000038, -0.877834319999977, 0.0 ], [ 128.369226849000029, -0.880648705999931, 0.0 ], [ 128.362043749, -0.87783258099995, 0.0 ], [ 128.358276573000012, -0.881458261999967, 0.0 ], [ 128.354531343000076, -0.88188846099996, 0.0 ], [ 128.353067008000039, -0.88872238099998, 0.0 ], [ 128.351605301000063, -0.88911187399998, 0.0 ], [ 128.346334049, -0.88623860499996, 0.0 ], [ 128.342592730000092, -0.881610079999973, 0.0 ], [ 128.337446636000095, -0.880162042999928, 0.0 ], [ 128.338050339000119, -0.87901527799994, 0.0 ], [ 128.33630857300011, -0.87754001199994, 0.0 ], [ 128.335418655000012, -0.878586974999962, 0.0 ], [ 128.328289790000099, -0.874760801999969, 0.0 ], [ 128.326398364000056, -0.870839366999974, 0.0 ], [ 128.321500949000097, -0.865781349999963, 0.0 ], [ 128.314352083000017, -0.861622466999961, 0.0 ], [ 128.312674339000068, -0.863083041999971, 0.0 ], [ 128.313402454000084, -0.867569514999957, 0.0 ], [ 128.311359885000115, -0.871094938999931, 0.0 ], [ 128.311888126000099, -0.874321487999964, 0.0 ], [ 128.308754376000024, -0.875435075999974, 0.0 ], [ 128.306811159000063, -0.87881338699998, 0.0 ], [ 128.307660628, -0.878991846999952, 0.0 ], [ 128.305918862000112, -0.879819898999926, 0.0 ], [ 128.306625562000022, -0.878849078999963, 0.0 ], [ 128.305047979000051, -0.878720587999965, 0.0 ], [ 128.299187366000069, -0.881276128999957, 0.0 ], [ 128.292677161000029, -0.881019146999961, 0.0 ], [ 128.291627819000041, -0.879891282999949, 0.0 ], [ 128.290935396, -0.880812133999939, 0.0 ], [ 128.285445979000087, -0.878791971999931, 0.0 ], [ 128.282233707000046, -0.876229291999948, 0.0 ], [ 128.283011790000046, -0.875344132999942, 0.0 ], [ 128.281776850000028, -0.875829542999952, 0.0 ], [ 128.280477665000035, -0.874558909999962, 0.0 ], [ 128.277408161000039, -0.868898172999934, 0.0 ], [ 128.270284054000058, -0.866042819999961, 0.0 ], [ 128.265815426000017, -0.868419901999971, 0.0 ], [ 128.263616804000094, -0.865885775999971, 0.0 ], [ 128.261568088000104, -0.866128479999929, 0.0 ], [ 128.260193724000032, -0.863494368999966, 0.0 ], [ 128.257092004000015, -0.863078476999931, 0.0 ], [ 128.24899739500006, -0.857855093999945, 0.0 ], [ 128.243141589000061, -0.855933358999948, 0.0 ], [ 128.232228117000091, -0.848117858999956, 0.0 ], [ 128.230606589000104, -0.845432797999933, 0.0 ], [ 128.229807091000112, -0.845982452999976, 0.0 ], [ 128.228027481000026, -0.84151049299993, 0.0 ], [ 128.229143221000072, -0.840692911999952, 0.0 ], [ 128.226951737000036, -0.840164670999968, 0.0 ], [ 128.225673966000045, -0.837237933999972, 0.0 ], [ 128.226286890000097, -0.832294453999964, 0.0 ], [ 128.231998742000087, -0.827220727999929, 0.0 ], [ 128.234511285000053, -0.826858724999965, 0.0 ], [ 128.237023995000072, -0.828350646999979, 0.0 ], [ 128.238130445000024, -0.826580327999977, 0.0 ], [ 128.240386174000037, -0.82676592699994, 0.0 ], [ 128.241456932000119, -0.827558286999931, 0.0 ], [ 128.239729443000101, -0.829221529999927, 0.0 ], [ 128.24090013700004, -0.829464235999978, 0.0 ], [ 128.249280599000031, -0.82709429199997, 0.0 ], [ 128.250636892000102, -0.824067617999958, 0.0 ], [ 128.240650294000034, -0.825809382999978, 0.0 ], [ 128.241999449000105, -0.822054593999951, 0.0 ], [ 128.245989804000033, -0.822033178999959, 0.0 ], [ 128.248738082000045, -0.820377073999964, 0.0 ], [ 128.26132305100009, -0.824924223999972, 0.0 ], [ 128.264735198000039, -0.828750396999965, 0.0 ], [ 128.266962374000059, -0.828914579999946, 0.0 ], [ 128.275150100000019, -0.83483943799996, 0.0 ], [ 128.276113781000049, -0.837594852999928, 0.0 ], [ 128.281224864000023, -0.838993975999927, 0.0 ], [ 128.283430624000061, -0.83594588699998, 0.0 ], [ 128.282238514000028, -0.833340376999956, 0.0 ], [ 128.283480593000036, -0.832084021999947, 0.0 ], [ 128.281286988000033, -0.831084406999935, 0.0 ], [ 128.281207276000032, -0.82780669899995, 0.0 ], [ 128.279640142000062, -0.82623689299993, 0.0 ], [ 128.275021608000088, -0.825658683999961, 0.0 ], [ 128.273808084000052, -0.827257680999935, 0.0 ], [ 128.271102636000023, -0.824894876999963, 0.0 ], [ 128.272080595000034, -0.822667701999933, 0.0 ], [ 128.270924176000108, -0.822175152999932, 0.0 ], [ 128.271223989000077, -0.820026499999926, 0.0 ], [ 128.26945129, -0.820735578999972, 0.0 ], [ 128.267645280000011, -0.819200826999975, 0.0 ], [ 128.267231253000091, -0.816559624999968, 0.0 ], [ 128.265118292000011, -0.81419681999995, 0.0 ], [ 128.265032631000054, -0.810848918999966, 0.0 ], [ 128.260585418000119, -0.806780039999978, 0.0 ], [ 128.260385544000087, -0.80412456199997, 0.0 ], [ 128.258708024000043, -0.803217987999972, 0.0 ], [ 128.255674210000052, -0.796436523999944, 0.0 ], [ 128.248792810000054, -0.793416986999944, 0.0 ], [ 128.249104271000078, -0.790785957999958, 0.0 ], [ 128.245047538000108, -0.786380921999978, 0.0 ], [ 128.242013725000106, -0.787044789999925, 0.0 ], [ 128.234331101000066, -0.783392398999979, 0.0 ], [ 128.227329981000025, -0.775252984999952, 0.0 ], [ 128.227150201000086, -0.772792470999946, 0.0 ], [ 128.229757121000034, -0.77059081799996, 0.0 ], [ 128.232783796000035, -0.772925068999939, 0.0 ], [ 128.235110909000014, -0.771597329999963, 0.0 ], [ 128.234711159000085, -0.777136714999926, 0.0 ], [ 128.235839024000029, -0.777422249999972, 0.0 ], [ 128.237081102000047, -0.773503277999964, 0.0 ], [ 128.238373150000029, -0.775808975999951, 0.0 ], [ 128.237923432000116, -0.777850552999951, 0.0 ], [ 128.239372524000032, -0.778992694999943, 0.0 ], [ 128.238615855000035, -0.771333209999966, 0.0 ], [ 128.241519832000108, -0.769716149999965, 0.0 ], [ 128.244598926000094, -0.771413836999955, 0.0 ], [ 128.247411801000112, -0.768969172999959, 0.0 ], [ 128.244447914000034, -0.76728574699996, 0.0 ], [ 128.247510280000029, -0.763880736999965, 0.0 ], [ 128.246839273000091, -0.762588689999973, 0.0 ], [ 128.24361986100007, -0.763666585999943, 0.0 ], [ 128.244811971000104, -0.761439410999969, 0.0 ], [ 128.243577031000086, -0.760932584999978, 0.0 ], [ 128.243484232000014, -0.758612610999933, 0.0 ], [ 128.240964383000119, -0.763281113999938, 0.0 ], [ 128.241535453000097, -0.766807474999951, 0.0 ], [ 128.239786550000076, -0.768891882999981, 0.0 ], [ 128.23224127900005, -0.767628388999924, 0.0 ], [ 128.224524687000098, -0.768941850999965, 0.0 ], [ 128.224103523000053, -0.766493385999979, 0.0 ], [ 128.226066577000097, -0.764037781999946, 0.0 ], [ 128.226273590000119, -0.76018305499997, 0.0 ], [ 128.231404246000011, -0.753578223999966, 0.0 ], [ 128.234011598000052, -0.75338017699994, 0.0 ], [ 128.233697509000081, -0.749675355999955, 0.0 ], [ 128.232398323000098, -0.749782431999961, 0.0 ], [ 128.231698761000075, -0.751638410999931, 0.0 ], [ 128.229749984000023, -0.751010232999931, 0.0 ], [ 128.230656558000078, -0.75275199899994, 0.0 ], [ 128.227244411000015, -0.755800088999933, 0.0 ], [ 128.224931574000038, -0.755464583999981, 0.0 ], [ 128.225110034000068, -0.757934464999948, 0.0 ], [ 128.223082734000059, -0.762453060999974, 0.0 ], [ 128.221840655000051, -0.764744481999969, 0.0 ], [ 128.219349359000034, -0.765922314999955, 0.0 ], [ 128.220619992000024, -0.770105407999949, 0.0 ], [ 128.218428507000112, -0.772353998999961, 0.0 ], [ 128.216815233000034, -0.772382551999954, 0.0 ], [ 128.207970777000014, -0.766200711999943, 0.0 ], [ 128.203730577000101, -0.765379797999969, 0.0 ], [ 128.200562207000075, -0.762187529999949, 0.0 ], [ 128.18739795700003, -0.760939723999968, 0.0 ], [ 128.181637282000111, -0.758198584999946, 0.0 ], [ 128.180216744000063, -0.75624266799997, 0.0 ], [ 128.174598836000087, -0.755286123999952, 0.0 ], [ 128.166561017000049, -0.750225010999941, 0.0 ], [ 128.16218518800008, -0.750924572999963, 0.0 ], [ 128.155552679000039, -0.747897517999945, 0.0 ], [ 128.151446941000017, -0.749154573999931, 0.0 ], [ 128.148655833000021, -0.747477053999944, 0.0 ], [ 128.147435170000108, -0.744871543999977, 0.0 ], [ 128.132430289000013, -0.738225708999948, 0.0 ], [ 128.130653761000076, -0.739621435999936, 0.0 ], [ 128.125613817000044, -0.736814677999973, 0.0 ], [ 128.123288390000084, -0.737603091999972, 0.0 ], [ 128.118160661000047, -0.736726648999934, 0.0 ], [ 128.115012634000095, -0.733592898999973, 0.0 ], [ 128.111778946000072, -0.734335289999933, 0.0 ], [ 128.085895788000016, -0.723048370999948, 0.0 ], [ 128.077859322000108, -0.722078284999952, 0.0 ], [ 128.069033647000083, -0.717892617999951, 0.0 ], [ 128.065291251000076, -0.71749480699998, 0.0 ], [ 128.057670003000112, -0.709986266999977, 0.0 ], [ 128.047305071000096, -0.703733042999943, 0.0 ], [ 128.035421130000032, -0.69886883099997, 0.0 ], [ 128.03040860200008, -0.692878724999957, 0.0 ], [ 128.02364078800008, -0.687783181999976, 0.0 ], [ 128.01947911000002, -0.686169907999954, 0.0 ], [ 128.018244170000116, -0.682443671999977, 0.0 ], [ 128.012119437000024, -0.678646051999976, 0.0 ], [ 128.008763803000079, -0.671877675999951, 0.0 ], [ 128.002296428000022, -0.667309110999952, 0.0 ], [ 128.002253597000049, -0.661784001999933, 0.0 ], [ 128.001082902, -0.659756700999935, 0.0 ], [ 127.99661427500007, -0.657972104999942, 0.0 ], [ 127.998184719000051, -0.651440484999966, 0.0 ], [ 127.994051595000087, -0.64784273999993, 0.0 ], [ 127.992876766000109, -0.643905374999974, 0.0 ], [ 127.993316279000055, -0.636931799999957, 0.0 ], [ 127.99564345400006, -0.629190144999939, 0.0 ], [ 127.990846462000036, -0.62277273899997, 0.0 ], [ 127.988262367000061, -0.611065789999941, 0.0 ], [ 127.984857358000113, -0.606154582999977, 0.0 ], [ 127.980759926000019, -0.602985140999976, 0.0 ], [ 127.980538636000119, -0.600615197999957, 0.0 ], [ 127.97542041600002, -0.595889587999977, 0.0 ], [ 127.976362682000058, -0.590885581999942, 0.0 ], [ 127.97471371600011, -0.586495476999971, 0.0 ], [ 127.970816158000048, -0.585017830999959, 0.0 ], [ 127.968888795000112, -0.579985270999941, 0.0 ], [ 127.964734257000032, -0.578029353999966, 0.0 ], [ 127.958983930000045, -0.567799725999976, 0.0 ], [ 127.955347282000048, -0.55895559399994, 0.0 ], [ 127.95381966900004, -0.54114532899996, 0.0 ], [ 127.951035700000034, -0.539403562999951, 0.0 ], [ 127.950900070000102, -0.533350214999928, 0.0 ], [ 127.946902575000081, -0.530473445999974, 0.0 ], [ 127.946153045000074, -0.523499245999972, 0.0 ], [ 127.941455989000019, -0.516225233999933, 0.0 ], [ 127.941237079000075, -0.510783405999973, 0.0 ], [ 127.93846738600007, -0.503623607999941, 0.0 ], [ 127.934027312000012, -0.501203695999948, 0.0 ], [ 127.932449729000041, -0.495628618999945, 0.0 ], [ 127.924961566000093, -0.494393678999927, 0.0 ], [ 127.922227434000092, -0.491696143999945, 0.0 ], [ 127.921592021000038, -0.487486175999948, 0.0 ], [ 127.919136645000094, -0.48639868999993, 0.0 ], [ 127.91894745400009, -0.483925486999965, 0.0 ], [ 127.913680471000021, -0.48176743199997, 0.0 ], [ 127.910589991000052, -0.476961204999952, 0.0 ], [ 127.905898837000109, -0.472940312999924, 0.0 ], [ 127.906328124000083, -0.462092323999968, 0.0 ], [ 127.904892733000111, -0.445608911999955, 0.0 ], [ 127.899948671000061, -0.441426876999969, 0.0 ], [ 127.899740008000094, -0.433039000999941, 0.0 ], [ 127.895465767000019, -0.429869834999977, 0.0 ], [ 127.894987495, -0.424130574999936, 0.0 ], [ 127.889775145000044, -0.420984136999948, 0.0 ], [ 127.883277262000092, -0.40956771499998, 0.0 ], [ 127.880632207000076, -0.398496641999941, 0.0 ], [ 127.881750576000059, -0.394085196999924, 0.0 ], [ 127.881104546000074, -0.389332515999968, 0.0 ], [ 127.876656128000036, -0.386554126999954, 0.0 ], [ 127.87670609700001, -0.38364880499995, 0.0 ], [ 127.87494816200001, -0.381093366999949, 0.0 ], [ 127.868882428, -0.380101027999956, 0.0 ], [ 127.863965223000037, -0.365461315999937, 0.0 ], [ 127.858289933000037, -0.363586024999961, 0.0 ], [ 127.853581055000063, -0.364564968999957, 0.0 ], [ 127.850457834000053, -0.363852108999936, 0.0 ], [ 127.846159820000025, -0.36059023599995, 0.0 ], [ 127.844448901000078, -0.354645104999975, 0.0 ], [ 127.837635803000012, -0.351496708999946, 0.0 ], [ 127.833053674000098, -0.351683784999977, 0.0 ], [ 127.829380976000039, -0.349888369999974, 0.0 ], [ 127.826571306000119, -0.34755458199993, 0.0 ], [ 127.82437539600005, -0.341810469999928, 0.0 ], [ 127.820531415000119, -0.341077657999961, 0.0 ], [ 127.818570588000057, -0.337523423999926, 0.0 ], [ 127.811089428000059, -0.336445541999979, 0.0 ], [ 127.801298483000096, -0.340326603999927, 0.0 ], [ 127.797189379000088, -0.337779255999976, 0.0 ], [ 127.796326328000077, -0.338633534999929, 0.0 ], [ 127.792796140000064, -0.337953057999925, 0.0 ], [ 127.788488914000027, -0.335351428999957, 0.0 ], [ 127.783376405000013, -0.327496211999971, 0.0 ], [ 127.778968882000072, -0.328400311999928, 0.0 ], [ 127.771024297000054, -0.327164430999972, 0.0 ], [ 127.755796659000112, -0.319830959999933, 0.0 ], [ 127.750765216000104, -0.320009727999945, 0.0 ], [ 127.750304258000028, -0.318078192999963, 0.0 ], [ 127.751861048000023, -0.314971010999955, 0.0 ], [ 127.749350463000042, -0.312988016999952, 0.0 ], [ 127.746832908000101, -0.313720031999935, 0.0 ], [ 127.745420981000052, -0.312571127999945, 0.0 ], [ 127.744921871000088, -0.311695158999953, 0.0 ], [ 127.746947061000014, -0.309445454999945, 0.0 ], [ 127.746282647000044, -0.307862025999952, 0.0 ], [ 127.74248354100007, -0.305865049999966, 0.0 ], [ 127.740300986000079, -0.308277127999929, 0.0 ], [ 127.739783251000063, -0.305160204999936, 0.0 ], [ 127.735968319000108, -0.303994771999953, 0.0 ], [ 127.739787168000021, -0.301597517999937, 0.0 ], [ 127.738531941000019, -0.298722934999944, 0.0 ], [ 127.73685029100011, -0.299632525999925, 0.0 ], [ 127.737284161000048, -0.301084690999971, 0.0 ], [ 127.735749408000061, -0.303481997999938, 0.0 ], [ 127.731114218000016, -0.303023951999933, 0.0 ], [ 127.721282594000058, -0.29501427699995, 0.0 ], [ 127.713645223000071, -0.290554923999935, 0.0 ], [ 127.711249689000056, -0.28468900699994, 0.0 ], [ 127.705195895000088, -0.276912955999933, 0.0 ], [ 127.700974072, -0.276740183999948, 0.0 ], [ 127.687218220000091, -0.269932568999934, 0.0 ], [ 127.686892771000089, -0.260667410999929, 0.0 ], [ 127.689449644000092, -0.254188415999977, 0.0 ], [ 127.689390089000085, -0.247608295999953, 0.0 ], [ 127.686181237000028, -0.244642875999943, 0.0 ], [ 127.679952588000106, -0.24251038999995, 0.0 ], [ 127.679199109000024, -0.238246398999934, 0.0 ], [ 127.675115531000074, -0.235122178999973, 0.0 ], [ 127.673295499000119, -0.230790714999955, 0.0 ], [ 127.670797381000057, -0.228838933999953, 0.0 ], [ 127.671807079000018, -0.227015844999926, 0.0 ], [ 127.670966762000035, -0.222521628999971, 0.0 ], [ 127.668217842000104, -0.221900151999932, 0.0 ], [ 127.666683647000013, -0.223277554999925, 0.0 ], [ 127.663453322, -0.221310116999973, 0.0 ], [ 127.661620981000056, -0.216650554999944, 0.0 ], [ 127.661150993000092, -0.208753233999971, 0.0 ], [ 127.667417416000035, -0.20156960099996, 0.0 ], [ 127.666935792000118, -0.198100757999953, 0.0 ], [ 127.669183562000057, -0.193082835999974, 0.0 ], [ 127.668020184000056, -0.187352132999933, 0.0 ], [ 127.675690308000071, -0.174107812999978, 0.0 ], [ 127.676843414000018, -0.162440318999927, 0.0 ], [ 127.681636009000044, -0.157494023999959, 0.0 ], [ 127.680509540000116, -0.152834520999932, 0.0 ], [ 127.686507789000075, -0.139725269999929, 0.0 ], [ 127.687677677000011, -0.133443340999975, 0.0 ], [ 127.685902353000074, -0.125876139999946, 0.0 ], [ 127.68757840100011, -0.122336768999958, 0.0 ], [ 127.68717738600003, -0.120362124999929, 0.0 ], [ 127.689803648000066, -0.116937947999929, 0.0 ], [ 127.689825589000066, -0.113011147999941, 0.0 ], [ 127.690873067000098, -0.112899022999954, 0.0 ], [ 127.689389946000119, -0.108948793999957, 0.0 ], [ 127.695293910000032, -0.105426385999976, 0.0 ], [ 127.699729014000013, -0.100135643999977, 0.0 ], [ 127.699546019000081, -0.095845158999964, 0.0 ], [ 127.696536861000027, -0.087732266999978, 0.0 ], [ 127.698441321000018, -0.076044181999976, 0.0 ], [ 127.697414503000118, -0.072519039999975, 0.0 ], [ 127.69766874100003, -0.061525702999973, 0.0 ], [ 127.696695833000035, -0.060344770999961, 0.0 ], [ 127.69810088700001, -0.047861861999934, 0.0 ], [ 127.697835962000113, -0.040965358999927, 0.0 ], [ 127.695689489000074, -0.035968428999979, 0.0 ], [ 127.694733978000045, -0.02859512699996, 0.0 ], [ 127.700881334000087, -0.017998311999975, 0.0 ], [ 127.700581851000038, -0.011960383999963, 0.0 ], [ 127.697383199000114, -0.003471825999952, 0.0 ], [ 127.697552723000058, 0.006959201000029, 0.0 ], [ 127.758888888000115, -0.01061744499998, 0.0 ], [ 127.796507187000088, -0.024322830999949, 0.0 ], [ 127.799141439000095, 0.131659286000058, 0.0 ], [ 127.796574029000112, 0.13986645600005, 0.0 ], [ 127.788916666000091, 0.151972190000038, 0.0 ], [ 127.791809302000047, 0.149735788000044, 0.0 ], [ 127.796713223000097, 0.149287473000072, 0.0 ], [ 127.798639075000096, 0.147525539000071, 0.0 ], [ 127.800468496, 0.150780908000058, 0.0 ], [ 127.808704984000087, 0.15002258100003, 0.0 ], [ 127.814799817000107, 0.144770892000054, 0.0 ], [ 127.817922392000014, 0.13763444500006, 0.0 ], [ 127.817361102000064, 0.135873993000075, 0.0 ], [ 127.823999620000109, 0.125357391000023, 0.0 ], [ 127.826784076000081, 0.126619670000025, 0.0 ], [ 127.830595508000101, 0.124930493000022, 0.0 ], [ 127.834398459000113, 0.120975174000023, 0.0 ], [ 127.835494878000077, 0.128867997000043, 0.0 ], [ 127.839572821000047, 0.128255747000026, 0.0 ], [ 127.844199514000024, 0.134378975000061, 0.0 ], [ 127.847610025000108, 0.134039734000055, 0.0 ], [ 127.85151325400011, 0.136278329000049, 0.0 ], [ 127.852971357000115, 0.134811282000044, 0.0 ], [ 127.853361124000116, 0.131694444000061, 0.0 ], [ 127.869555556000023, 0.124972222000054, 0.0 ], [ 127.871611111000107, 0.1315, 0.0 ], [ 127.883083320000082, 0.136472223000055, 0.0 ], [ 127.89483334900001, 0.149083361000066, 0.0 ], [ 127.89530555500005, 0.16477777700004, 0.0 ], [ 127.908888877000095, 0.176166667000075, 0.0 ], [ 127.921539972000119, 0.176733475000049, 0.0 ], [ 127.921496441000045, 0.168375508000054, 0.0 ] ] ], [ [ [ 127.41749776100005, 0.374716162000027, 0.0 ], [ 127.420221937000065, 0.373247443000025, 0.0 ], [ 127.419261954000035, 0.371677556000066, 0.0 ], [ 127.424036097000112, 0.363997332000054, 0.0 ], [ 127.436745107000093, 0.351503964000074, 0.0 ], [ 127.439329446000102, 0.342815176000045, 0.0 ], [ 127.442438035, 0.337910277000049, 0.0 ], [ 127.442289725000023, 0.336360862000049, 0.0 ], [ 127.43834468700004, 0.33244189100003, 0.0 ], [ 127.44317688000001, 0.325084545000038, 0.0 ], [ 127.440397242000017, 0.316248404000021, 0.0 ], [ 127.437052532000052, 0.311055356000054, 0.0 ], [ 127.43183595000005, 0.306340624000029, 0.0 ], [ 127.431889744000046, 0.304175084000065, 0.0 ], [ 127.429596408000066, 0.301698131000023, 0.0 ], [ 127.429372001000047, 0.291791628000055, 0.0 ], [ 127.424410795000085, 0.28799824400005, 0.0 ], [ 127.422040454000012, 0.283684786000038, 0.0 ], [ 127.418558393000012, 0.283319397000071, 0.0 ], [ 127.41472000300007, 0.281511070000022, 0.0 ], [ 127.413826530000051, 0.279840739000065, 0.0 ], [ 127.406262273000038, 0.279209193000042, 0.0 ], [ 127.401841644000115, 0.276923431000057, 0.0 ], [ 127.396481834000042, 0.277156003000073, 0.0 ], [ 127.393849695000085, 0.275612271000057, 0.0 ], [ 127.385542396000119, 0.277656998000055, 0.0 ], [ 127.374061212000015, 0.285934510000061, 0.0 ], [ 127.372082048000038, 0.28923031000005, 0.0 ], [ 127.365865958000086, 0.294326058000024, 0.0 ], [ 127.365027794000071, 0.296652924000057, 0.0 ], [ 127.361319768000044, 0.298100008000063, 0.0 ], [ 127.349157634000107, 0.310340200000041, 0.0 ], [ 127.344734121000101, 0.327184583000076, 0.0 ], [ 127.345719090000102, 0.335607291000031, 0.0 ], [ 127.357160838000027, 0.350474389000055, 0.0 ], [ 127.379374487000064, 0.365793540000027, 0.0 ], [ 127.398179334000019, 0.370223676000023, 0.0 ], [ 127.403094107000015, 0.373478826000053, 0.0 ], [ 127.414826002000041, 0.375500530000068, 0.0 ], [ 127.41749776100005, 0.374716162000027, 0.0 ] ] ] ] } },
{ "type": "Feature", "properties": { "OBJECTID": 29, "NAMOBJ": "Halmahera Tengah", "WADMPR": "Maluku Utara", "LUAS_KM": 2275.5948, "COLOR": "#187bd8", "S_DATA": "Badan Informasi Geospasial (BIG)" }, "geometry": { "type": "MultiPolygon", "coordinates": [ [ [ [ 129.508188630000063, -0.180933501999959, 0.0 ], [ 129.507361173000049, -0.179849188999924, 0.0 ], [ 129.50689035500011, -0.178420175999975, 0.0 ], [ 129.508630838000045, -0.179554730999939, 0.0 ], [ 129.508188630000063, -0.180933501999959, 0.0 ] ] ], [ [ [ 129.414656094000065, -0.078463109999973, 0.0 ], [ 129.417577271000027, -0.07929076299996, 0.0 ], [ 129.414480169000058, -0.080804159999957, 0.0 ], [ 129.411950304000015, -0.080392467999957, 0.0 ], [ 129.414656094000065, -0.078463109999973, 0.0 ] ] ], [ [ [ 129.423750211000083, -0.085908502999928, 0.0 ], [ 129.426403730000061, -0.087967060999972, 0.0 ], [ 129.424767977000101, -0.095933335999973, 0.0 ], [ 129.420973196000091, -0.096479148999947, 0.0 ], [ 129.423170219000099, -0.099696263999931, 0.0 ], [ 129.421924342000011, -0.102089987999932, 0.0 ], [ 129.425956898000095, -0.10201333599997, 0.0 ], [ 129.429894255000022, -0.095004513999925, 0.0 ], [ 129.429409174000057, -0.092275695999945, 0.0 ], [ 129.42663200800007, -0.089709675999927, 0.0 ], [ 129.427402358000109, -0.087995773999978, 0.0 ], [ 129.431634670000108, -0.090925618999961, 0.0 ], [ 129.434906475000048, -0.099930692999976, 0.0 ], [ 129.433109734000027, -0.104156664999948, 0.0 ], [ 129.434063416000072, -0.115884740999945, 0.0 ], [ 129.432018639000034, -0.117967295999961, 0.0 ], [ 129.422947617000091, -0.107770241999958, 0.0 ], [ 129.415731264000101, -0.102587960999927, 0.0 ], [ 129.415223984000022, -0.09951204999993, 0.0 ], [ 129.411003500000106, -0.092420733999973, 0.0 ], [ 129.412318223000057, -0.085290913999927, 0.0 ], [ 129.418471704000012, -0.081877555999938, 0.0 ], [ 129.420478437000043, -0.078516767999929, 0.0 ], [ 129.423750211000083, -0.085908502999928, 0.0 ] ] ], [ [ [ 129.639112243000113, -0.074976171999936, 0.0 ], [ 129.63894106500004, -0.075529100999972, 0.0 ], [ 129.637757016000023, -0.075371139999959, 0.0 ], [ 129.637985262000029, -0.075040815999955, 0.0 ], [ 129.639112243000113, -0.074976171999936, 0.0 ] ] ], [ [ [ 129.635638570000083, -0.075213191999978, 0.0 ], [ 129.635217735000083, -0.075220378999973, 0.0 ], [ 129.635396049000065, -0.074811066999928, 0.0 ], [ 129.635467378000044, -0.074918777999926, 0.0 ], [ 129.635638570000083, -0.075213191999978, 0.0 ] ] ], [ [ [ 129.634040820000109, -0.075148587999934, 0.0 ], [ 129.633883898000022, -0.075141407999979, 0.0 ], [ 129.633669907000012, -0.074710558999925, 0.0 ], [ 129.634033684000087, -0.074933160999933, 0.0 ], [ 129.634040820000109, -0.075148587999934, 0.0 ] ] ], [ [ [ 129.633056496000108, -0.075407112999926, 0.0 ], [ 129.63235748000011, -0.075399942999979, 0.0 ], [ 129.6321434890001, -0.074961911999935, 0.0 ], [ 129.632856766000032, -0.074696208999967, 0.0 ], [ 129.633056496000108, -0.075407112999926, 0.0 ] ] ], [ [ [ 129.62312758500002, -0.073564161999968, 0.0 ], [ 129.622920732000011, -0.073506717999976, 0.0 ], [ 129.623099049000075, -0.073255383999935, 0.0 ], [ 129.62314898000011, -0.073370276999924, 0.0 ], [ 129.62312758500002, -0.073564161999968, 0.0 ] ] ], [ [ [ 129.6229349890001, -0.072925064999936, 0.0 ], [ 129.622842265000031, -0.073083045999965, 0.0 ], [ 129.622606880000035, -0.072975335999956, 0.0 ], [ 129.622842258000105, -0.072616287999949, 0.0 ], [ 129.6229349890001, -0.072925064999936, 0.0 ] ] ], [ [ [ 129.64545066300002, -0.054240145999927, 0.0 ], [ 129.645184371000028, -0.054134829999953, 0.0 ], [ 129.645393595000087, -0.053684826999927, 0.0 ], [ 129.645536254000035, -0.053895463999936, 0.0 ], [ 129.64545066300002, -0.054240145999927, 0.0 ] ] ], [ [ [ 129.643738787000075, -0.053665695999939, 0.0 ], [ 129.643624659000011, -0.053340163999962, 0.0 ], [ 129.644566182000062, -0.052803982999933, 0.0 ], [ 129.64460422600007, -0.05306249399996, 0.0 ], [ 129.643738787000075, -0.053665695999939, 0.0 ] ] ], [ [ [ 129.644062122000037, -0.051856113999975, 0.0 ], [ 129.643481989000065, -0.052018886999974, 0.0 ], [ 129.643139630000064, -0.053445488999955, 0.0 ], [ 129.643035003000023, -0.052229529999977, 0.0 ], [ 129.643805332000056, -0.051003987999934, 0.0 ], [ 129.644062122000037, -0.051856113999975, 0.0 ] ] ], [ [ [ 129.639111958000058, -0.051683823999952, 0.0 ], [ 129.638569863000043, -0.051425317999929, 0.0 ], [ 129.639967883000054, -0.050506152999958, 0.0 ], [ 129.639701602000059, -0.051588072999948, 0.0 ], [ 129.639111958000058, -0.051683823999952, 0.0 ] ] ], [ [ [ 129.643329810000068, -0.050716758999954, 0.0 ], [ 129.642407325000022, -0.053005069999926, 0.0 ], [ 129.640800060000061, -0.052200829999947, 0.0 ], [ 129.6406003190001, -0.049960400999964, 0.0 ], [ 129.642464366000013, -0.050822085999926, 0.0 ], [ 129.642255123000041, -0.049443362999966, 0.0 ], [ 129.643329810000068, -0.050716758999954, 0.0 ] ] ], [ [ [ 129.630428875, -0.043002225999942, 0.0 ], [ 129.630067478000115, -0.042772439999965, 0.0 ], [ 129.630913903000078, -0.042571368999972, 0.0 ], [ 129.630894884000099, -0.042714985999964, 0.0 ], [ 129.630428875, -0.043002225999942, 0.0 ] ] ], [ [ [ 129.63060955900005, -0.041202215999931, 0.0 ], [ 129.629192523000029, -0.043260746999977, 0.0 ], [ 129.627242889000058, -0.04349055199998, 0.0 ], [ 129.627128746000039, -0.04119266899994, 0.0 ], [ 129.63060955900005, -0.041202215999931, 0.0 ] ] ], [ [ [ 129.628257143000042, -0.030574413999943, 0.0 ], [ 129.649608102000116, -0.045666049999966, 0.0 ], [ 129.655052866000119, -0.053146048999963, 0.0 ], [ 129.656729125000084, -0.058220494999944, 0.0 ], [ 129.656550873000015, -0.063761714999941, 0.0 ], [ 129.655224224000108, -0.067471836999971, 0.0 ], [ 129.650820970000041, -0.071234662999927, 0.0 ], [ 129.642537406000088, -0.07023903399994, 0.0 ], [ 129.640587745000062, -0.068056076999937, 0.0 ], [ 129.64201429700006, -0.067443290999961, 0.0 ], [ 129.642071379000072, -0.068917760999966, 0.0 ], [ 129.644829387000073, -0.068448573999945, 0.0 ], [ 129.646902669000042, -0.069635780999931, 0.0 ], [ 129.643390924000073, -0.067194335999943, 0.0 ], [ 129.646112856000059, -0.065575812999953, 0.0 ], [ 129.646207976000028, -0.066814509999972, 0.0 ], [ 129.647373013000106, -0.067855718999965, 0.0 ], [ 129.648977879000086, -0.066940138999939, 0.0 ], [ 129.648977838000064, -0.063780561999977, 0.0 ], [ 129.647551324000119, -0.067191487999935, 0.0 ], [ 129.645922642000073, -0.065037250999978, 0.0 ], [ 129.647622696000099, -0.063198307999926, 0.0 ], [ 129.646276922000084, -0.058640871999955, 0.0 ], [ 129.64715190000004, -0.06056054499993, 0.0 ], [ 129.650693323000041, -0.06172799899997, 0.0 ], [ 129.652272039000081, -0.061115213999926, 0.0 ], [ 129.648929830000043, -0.060028102999979, 0.0 ], [ 129.648516106000102, -0.058110818999978, 0.0 ], [ 129.650149515000066, -0.058125161999953, 0.0 ], [ 129.647752875000037, -0.05602837899994, 0.0 ], [ 129.649914093, -0.054549098999928, 0.0 ], [ 129.648758583000017, -0.054628100999935, 0.0 ], [ 129.649443314000109, -0.053077028999951, 0.0 ], [ 129.645070332000046, -0.05345867799997, 0.0 ], [ 129.647081771000103, -0.052577804999942, 0.0 ], [ 129.646411278000073, -0.05159163999997, 0.0 ], [ 129.647690434000083, -0.052410244999976, 0.0 ], [ 129.648879796000074, -0.050305224999931, 0.0 ], [ 129.642610053000112, -0.048366452999971, 0.0 ], [ 129.64400093200004, -0.046599947999937, 0.0 ], [ 129.64160430700008, -0.045982414999969, 0.0 ], [ 129.639935256000058, -0.048553181999978, 0.0 ], [ 129.63915063200011, -0.046851322999942, 0.0 ], [ 129.637895293000042, -0.050520759999927, 0.0 ], [ 129.633751130000064, -0.050183298999968, 0.0 ], [ 129.632995035000022, -0.048388086999978, 0.0 ], [ 129.631276026000023, -0.048143952999965, 0.0 ], [ 129.632559929000081, -0.047914152999965, 0.0 ], [ 129.631040631000019, -0.046894481999971, 0.0 ], [ 129.632246070000065, -0.046212287999936, 0.0 ], [ 129.629906503000029, -0.045601933999933, 0.0 ], [ 129.632937938000055, -0.044445784999937, 0.0 ], [ 129.630198937000046, -0.04430937199993, 0.0 ], [ 129.631903662000013, -0.04221972199997, 0.0 ], [ 129.630833722000034, -0.039871581999932, 0.0 ], [ 129.628158908000046, -0.038643670999932, 0.0 ], [ 129.62528025600011, -0.03124096199997, 0.0 ], [ 129.624272008000048, -0.033039370999973, 0.0 ], [ 129.626124348000076, -0.037739660999932, 0.0 ], [ 129.624637256000028, -0.037678577999941, 0.0 ], [ 129.624984410000025, -0.035938476999945, 0.0 ], [ 129.622440379000068, -0.037221479999971, 0.0 ], [ 129.619336264000026, -0.035645280999972, 0.0 ], [ 129.617706028000043, -0.036564378999969, 0.0 ], [ 129.615509117000101, -0.036621841999931, 0.0 ], [ 129.61801511300007, -0.035908521999943, 0.0 ], [ 129.615864950000059, -0.03508280099993, 0.0 ], [ 129.614545387000021, -0.036614734999944, 0.0 ], [ 129.616233502000114, -0.038338139999951, 0.0 ], [ 129.61540135000007, -0.039917944999956, 0.0 ], [ 129.61828937100006, -0.042403105999938, 0.0 ], [ 129.616705290000027, -0.042627521999975, 0.0 ], [ 129.618920261000085, -0.045878062999975, 0.0 ], [ 129.626278976000094, -0.04800832899997, 0.0 ], [ 129.626683211000113, -0.052364729999965, 0.0 ], [ 129.628513961000067, -0.051766303999955, 0.0 ], [ 129.631093693000025, -0.054806184999961, 0.0 ], [ 129.634957312000097, -0.056038860999934, 0.0 ], [ 129.631966289000047, -0.056399925999926, 0.0 ], [ 129.631401630000028, -0.05841656299998, 0.0 ], [ 129.619139114000063, -0.057710578999945, 0.0 ], [ 129.625855947000105, -0.06540003899994, 0.0 ], [ 129.616517875000113, -0.064460653999959, 0.0 ], [ 129.61320111100008, -0.064819739999962, 0.0 ], [ 129.62359139900002, -0.067341800999941, 0.0 ], [ 129.625199880000082, -0.069575035999947, 0.0 ], [ 129.626940278, -0.068842562999976, 0.0 ], [ 129.625898877000054, -0.068067040999949, 0.0 ], [ 129.628366823000079, -0.067313014999968, 0.0 ], [ 129.629169033000039, -0.069801292999955, 0.0 ], [ 129.625602908000019, -0.071341529999927, 0.0 ], [ 129.61997150000002, -0.068225096999925, 0.0 ], [ 129.614486349000117, -0.068038464999972, 0.0 ], [ 129.612289479000083, -0.065936470999929, 0.0 ], [ 129.607770041000094, -0.064711984999974, 0.0 ], [ 129.597273953000013, -0.056016007999972, 0.0 ], [ 129.596271760000036, -0.053348602999961, 0.0 ], [ 129.587722362000022, -0.04517818599993, 0.0 ], [ 129.584136809000029, -0.030921647999946, 0.0 ], [ 129.583716586000037, -0.010407780999969, 0.0 ], [ 129.591812381000068, -0.002602090999972, 0.0 ], [ 129.595186224000031, -0.001876814999946, 0.0 ], [ 129.601982883000119, -0.004365161999942, 0.0 ], [ 129.608880322000118, -0.009935026999926, 0.0 ], [ 129.628257143000042, -0.030574413999943, 0.0 ] ] ], [ [ [ 129.627972340000042, 0.006839194000065, 0.0 ], [ 129.626659903000018, 0.007241325000052, 0.0 ], [ 129.624163443000043, 0.018328624000048, 0.0 ], [ 129.624819677000119, 0.022077046000049, 0.0 ], [ 129.628115044000083, 0.023513209000043, 0.0 ], [ 129.635133707000023, 0.018026988000031, 0.0 ], [ 129.637715763000074, 0.011765259000072, 0.0 ], [ 129.637116605000074, 0.010070574000054, 0.0 ], [ 129.627972340000042, 0.006839194000065, 0.0 ] ] ], [ [ [ 129.286212841000065, 0.050345674000027, 0.0 ], [ 129.293783484000073, 0.04734867600007, 0.0 ], [ 129.314441938000073, 0.034936780000066, 0.0 ], [ 129.332560072000092, 0.028330015000051, 0.0 ], [ 129.36357956400002, 0.007368074000055, 0.0 ], [ 129.400934350000057, -0.013634405999937, 0.0 ], [ 129.412318749000065, -0.025124198999947, 0.0 ], [ 129.433275798000068, -0.053704959999948, 0.0 ], [ 129.458170178000046, -0.066027524999924, 0.0 ], [ 129.465916725000056, -0.075161786999956, 0.0 ], [ 129.468998272000022, -0.082831143999954, 0.0 ], [ 129.472579093000036, -0.08692431299994, 0.0 ], [ 129.492266277000112, -0.094880665999938, 0.0 ], [ 129.506717810000055, -0.102291285999968, 0.0 ], [ 129.51104048000002, -0.107705714999952, 0.0 ], [ 129.530199826000057, -0.119367344999944, 0.0 ], [ 129.53185466900004, -0.119252416999927, 0.0 ], [ 129.534893382000064, -0.123187547999976, 0.0 ], [ 129.545578054000089, -0.12932774199993, 0.0 ], [ 129.549559018000082, -0.13753485899997, 0.0 ], [ 129.556349787000045, -0.146654542999954, 0.0 ], [ 129.569631995, -0.172405135999952, 0.0 ], [ 129.573013279000065, -0.181539210999972, 0.0 ], [ 129.574796860000106, -0.192339310999955, 0.0 ], [ 129.574468987000046, -0.199419743999954, 0.0 ], [ 129.572086605000095, -0.19989377099995, 0.0 ], [ 129.56335902, -0.196890437999969, 0.0 ], [ 129.561300341000106, -0.197696767999958, 0.0 ], [ 129.559196238000027, -0.201113785999951, 0.0 ], [ 129.560117153000078, -0.20603331999996, 0.0 ], [ 129.563160671000105, -0.209647632999975, 0.0 ], [ 129.563031170000045, -0.211909642999956, 0.0 ], [ 129.561980258000062, -0.212153834999924, 0.0 ], [ 129.546825451000018, -0.19915599199993, 0.0 ], [ 129.549750338000081, -0.210118865999959, 0.0 ], [ 129.545993794000083, -0.214415624999958, 0.0 ], [ 129.536994318000097, -0.213255016999938, 0.0 ], [ 129.531228272000021, -0.206780342999934, 0.0 ], [ 129.522609853000063, -0.201033741999936, 0.0 ], [ 129.519527475000018, -0.196787143999927, 0.0 ], [ 129.519408273000067, -0.186195140999928, 0.0 ], [ 129.512453538000045, -0.183825605999971, 0.0 ], [ 129.507305670000051, -0.17577102599995, 0.0 ], [ 129.508886715000017, -0.171941097999934, 0.0 ], [ 129.512648094000042, -0.168719107999948, 0.0 ], [ 129.512001288000079, -0.165578620999952, 0.0 ], [ 129.515805489000059, -0.16331889199995, 0.0 ], [ 129.515824480000106, -0.16213162899993, 0.0 ], [ 129.51009905, -0.161327498999924, 0.0 ], [ 129.503955100000098, -0.158608432999927, 0.0 ], [ 129.498412656000028, -0.154155242999934, 0.0 ], [ 129.498512455000082, -0.151397718999931, 0.0 ], [ 129.489001466000104, -0.147772460999931, 0.0 ], [ 129.484759573000019, -0.141683015999945, 0.0 ], [ 129.479471606000061, -0.140361809999945, 0.0 ], [ 129.47589564000009, -0.142947068999945, 0.0 ], [ 129.46940927300011, -0.139366239999958, 0.0 ], [ 129.473555720000036, -0.128048785999965, 0.0 ], [ 129.477550139000073, -0.124237957999981, 0.0 ], [ 129.479040893000047, -0.12661105199993, 0.0 ], [ 129.479509348000079, -0.124716659999933, 0.0 ], [ 129.478155493000031, -0.118334433999962, 0.0 ], [ 129.476324676000104, -0.117017929999975, 0.0 ], [ 129.475058143000069, -0.112671691999935, 0.0 ], [ 129.470473889000118, -0.106007728999941, 0.0 ], [ 129.469123371000023, -0.106026898999971, 0.0 ], [ 129.46796302700011, -0.103307681999979, 0.0 ], [ 129.46065873100008, -0.097428873999945, 0.0 ], [ 129.460791812000025, -0.092181891999928, 0.0 ], [ 129.458585328000026, -0.092047873999945, 0.0 ], [ 129.456800887000099, -0.089190979999955, 0.0 ], [ 129.454173590000096, -0.091967701999977, 0.0 ], [ 129.4390752810001, -0.087862691999931, 0.0 ], [ 129.432833824000113, -0.084140554999976, 0.0 ], [ 129.426173239000036, -0.075364041999933, 0.0 ], [ 129.419988419000106, -0.074453799999958, 0.0 ], [ 129.414049982000051, -0.071178819999943, 0.0 ], [ 129.401967754000111, -0.07039427999996, 0.0 ], [ 129.401175998000099, -0.072096216999967, 0.0 ], [ 129.397988691000023, -0.071741484999961, 0.0 ], [ 129.391925596000078, -0.074398562999932, 0.0 ], [ 129.382355351000115, -0.072112645999937, 0.0 ], [ 129.381525502000045, -0.068014604999973, 0.0 ], [ 129.383075729000097, -0.06402186899993, 0.0 ], [ 129.384559414000023, -0.06430910399996, 0.0 ], [ 129.385177599000031, -0.062221775999944, 0.0 ], [ 129.386414011000056, -0.063543099999947, 0.0 ], [ 129.387954742000034, -0.061494064999977, 0.0 ], [ 129.386670758000037, -0.057405603999939, 0.0 ], [ 129.385149033000062, -0.057396038999968, 0.0 ], [ 129.381886799000085, -0.051766032999979, 0.0 ], [ 129.384597315000065, -0.041180990999976, 0.0 ], [ 129.381204798000113, -0.036492188999944, 0.0 ], [ 129.380795816000045, -0.031714325999928, 0.0 ], [ 129.381727868000098, -0.030594061999977, 0.0 ], [ 129.372274112000014, -0.018711657999972, 0.0 ], [ 129.365587412000082, -0.006240767999941, 0.0 ], [ 129.361995101000048, -0.002690077999944, 0.0 ], [ 129.358190779000097, -0.001837912999974, 0.0 ], [ 129.353815808000036, 0.002882517000046, 0.0 ], [ 129.346501993000061, 0.006358213000055, 0.0 ], [ 129.345598467000059, 0.008742369000061, 0.0 ], [ 129.339701764000097, 0.014334129000019, 0.0 ], [ 129.325492599000086, 0.024282510000035, 0.0 ], [ 129.30533911800012, 0.027911465000045, 0.0 ], [ 129.29852935100007, 0.031473369000025, 0.0 ], [ 129.29490571000008, 0.03129145500003, 0.0 ], [ 129.290302442000097, 0.028639201000033, 0.0 ], [ 129.288076900000078, 0.029721179000035, 0.0 ], [ 129.284072841000011, 0.036500271000023, 0.0 ], [ 129.280439694000052, 0.03929617600005, 0.0 ], [ 129.279060628000025, 0.042714448000027, 0.0 ], [ 129.279174775000115, 0.046984888000054, 0.0 ], [ 129.280582394000021, 0.049139252000032, 0.0 ], [ 129.284177506000105, 0.04890943700002, 0.0 ], [ 129.284624525000027, 0.050498881000067, 0.0 ], [ 129.286212841000065, 0.050345674000027, 0.0 ] ] ], [ [ [ 128.981991286000039, 0.165993182000022, 0.0 ], [ 128.982947449000108, 0.165608141000064, 0.0 ], [ 128.983473339000057, 0.164377386000069, 0.0 ], [ 128.982257646000107, 0.165168094000023, 0.0 ], [ 128.981991286000039, 0.165993182000022, 0.0 ] ] ], [ [ [ 128.93997317700007, 0.192711384000063, 0.0 ], [ 128.944757234, 0.191811342000051, 0.0 ], [ 128.95695992200001, 0.183643826000036, 0.0 ], [ 128.962067354000055, 0.182178849000024, 0.0 ], [ 128.967241369000021, 0.176194428000031, 0.0 ], [ 128.979244309000023, 0.167088533000026, 0.0 ], [ 128.977608412000109, 0.165441616000066, 0.0 ], [ 128.970960197000068, 0.168304560000024, 0.0 ], [ 128.964530726000021, 0.174873060000039, 0.0 ], [ 128.956484392000107, 0.174308114000041, 0.0 ], [ 128.96345597800007, 0.17571566700002, 0.0 ], [ 128.961230392000061, 0.177726430000064, 0.0 ], [ 128.957853973000056, 0.177975375000074, 0.0 ], [ 128.956883852000033, 0.175792253000054, 0.0 ], [ 128.949484255000016, 0.179995698000027, 0.0 ], [ 128.940886249000073, 0.189187756000024, 0.0 ], [ 128.939031584000077, 0.192692230000034, 0.0 ], [ 128.93997317700007, 0.192711384000063, 0.0 ] ] ], [ [ [ 128.92455497200001, 0.198596529000042, 0.0 ], [ 128.924753288000034, 0.198569909000071, 0.0 ], [ 128.924832614000024, 0.198503360000075, 0.0 ], [ 128.924673962000043, 0.198463429000071, 0.0 ], [ 128.92455497200001, 0.198596529000042, 0.0 ] ] ], [ [ [ 128.924601245000076, 0.198869385000023, 0.0 ], [ 128.924812781000014, 0.198856076000027, 0.0 ], [ 128.924859054000081, 0.19880949100002, 0.0 ], [ 128.92466735000005, 0.19872297400002, 0.0 ], [ 128.924601245000076, 0.198869385000023, 0.0 ] ] ], [ [ [ 129.873100947000012, 0.288304659000062, 0.0 ], [ 129.872255161000112, 0.287393563000023, 0.0 ], [ 129.871497169, 0.287633234000054, 0.0 ], [ 129.872104875000105, 0.288219611000045, 0.0 ], [ 129.873100947000012, 0.288304659000062, 0.0 ] ] ], [ [ [ 127.874471828000082, 0.30380862800007, 0.0 ], [ 127.874780886000053, 0.303760794000027, 0.0 ], [ 127.874609787000054, 0.303095437000025, 0.0 ], [ 127.874257900000089, 0.303516622000075, 0.0 ], [ 127.874471828000082, 0.30380862800007, 0.0 ] ] ], [ [ [ 127.874623975000077, 0.303823004000037, 0.0 ], [ 127.874481332000073, 0.303861282000071, 0.0 ], [ 127.874509816000113, 0.304282507000039, 0.0 ], [ 127.874847420000037, 0.304052785000067, 0.0 ], [ 127.874623975000077, 0.303823004000037, 0.0 ] ] ], [ [ [ 127.874238770000034, 0.304593609000051, 0.0 ], [ 127.874015289000113, 0.304718037000043, 0.0 ], [ 127.87411510000004, 0.305067471000029, 0.0 ], [ 127.874305314000026, 0.304794653000044, 0.0 ], [ 127.874238770000034, 0.304593609000051, 0.0 ] ] ], [ [ [ 127.873273515000051, 0.305201407000027, 0.0 ], [ 127.873164150000093, 0.305277981000074, 0.0 ], [ 127.8731784040001, 0.305378502000053, 0.0 ], [ 127.873335312000108, 0.305335439000032, 0.0 ], [ 127.873273515000051, 0.305201407000027, 0.0 ] ] ], [ [ [ 128.743804954000097, 0.323619681000025, 0.0 ], [ 128.743476833000045, 0.323188798000047, 0.0 ], [ 128.743272342000068, 0.323327631000041, 0.0 ], [ 128.743419756000094, 0.323619671000074, 0.0 ], [ 128.743804954000097, 0.323619681000025, 0.0 ] ] ], [ [ [ 128.744042729000057, 0.323629263000043, 0.0 ], [ 128.743895308000106, 0.323629259000029, 0.0 ], [ 128.743895307000116, 0.323701071000073, 0.0 ], [ 128.743999927000118, 0.323758524000027, 0.0 ], [ 128.744042729000057, 0.323629263000043, 0.0 ] ] ], [ [ [ 129.861968697000066, 0.323987996000028, 0.0 ], [ 129.875595906000058, 0.323528491000047, 0.0 ], [ 129.904499763000103, 0.31943467900004, 0.0 ], [ 129.913630201000046, 0.310532306000027, 0.0 ], [ 129.916731896000101, 0.295821665000062, 0.0 ], [ 129.92291164400001, 0.285903018000056, 0.0 ], [ 129.923258739000062, 0.281653516000063, 0.0 ], [ 129.914237427000103, 0.280614305000029, 0.0 ], [ 129.909106934000079, 0.277760271000034, 0.0 ], [ 129.901446013000054, 0.276348382000037, 0.0 ], [ 129.897502200000076, 0.273219242000039, 0.0 ], [ 129.888760003000016, 0.273382176000041, 0.0 ], [ 129.8817022610001, 0.277234016000023, 0.0 ], [ 129.878205655000102, 0.282273143000054, 0.0 ], [ 129.879132655000035, 0.288877307000064, 0.0 ], [ 129.874752904000047, 0.300623271000063, 0.0 ], [ 129.866832555000087, 0.310169629000029, 0.0 ], [ 129.858736545000056, 0.312398883000071, 0.0 ], [ 129.858786886000075, 0.316601413000058, 0.0 ], [ 129.851630425000053, 0.321929304000037, 0.0 ], [ 129.854809691000014, 0.323617383000055, 0.0 ], [ 129.861968697000066, 0.323987996000028, 0.0 ] ] ], [ [ [ 127.886068258000023, 0.333419774000049, 0.0 ], [ 127.887882817000104, 0.331818458000043, 0.0 ], [ 127.8882687790001, 0.329774649000058, 0.0 ], [ 127.884548402000064, 0.33111406300003, 0.0 ], [ 127.884966330000111, 0.333290116000057, 0.0 ], [ 127.886068258000023, 0.333419774000049, 0.0 ] ] ], [ [ [ 127.880973078000011, 0.338777704000051, 0.0 ], [ 127.880184047000057, 0.336652351000055, 0.0 ], [ 127.87712190600007, 0.337858225000048, 0.0 ], [ 127.877235894000023, 0.338940014000059, 0.0 ], [ 127.877796977000116, 0.338652882000019, 0.0 ], [ 127.878443588000096, 0.338853995000022, 0.0 ], [ 127.879261184000029, 0.340634714000032, 0.0 ], [ 127.88058301, 0.340385964000063, 0.0 ], [ 127.880973078000011, 0.338777704000051, 0.0 ] ] ], [ [ [ 127.889012533000027, 0.344403004000071, 0.0 ], [ 127.888692744000082, 0.346000508000031, 0.0 ], [ 127.889534449000053, 0.346250809000026, 0.0 ], [ 127.889483074000054, 0.344528793000052, 0.0 ], [ 127.889012533000027, 0.344403004000071, 0.0 ] ] ], [ [ [ 129.872380470000053, 0.347403338000049, 0.0 ], [ 129.874954597000055, 0.343292936000068, 0.0 ], [ 129.872076384000025, 0.341024373000039, 0.0 ], [ 129.861432164, 0.340835320000053, 0.0 ], [ 129.857308443000079, 0.343995714000073, 0.0 ], [ 129.857508258000053, 0.345554272000072, 0.0 ], [ 129.861478079000108, 0.347125602000062, 0.0 ], [ 129.872380470000053, 0.347403338000049, 0.0 ] ] ], [ [ [ 127.90258170900006, 0.351032687000043, 0.0 ], [ 127.902861756000107, 0.350468634000038, 0.0 ], [ 127.902223589000073, 0.349984980000045, 0.0 ], [ 127.901680081000109, 0.350673922000055, 0.0 ], [ 127.90258170900006, 0.351032687000043, 0.0 ] ] ], [ [ [ 127.903794098000049, 0.351589440000055, 0.0 ], [ 127.903774941000052, 0.352766956000039, 0.0 ], [ 127.904583207000087, 0.353063825000049, 0.0 ], [ 127.904516736000119, 0.352250084000048, 0.0 ], [ 127.903794098000049, 0.351589440000055, 0.0 ] ] ], [ [ [ 127.885602385000084, 0.353683817000046, 0.0 ], [ 127.885545305000051, 0.353894422000053, 0.0 ], [ 127.885649888000103, 0.354057179000051, 0.0 ], [ 127.88580206600011, 0.353827439000042, 0.0 ], [ 127.885602385000084, 0.353683817000046, 0.0 ] ] ], [ [ [ 127.894669158000056, 0.355303812000045, 0.0 ], [ 127.898329842000066, 0.350671355000031, 0.0 ], [ 127.900136540000062, 0.350372701000026, 0.0 ], [ 127.901106, 0.346910508000065, 0.0 ], [ 127.898957920000043, 0.345164270000055, 0.0 ], [ 127.899270717000036, 0.340253072000053, 0.0 ], [ 127.897749755000063, 0.337358026000061, 0.0 ], [ 127.893835810000041, 0.336403628000028, 0.0 ], [ 127.893102420000105, 0.33893577200007, 0.0 ], [ 127.895523985000068, 0.34557454000003, 0.0 ], [ 127.893962117000115, 0.350689109000029, 0.0 ], [ 127.894968837000079, 0.354366542000037, 0.0 ], [ 127.893169565000107, 0.35570417200006, 0.0 ], [ 127.894669158000056, 0.355303812000045, 0.0 ] ] ], [ [ [ 127.905562115000066, 0.357841034000046, 0.0 ], [ 127.90518169500001, 0.358204774000058, 0.0 ], [ 127.906113561000097, 0.358702699000048, 0.0 ], [ 127.906142142000022, 0.35825275600007, 0.0 ], [ 127.905562115000066, 0.357841034000046, 0.0 ] ] ], [ [ [ 127.904519604000029, 0.359055862000048, 0.0 ], [ 127.902697667000098, 0.359009600000036, 0.0 ], [ 127.902279857000053, 0.359720717000073, 0.0 ], [ 127.902813649000109, 0.359910197000033, 0.0 ], [ 127.904519604000029, 0.359055862000048, 0.0 ] ] ], [ [ [ 127.902380054000105, 0.360376448000068, 0.0 ], [ 127.90209398200011, 0.360222546000045, 0.0 ], [ 127.900728223000101, 0.36021604900003, 0.0 ], [ 127.901897866000013, 0.361450740000066, 0.0 ], [ 127.902380054000105, 0.360376448000068, 0.0 ] ] ], [ [ [ 127.899604219000025, 0.363514311000074, 0.0 ], [ 127.899081055000011, 0.363863588000072, 0.0 ], [ 127.899713209000083, 0.364263484000048, 0.0 ], [ 127.89975172700008, 0.363765435000062, 0.0 ], [ 127.899604219000025, 0.363514311000074, 0.0 ] ] ], [ [ [ 127.905888502000039, 0.371821727000054, 0.0 ], [ 127.905786277000061, 0.371814534000066, 0.0 ], [ 127.905743471000051, 0.371919835000028, 0.0 ], [ 127.905831430000035, 0.371946172000037, 0.0 ], [ 127.905888502000039, 0.371821727000054, 0.0 ] ] ], [ [ [ 127.901971385000024, 0.378113446000043, 0.0 ], [ 127.901829158000055, 0.378746079000052, 0.0 ], [ 127.902948792000075, 0.378922793000072, 0.0 ], [ 127.902794210000025, 0.378484332000028, 0.0 ], [ 127.901971385000024, 0.378113446000043, 0.0 ] ] ], [ [ [ 127.905801024000084, 0.380655507000029, 0.0 ], [ 127.905601327000113, 0.38064590800002, 0.0 ], [ 127.905648837000058, 0.380942687000072, 0.0 ], [ 127.905858051000109, 0.380894848000025, 0.0 ], [ 127.905801024000084, 0.380655507000029, 0.0 ] ] ], [ [ [ 127.904907004000052, 0.38169649200006, 0.0 ], [ 127.904835789000117, 0.380856423000068, 0.0 ], [ 127.904122587000074, 0.380806072000041, 0.0 ], [ 127.903972701000043, 0.381689192000067, 0.0 ], [ 127.904907004000052, 0.38169649200006, 0.0 ] ] ], [ [ [ 127.905131864000055, 0.385255837000045, 0.0 ], [ 127.904814138, 0.382866819000071, 0.0 ], [ 127.903301729000077, 0.381807402000049, 0.0 ], [ 127.903428087000066, 0.385144356000069, 0.0 ], [ 127.905131864000055, 0.385255837000045, 0.0 ] ] ], [ [ [ 127.908291776000056, 0.386390255000038, 0.0 ], [ 127.908843337, 0.386304166000059, 0.0 ], [ 127.908643737000034, 0.385528700000066, 0.0 ], [ 127.908063598000012, 0.385997718000056, 0.0 ], [ 127.908291776000056, 0.386390255000038, 0.0 ] ] ], [ [ [ 127.905268844000034, 0.386319985000057, 0.0 ], [ 127.904490032000012, 0.386762759000021, 0.0 ], [ 127.905273273000034, 0.388217673000042, 0.0 ], [ 127.906110158000047, 0.387566586000048, 0.0 ], [ 127.905268844000034, 0.386319985000057, 0.0 ] ] ], [ [ [ 127.905364106000093, 0.389673763000076, 0.0 ], [ 127.905122248000112, 0.390171603000056, 0.0 ], [ 127.905557194000039, 0.391117202000032, 0.0 ], [ 127.905859300000088, 0.390269031000059, 0.0 ], [ 127.905364106000093, 0.389673763000076, 0.0 ] ] ], [ [ [ 128.303718311000011, 0.392950908000046, 0.0 ], [ 128.30323325300003, 0.393209376000073, 0.0 ], [ 128.303223725000066, 0.393429586000025, 0.0 ], [ 128.303680242000041, 0.393286008000075, 0.0 ], [ 128.303718311000011, 0.392950908000046, 0.0 ] ] ], [ [ [ 127.912657578000108, 0.397440861000064, 0.0 ], [ 127.913095148000025, 0.396426143000042, 0.0 ], [ 127.911868420000019, 0.396445128000039, 0.0 ], [ 127.912201133000053, 0.39736421300006, 0.0 ], [ 127.912657578000108, 0.397440861000064, 0.0 ] ] ], [ [ [ 128.295910195000033, 0.392883229000063, 0.0 ], [ 128.292828633000113, 0.39482656000007, 0.0 ], [ 128.295500823000111, 0.397881010000049, 0.0 ], [ 128.297051318000058, 0.394520542000066, 0.0 ], [ 128.295910195000033, 0.392883229000063, 0.0 ] ] ], [ [ [ 127.91165916500006, 0.39679931400002, 0.0 ], [ 127.911430699000107, 0.39861822000006, 0.0 ], [ 127.912467194000101, 0.39892470500007, 0.0 ], [ 127.912828655000112, 0.398158885000043, 0.0 ], [ 127.91165916500006, 0.39679931400002, 0.0 ] ] ], [ [ [ 128.166816139000048, 0.445310082000049, 0.0 ], [ 128.170506316000115, 0.445046398000045, 0.0 ], [ 128.172365941000066, 0.440667466000036, 0.0 ], [ 128.169851221000044, 0.440254282000069, 0.0 ], [ 128.170397822000041, 0.442007271000023, 0.0 ], [ 128.168698887000119, 0.443201760000022, 0.0 ], [ 128.168477597000106, 0.441091178000022, 0.0 ], [ 128.165944118000084, 0.441666703000067, 0.0 ], [ 128.164805494, 0.446630683000024, 0.0 ], [ 128.166816139000048, 0.445310082000049, 0.0 ] ] ], [ [ [ 128.874396270000034, 0.454797854000049, 0.0 ], [ 128.868613348000054, 0.45871395000006, 0.0 ], [ 128.864057308000042, 0.466172836000055, 0.0 ], [ 128.861279845000013, 0.474761608000051, 0.0 ], [ 128.865759580000031, 0.479060899000046, 0.0 ], [ 128.869354875000113, 0.477739610000071, 0.0 ], [ 128.871685231000015, 0.473019149000038, 0.0 ], [ 128.874396270000034, 0.454797854000049, 0.0 ] ] ], [ [ [ 128.817339971000024, 0.562551691000067, 0.0 ], [ 128.828069112000094, 0.55297697900005, 0.0 ], [ 128.84688329700009, 0.527153588000033, 0.0 ], [ 128.853779315000111, 0.514926411000033, 0.0 ], [ 128.855320334000112, 0.506825951000053, 0.0 ], [ 128.862178203000099, 0.49741382000002, 0.0 ], [ 128.861027463000028, 0.491132558000061, 0.0 ], [ 128.856623746000082, 0.490232409000043, 0.0 ], [ 128.853332733000116, 0.494818788000032, 0.0 ], [ 128.844534661000012, 0.49944333600007, 0.0 ], [ 128.830381568, 0.509362728000042, 0.0 ], [ 128.822962454000049, 0.519607819000043, 0.0 ], [ 128.814002333000076, 0.534592488000044, 0.0 ], [ 128.805317765000041, 0.556490306000057, 0.0 ], [ 128.80565049300003, 0.56165125800004, 0.0 ], [ 128.807524117000071, 0.565347281000072, 0.0 ], [ 128.810910166000099, 0.565644220000024, 0.0 ], [ 128.817339971000024, 0.562551691000067, 0.0 ] ] ], [ [ [ 127.997021485000118, 0.656361548000064, 0.0 ], [ 128.003761098000041, 0.655713096000056, 0.0 ], [ 128.009581261000108, 0.649748398000042, 0.0 ], [ 128.013091676000045, 0.651012506000029, 0.0 ], [ 128.018358966000051, 0.650387916000057, 0.0 ], [ 128.024393339000085, 0.643537280000032, 0.0 ], [ 128.026565779000066, 0.64516375300002, 0.0 ], [ 128.027051886000095, 0.643297806000021, 0.0 ], [ 128.028495633000034, 0.644489453000062, 0.0 ], [ 128.02936127800001, 0.643186762000028, 0.0 ], [ 128.033651087000067, 0.644232670000065, 0.0 ], [ 128.033860246000017, 0.642205579000063, 0.0 ], [ 128.035295725000083, 0.641997955000022, 0.0 ], [ 128.035394316000065, 0.640249310000058, 0.0 ], [ 128.037944785000036, 0.639667057000054, 0.0 ], [ 128.038661662000095, 0.637010149000048, 0.0 ], [ 128.039868044000059, 0.637698299000022, 0.0 ], [ 128.053645283000037, 0.63068495400006, 0.0 ], [ 128.060104111000101, 0.625049589000071, 0.0 ], [ 128.071653160000096, 0.622358289000033, 0.0 ], [ 128.076049538, 0.623073635000026, 0.0 ], [ 128.076061048000042, 0.624056950000067, 0.0 ], [ 128.078684766000038, 0.621210959000052, 0.0 ], [ 128.081687356000089, 0.622408741000072, 0.0 ], [ 128.083567802000061, 0.615859409000052, 0.0 ], [ 128.091180389000101, 0.608926072000031, 0.0 ], [ 128.094947358000013, 0.60284002700007, 0.0 ], [ 128.09875898100006, 0.604071781000073, 0.0 ], [ 128.099981108000065, 0.606629809000026, 0.0 ], [ 128.105240261000063, 0.605107706000069, 0.0 ], [ 128.106740887000115, 0.600298104000046, 0.0 ], [ 128.110430466000025, 0.598265656000024, 0.0 ], [ 128.11696753700005, 0.59113768800006, 0.0 ], [ 128.118715086000066, 0.593729874000076, 0.0 ], [ 128.120609291000051, 0.594286672000067, 0.0 ], [ 128.134953855000049, 0.589088339000057, 0.0 ], [ 128.141537465000056, 0.591185402000065, 0.0 ], [ 128.144767889000036, 0.594656065000038, 0.0 ], [ 128.152034952, 0.59531550600002, 0.0 ], [ 128.155927806000022, 0.592059017000054, 0.0 ], [ 128.161171450000097, 0.589927035000073, 0.0 ], [ 128.168277382000042, 0.589243168000053, 0.0 ], [ 128.172285902000112, 0.592730900000049, 0.0 ], [ 128.178606432000038, 0.589992474000042, 0.0 ], [ 128.181116321000104, 0.592503614000066, 0.0 ], [ 128.182443628000101, 0.596496010000067, 0.0 ], [ 128.185350484000082, 0.593866690000027, 0.0 ], [ 128.189054785000053, 0.59663381200005, 0.0 ], [ 128.202122307000081, 0.598038961000043, 0.0 ], [ 128.205623001000049, 0.601380408000068, 0.0 ], [ 128.211065040000108, 0.600754430000052, 0.0 ], [ 128.216060438000113, 0.59806640000005, 0.0 ], [ 128.218247827000027, 0.594983084000035, 0.0 ], [ 128.226885343000049, 0.593625258000031, 0.0 ], [ 128.237048020000088, 0.586601574000042, 0.0 ], [ 128.240832989000069, 0.582409662000032, 0.0 ], [ 128.242251851000105, 0.577117303000023, 0.0 ], [ 128.244746939000038, 0.57510583100003, 0.0 ], [ 128.254551694000043, 0.573049480000066, 0.0 ], [ 128.261181344000079, 0.575521269000035, 0.0 ], [ 128.266757260000077, 0.566564258000028, 0.0 ], [ 128.270643420000056, 0.550193472000046, 0.0 ], [ 128.273046091000083, 0.548857603000044, 0.0 ], [ 128.278834717000109, 0.548244154000031, 0.0 ], [ 128.28258866300007, 0.550241221000022, 0.0 ], [ 128.285710583000082, 0.553944975000036, 0.0 ], [ 128.31677392600011, 0.554544537000027, 0.0 ], [ 128.316291500000034, 0.551998925000021, 0.0 ], [ 128.318397589000028, 0.547310911000068, 0.0 ], [ 128.326288304000059, 0.542498795000029, 0.0 ], [ 128.328306897000061, 0.539344318000076, 0.0 ], [ 128.337323767000044, 0.537235314000043, 0.0 ], [ 128.338168532000054, 0.52973444600002, 0.0 ], [ 128.341654216000052, 0.523237166000058, 0.0 ], [ 128.344420597000067, 0.52025237700002, 0.0 ], [ 128.350124414000106, 0.517534776000048, 0.0 ], [ 128.352785772000061, 0.513350820000028, 0.0 ], [ 128.358487301000082, 0.510593805000042, 0.0 ], [ 128.365033610000069, 0.512977186000057, 0.0 ], [ 128.37018867900008, 0.513121642000044, 0.0 ], [ 128.372056931000088, 0.511815693000074, 0.0 ], [ 128.375262977000034, 0.512223581000057, 0.0 ], [ 128.381275210000013, 0.509198750000053, 0.0 ], [ 128.382308408000085, 0.507442854000033, 0.0 ], [ 128.38877445300011, 0.508441702000027, 0.0 ], [ 128.392738136000048, 0.506824529000028, 0.0 ], [ 128.399449872000105, 0.50900346800006, 0.0 ], [ 128.402737326000079, 0.502341237000053, 0.0 ], [ 128.406939110000053, 0.505341831000067, 0.0 ], [ 128.409778545000108, 0.503027643000053, 0.0 ], [ 128.413940356000012, 0.504169595000064, 0.0 ], [ 128.418227706000039, 0.502941323000073, 0.0 ], [ 128.422145747000059, 0.504084613000032, 0.0 ], [ 128.427319210000064, 0.502068783000027, 0.0 ], [ 128.437943528000119, 0.504805118000036, 0.0 ], [ 128.441598758000055, 0.501318891000039, 0.0 ], [ 128.447000176000074, 0.501906801000075, 0.0 ], [ 128.451371749000032, 0.498899166000058, 0.0 ], [ 128.455404950000116, 0.498453136000023, 0.0 ], [ 128.458327798000028, 0.496041439000066, 0.0 ], [ 128.456999957000107, 0.492473487000041, 0.0 ], [ 128.459494274, 0.491128047000075, 0.0 ], [ 128.467371612000079, 0.495391170000062, 0.0 ], [ 128.471146024000063, 0.493055512000069, 0.0 ], [ 128.473517640000068, 0.493787807000047, 0.0 ], [ 128.48328631600009, 0.490013789000045, 0.0 ], [ 128.485050211000043, 0.48642600200003, 0.0 ], [ 128.48789479200002, 0.486006356000075, 0.0 ], [ 128.489279280000119, 0.484155244000021, 0.0 ], [ 128.487725359000024, 0.478999807000037, 0.0 ], [ 128.488774382000088, 0.472345498000038, 0.0 ], [ 128.495901314000093, 0.478099233000023, 0.0 ], [ 128.495520791000104, 0.480379392000032, 0.0 ], [ 128.496593568000094, 0.481459178000023, 0.0 ], [ 128.500906640000039, 0.480194973000039, 0.0 ], [ 128.504308353000056, 0.477114740000047, 0.0 ], [ 128.501545439000097, 0.469149554000069, 0.0 ], [ 128.503046920000088, 0.462318126000071, 0.0 ], [ 128.502273489000117, 0.45516576600005, 0.0 ], [ 128.504644562000067, 0.451691106000055, 0.0 ], [ 128.50854485800005, 0.450261538000063, 0.0 ], [ 128.510100142000056, 0.443284522000056, 0.0 ], [ 128.519846169000061, 0.439575787000024, 0.0 ], [ 128.523617444000024, 0.440389159000063, 0.0 ], [ 128.52400750400011, 0.437827909000021, 0.0 ], [ 128.529623038000068, 0.435252447000039, 0.0 ], [ 128.533152871000084, 0.431965323000043, 0.0 ], [ 128.53910311300001, 0.431585455000061, 0.0 ], [ 128.544402136000031, 0.421803939000029, 0.0 ], [ 128.546385882000095, 0.421610345000033, 0.0 ], [ 128.548238430000083, 0.423455600000068, 0.0 ], [ 128.553419689000066, 0.420810610000046, 0.0 ], [ 128.558905700000082, 0.42223443000006, 0.0 ], [ 128.560123867000016, 0.417743298000062, 0.0 ], [ 128.562023089000036, 0.415934449000019, 0.0 ], [ 128.566478492000101, 0.418491096000025, 0.0 ], [ 128.572526917000118, 0.418789164000032, 0.0 ], [ 128.577047354000115, 0.421520298000075, 0.0 ], [ 128.579029214000116, 0.42431735200006, 0.0 ], [ 128.57873896500007, 0.427353723000067, 0.0 ], [ 128.58073735500011, 0.430117174000031, 0.0 ], [ 128.579843353000115, 0.433059057000037, 0.0 ], [ 128.58121806500003, 0.434483739000029, 0.0 ], [ 128.584832275000053, 0.433770395000067, 0.0 ], [ 128.592385915000023, 0.438138633000051, 0.0 ], [ 128.596002143000078, 0.438857922000068, 0.0 ], [ 128.597407396000108, 0.43679613300003, 0.0 ], [ 128.620488440000031, 0.442802842000049, 0.0 ], [ 128.623596153000108, 0.447489058000031, 0.0 ], [ 128.624122549000049, 0.453136548000032, 0.0 ], [ 128.626338280000027, 0.455758055000047, 0.0 ], [ 128.624782892000098, 0.45905149400005, 0.0 ], [ 128.625997985000026, 0.458857923000039, 0.0 ], [ 128.627054986000076, 0.462064113000054, 0.0 ], [ 128.62927929600005, 0.463567345000058, 0.0 ], [ 128.629792482000084, 0.469514780000054, 0.0 ], [ 128.633684495000011, 0.473440198000048, 0.0 ], [ 128.632898154000031, 0.475642161000053, 0.0 ], [ 128.635181187000057, 0.484483512000054, 0.0 ], [ 128.638711184000044, 0.48691066300006, 0.0 ], [ 128.640928155000097, 0.486157934000062, 0.0 ], [ 128.646317497000041, 0.488897829000052, 0.0 ], [ 128.647023919000048, 0.491524014000049, 0.0 ], [ 128.650204373000065, 0.49382478800004, 0.0 ], [ 128.655617227000107, 0.491187170000046, 0.0 ], [ 128.65576975700003, 0.494048311000029, 0.0 ], [ 128.657344864000038, 0.494820458000049, 0.0 ], [ 128.6579989600001, 0.493203966000067, 0.0 ], [ 128.659692244000098, 0.494697828000028, 0.0 ], [ 128.662146929000073, 0.494721687000037, 0.0 ], [ 128.663998489000051, 0.496029809000049, 0.0 ], [ 128.66318392300002, 0.497929985000042, 0.0 ], [ 128.665486285000043, 0.498591366000028, 0.0 ], [ 128.667411262000087, 0.496700099000066, 0.0 ], [ 128.668431295000119, 0.497217153000065, 0.0 ], [ 128.668633650000061, 0.493940771000041, 0.0 ], [ 128.670317186000034, 0.492782289000047, 0.0 ], [ 128.669280514000093, 0.491834320000066, 0.0 ], [ 128.66995586400003, 0.490694938000047, 0.0 ], [ 128.668443548000027, 0.491480006000074, 0.0 ], [ 128.668472150000071, 0.490082069000039, 0.0 ], [ 128.678792292000026, 0.47930119800003, 0.0 ], [ 128.685736082000062, 0.465255084000034, 0.0 ], [ 128.688028679000013, 0.455890891000024, 0.0 ], [ 128.68859030200008, 0.444946754000057, 0.0 ], [ 128.687610863000032, 0.439958167000043, 0.0 ], [ 128.68505239600006, 0.439316537000025, 0.0 ], [ 128.68218038800012, 0.430919194000069, 0.0 ], [ 128.682694188000028, 0.426064721000046, 0.0 ], [ 128.685642927000117, 0.418711287000065, 0.0 ], [ 128.68648961800011, 0.413579151000022, 0.0 ], [ 128.684882358000095, 0.410649155000044, 0.0 ], [ 128.686832385000116, 0.40410954500004, 0.0 ], [ 128.683655943000076, 0.397301638000044, 0.0 ], [ 128.679769972000031, 0.393456194000066, 0.0 ], [ 128.679631888000017, 0.387353423000036, 0.0 ], [ 128.677739297000016, 0.384442571000022, 0.0 ], [ 128.677891622000061, 0.380468977000021, 0.0 ], [ 128.676027628000043, 0.375815489000047, 0.0 ], [ 128.669817330000114, 0.364727488000028, 0.0 ], [ 128.666241306000074, 0.361404855000046, 0.0 ], [ 128.668809377000116, 0.347859454000059, 0.0 ], [ 128.672452679000116, 0.342006272000049, 0.0 ], [ 128.678159461000064, 0.336644501000023, 0.0 ], [ 128.682896002, 0.334834993000072, 0.0 ], [ 128.684521094000047, 0.332005851000019, 0.0 ], [ 128.688355397, 0.332431857000074, 0.0 ], [ 128.693434364000041, 0.329664857000068, 0.0 ], [ 128.703753823000056, 0.329473672000063, 0.0 ], [ 128.706350377000035, 0.327922605000026, 0.0 ], [ 128.714120740000112, 0.333007141000053, 0.0 ], [ 128.729509793000034, 0.325998691000052, 0.0 ], [ 128.741907497000057, 0.323705808000057, 0.0 ], [ 128.747443050000015, 0.318698225000048, 0.0 ], [ 128.750248795000061, 0.319330244000071, 0.0 ], [ 128.757248992000086, 0.316639837000025, 0.0 ], [ 128.75995010400004, 0.317788901000029, 0.0 ], [ 128.763012699000114, 0.316266545000076, 0.0 ], [ 128.76868123600002, 0.318622127000026, 0.0 ], [ 128.779284573000041, 0.318333107000058, 0.0 ], [ 128.789594661000024, 0.314043714000036, 0.0 ], [ 128.794416772000091, 0.314197010000044, 0.0 ], [ 128.80213983100009, 0.31070227400005, 0.0 ], [ 128.806172604000039, 0.306508484000062, 0.0 ], [ 128.811508349000064, 0.304679748000069, 0.0 ], [ 128.820115987, 0.297805015000051, 0.0 ], [ 128.827858031000119, 0.295995456000071, 0.0 ], [ 128.830454587000077, 0.293869836000056, 0.0 ], [ 128.836560724000037, 0.292069817000026, 0.0 ], [ 128.853728379000017, 0.279976756000053, 0.0 ], [ 128.859425581000096, 0.274279664000062, 0.0 ], [ 128.865227433000086, 0.265470673000038, 0.0 ], [ 128.868461340000067, 0.251500688000021, 0.0 ], [ 128.868765807000045, 0.239991462000035, 0.0 ], [ 128.873521387000096, 0.234102839000059, 0.0 ], [ 128.873074380000048, 0.232628275000025, 0.0 ], [ 128.876175027000045, 0.227438616000029, 0.0 ], [ 128.894426807000059, 0.216504026000052, 0.0 ], [ 128.903253111000026, 0.207838640000034, 0.0 ], [ 128.899581836000038, 0.210002584000051, 0.0 ], [ 128.895996173000071, 0.209945110000035, 0.0 ], [ 128.89235343200005, 0.211726049000049, 0.0 ], [ 128.889186265000035, 0.210500417000048, 0.0 ], [ 128.886665835000031, 0.211027028000046, 0.0 ], [ 128.880141207000065, 0.218246582000063, 0.0 ], [ 128.865503672000045, 0.223493593000057, 0.0 ], [ 128.858351300000095, 0.230856748000065, 0.0 ], [ 128.85296796800003, 0.238871018000054, 0.0 ], [ 128.852245075000042, 0.243878766000023, 0.0 ], [ 128.850067037000031, 0.244577721000041, 0.0 ], [ 128.84897322900008, 0.247871528000076, 0.0 ], [ 128.851008554000032, 0.251423898000041, 0.0 ], [ 128.845206699000073, 0.260970160000056, 0.0 ], [ 128.843237901000066, 0.261697840000068, 0.0 ], [ 128.842125111000087, 0.261353124000038, 0.0 ], [ 128.842857485000081, 0.259572173000038, 0.0 ], [ 128.83331789500005, 0.259897602000024, 0.0 ], [ 128.829323272000011, 0.258604917000071, 0.0 ], [ 128.822465750000106, 0.262769966000064, 0.0 ], [ 128.814797795000118, 0.26383983300002, 0.0 ], [ 128.807464716000027, 0.26813891200004, 0.0 ], [ 128.801558364000016, 0.267813266000076, 0.0 ], [ 128.791333925000117, 0.272198458000048, 0.0 ], [ 128.782821531000081, 0.273184534000052, 0.0 ], [ 128.77536481300001, 0.277023977000056, 0.0 ], [ 128.769734286000016, 0.276899393000065, 0.0 ], [ 128.754605706, 0.282291010000051, 0.0 ], [ 128.751448051000011, 0.28217604300005, 0.0 ], [ 128.750963013000046, 0.281027033000044, 0.0 ], [ 128.749165401000027, 0.282405793000066, 0.0 ], [ 128.745988747000069, 0.281266299000038, 0.0 ], [ 128.739026677000084, 0.28170659500006, 0.0 ], [ 128.735754856000085, 0.283238519000065, 0.0 ], [ 128.730904253000062, 0.282845832000021, 0.0 ], [ 128.719605097000112, 0.286560653000038, 0.0 ], [ 128.71252877400002, 0.292228858000044, 0.0 ], [ 128.700725561000013, 0.294976561000055, 0.0 ], [ 128.69632191300002, 0.297255280000059, 0.0 ], [ 128.690919659000087, 0.297810476000052, 0.0 ], [ 128.685983485000065, 0.296948591000046, 0.0 ], [ 128.685812322000061, 0.295694268000034, 0.0 ], [ 128.67497933900006, 0.295272657000055, 0.0 ], [ 128.663518440000075, 0.30163963800004, 0.0 ], [ 128.656708614000081, 0.30103620400007, 0.0 ], [ 128.653674538000018, 0.303650059000063, 0.0 ], [ 128.650982960000078, 0.303018028000054, 0.0 ], [ 128.644781619000014, 0.309231938000039, 0.0 ], [ 128.642527532000031, 0.30902121400004, 0.0 ], [ 128.628707972000029, 0.313846480000052, 0.0 ], [ 128.622383217000106, 0.31343453300002, 0.0 ], [ 128.618569242000035, 0.316019610000069, 0.0 ], [ 128.603599010000039, 0.317330801000026, 0.0 ], [ 128.598320363000084, 0.31975303400003, 0.0 ], [ 128.583293196000113, 0.318536427000026, 0.0 ], [ 128.567876005000016, 0.319952860000058, 0.0 ], [ 128.558812233000026, 0.318075811000028, 0.0 ], [ 128.557404471000041, 0.321695025000054, 0.0 ], [ 128.554047028000014, 0.324260924000043, 0.0 ], [ 128.552572717000089, 0.327181171000063, 0.0 ], [ 128.544304891000024, 0.329575738000074, 0.0 ], [ 128.534460673000012, 0.340136253000026, 0.0 ], [ 128.530047674000116, 0.339484954000056, 0.0 ], [ 128.527422557000023, 0.342070011000033, 0.0 ], [ 128.516751344000113, 0.34334291700003, 0.0 ], [ 128.514107255000113, 0.344932189000076, 0.0 ], [ 128.512147838000033, 0.34861836400006, 0.0 ], [ 128.507211598000026, 0.35102136200004, 0.0 ], [ 128.506422024000017, 0.354362902000048, 0.0 ], [ 128.501105471000074, 0.354515811000056, 0.0 ], [ 128.499716732000024, 0.357483899000044, 0.0 ], [ 128.500429733000033, 0.363171323000074, 0.0 ], [ 128.498803458000111, 0.36182119700004, 0.0 ], [ 128.498185214000046, 0.362567991000049, 0.0 ], [ 128.501047851000067, 0.364732038000056, 0.0 ], [ 128.498841336000055, 0.364818086000071, 0.0 ], [ 128.498194492000039, 0.366771293000056, 0.0 ], [ 128.500904951000052, 0.36903108000007, 0.0 ], [ 128.495997351000028, 0.369298894000053, 0.0 ], [ 128.493010715000082, 0.373492446000057, 0.0 ], [ 128.49436112300009, 0.375742582000044, 0.0 ], [ 128.492259180000019, 0.376642482000022, 0.0 ], [ 128.49212595500012, 0.377896762000034, 0.0 ], [ 128.486761761000025, 0.379457120000041, 0.0 ], [ 128.485230244000036, 0.384110333000024, 0.0 ], [ 128.487018089000117, 0.387270093000041, 0.0 ], [ 128.485049170000025, 0.390209406000054, 0.0 ], [ 128.478971583000089, 0.392995264000035, 0.0 ], [ 128.478861329000097, 0.394768831000022, 0.0 ], [ 128.472704055, 0.391415045000031, 0.0 ], [ 128.470925421000061, 0.393224547000045, 0.0 ], [ 128.467767896000055, 0.392219004000026, 0.0 ], [ 128.466179409000119, 0.39511045200004, 0.0 ], [ 128.463021824000066, 0.395091098000023, 0.0 ], [ 128.46303113700003, 0.398164566000048, 0.0 ], [ 128.458123433000083, 0.400203644000044, 0.0 ], [ 128.460624661000111, 0.401898526000025, 0.0 ], [ 128.457856902000117, 0.40366007800003, 0.0 ], [ 128.455431852000061, 0.400596026000073, 0.0 ], [ 128.450742951000052, 0.40182126600007, 0.0 ], [ 128.449706171000116, 0.403401011000028, 0.0 ], [ 128.440604365000013, 0.403256767000073, 0.0 ], [ 128.43983412700004, 0.401274767000075, 0.0 ], [ 128.436305670000024, 0.400738344000047, 0.0 ], [ 128.43257767700004, 0.397482715000024, 0.0 ], [ 128.429077742000118, 0.397176085000069, 0.0 ], [ 128.427698817000078, 0.395241918000067, 0.0 ], [ 128.423732864000044, 0.394877807000057, 0.0 ], [ 128.421983026000021, 0.392895743000054, 0.0 ], [ 128.404768563000061, 0.393899856000075, 0.0 ], [ 128.398215494000056, 0.396695153000053, 0.0 ], [ 128.394125624000026, 0.400438502000043, 0.0 ], [ 128.392708307000021, 0.403483101000063, 0.0 ], [ 128.388523458, 0.405445566000026, 0.0 ], [ 128.379725997000037, 0.406555537000031, 0.0 ], [ 128.372754913000108, 0.403519876000075, 0.0 ], [ 128.365736100000049, 0.402954432000058, 0.0 ], [ 128.356330368000044, 0.399324962000037, 0.0 ], [ 128.347095236000087, 0.403489120000074, 0.0 ], [ 128.33879236700011, 0.404924611000069, 0.0 ], [ 128.328121705000058, 0.40236735700006, 0.0 ], [ 128.315739441000119, 0.396564234000039, 0.0 ], [ 128.297745110000051, 0.400131178000038, 0.0 ], [ 128.295158441000012, 0.397928852000064, 0.0 ], [ 128.291040281000051, 0.399300023000023, 0.0 ], [ 128.288482204000047, 0.396437071000037, 0.0 ], [ 128.280702647000112, 0.39633107700007, 0.0 ], [ 128.279732433000049, 0.398016073000065, 0.0 ], [ 128.28178639600003, 0.401453439000022, 0.0 ], [ 128.279732110000054, 0.401721338000073, 0.0 ], [ 128.278562530000045, 0.399346801000036, 0.0 ], [ 128.275481077000109, 0.400083750000022, 0.0 ], [ 128.2730081200001, 0.402783486000033, 0.0 ], [ 128.268053164000094, 0.402907507000066, 0.0 ], [ 128.267178102000116, 0.404037194000068, 0.0 ], [ 128.268585464000012, 0.406086222000056, 0.0 ], [ 128.267149072000052, 0.409561563000068, 0.0 ], [ 128.26457224, 0.404046531000063, 0.0 ], [ 128.260644446000015, 0.40387383500007, 0.0 ], [ 128.252750392000053, 0.408258124000042, 0.0 ], [ 128.249697632000107, 0.407357857000022, 0.0 ], [ 128.245731544000023, 0.410019127000055, 0.0 ], [ 128.245189264000032, 0.412010519000034, 0.0 ], [ 128.244552164000083, 0.41097644000007, 0.0 ], [ 128.24314456400009, 0.411617780000029, 0.0 ], [ 128.240823393000028, 0.418262082000069, 0.0 ], [ 128.241436041000043, 0.423403241000074, 0.0 ], [ 128.240240361000019, 0.424213448000046, 0.0 ], [ 128.238630656000055, 0.42395646600005, 0.0 ], [ 128.238593774000037, 0.421810192000066, 0.0 ], [ 128.236010746000034, 0.422225343000036, 0.0 ], [ 128.236334852000027, 0.414441525000029, 0.0 ], [ 128.232026985000061, 0.410927366000067, 0.0 ], [ 128.22201236300009, 0.413061437000067, 0.0 ], [ 128.219567831000063, 0.416852576000053, 0.0 ], [ 128.217199628000117, 0.418116132000023, 0.0 ], [ 128.217560757000115, 0.42077779300007, 0.0 ], [ 128.20635737900011, 0.422701061000055, 0.0 ], [ 128.201131481000061, 0.427171740000063, 0.0 ], [ 128.202363764000097, 0.427336784000033, 0.0 ], [ 128.202047777000075, 0.428719259000047, 0.0 ], [ 128.19898583600002, 0.431146222000052, 0.0 ], [ 128.192873085000087, 0.431083340000043, 0.0 ], [ 128.18179486400004, 0.427841315000023, 0.0 ], [ 128.178818093000018, 0.428357997000035, 0.0 ], [ 128.177786291000075, 0.432212416000027, 0.0 ], [ 128.180600155000093, 0.43200635200003, 0.0 ], [ 128.18207596600007, 0.433403326000075, 0.0 ], [ 128.180097746000115, 0.434147497000026, 0.0 ], [ 128.17914092400008, 0.436428422000063, 0.0 ], [ 128.181016871000111, 0.436033696000038, 0.0 ], [ 128.182102401000066, 0.436677194000026, 0.0 ], [ 128.181539294000117, 0.43757326900004, 0.0 ], [ 128.184400077000078, 0.438431553000044, 0.0 ], [ 128.184034563000068, 0.439727558000072, 0.0 ], [ 128.181305082000108, 0.439958950000062, 0.0 ], [ 128.181757634000064, 0.441225495000026, 0.0 ], [ 128.175357965000103, 0.440296739000075, 0.0 ], [ 128.172274255000048, 0.445677029000024, 0.0 ], [ 128.175476246000017, 0.447091404000048, 0.0 ], [ 128.172091114000068, 0.448458416000051, 0.0 ], [ 128.171873988000016, 0.451495203000036, 0.0 ], [ 128.174091051000119, 0.454010591000042, 0.0 ], [ 128.172152847, 0.455826615000035, 0.0 ], [ 128.168317156000057, 0.456877623000025, 0.0 ], [ 128.164734878000104, 0.455943685000022, 0.0 ], [ 128.162160301000085, 0.457136984000044, 0.0 ], [ 128.161961616000099, 0.454308995000019, 0.0 ], [ 128.1575549370001, 0.451680202000034, 0.0 ], [ 128.156090112000015, 0.453815042000031, 0.0 ], [ 128.157007951000082, 0.455836678000026, 0.0 ], [ 128.156258421000075, 0.45692230700007, 0.0 ], [ 128.140368856, 0.463747444000035, 0.0 ], [ 128.125709641000071, 0.457834682000055, 0.0 ], [ 128.121216029000038, 0.453825290000054, 0.0 ], [ 128.110297277000086, 0.454848458000072, 0.0 ], [ 128.107196395000074, 0.458946211000068, 0.0 ], [ 128.100661791000107, 0.461973135000051, 0.0 ], [ 128.093547811, 0.46049510000006, 0.0 ], [ 128.088667996000027, 0.461024268000074, 0.0 ], [ 128.084209172000101, 0.471315108000056, 0.0 ], [ 128.078826969000033, 0.477159479000022, 0.0 ], [ 128.071885781000105, 0.47525816600006, 0.0 ], [ 128.068898971000067, 0.470510577000027, 0.0 ], [ 128.064087095000104, 0.468968547000031, 0.0 ], [ 128.051581061000093, 0.471666655000035, 0.0 ], [ 128.048042920000057, 0.474758492000035, 0.0 ], [ 128.039511938000032, 0.478558075000024, 0.0 ], [ 128.026531620000014, 0.473013064000043, 0.0 ], [ 128.021567010000012, 0.476056792000065, 0.0 ], [ 128.017858660000115, 0.472389545000055, 0.0 ], [ 128.014083379000112, 0.471316757000068, 0.0 ], [ 128.011039779000043, 0.474389465000058, 0.0 ], [ 128.009442255000067, 0.473422296000024, 0.0 ], [ 128.007093003000023, 0.475604747000034, 0.0 ], [ 127.998394316000031, 0.473851311000033, 0.0 ], [ 127.990957465000065, 0.474912894000056, 0.0 ], [ 127.985907132000079, 0.479114950000053, 0.0 ], [ 127.982455369000036, 0.477075265000053, 0.0 ], [ 127.977729890000091, 0.470976207000035, 0.0 ], [ 127.978490295000029, 0.473570752000057, 0.0 ], [ 127.976397503000044, 0.477897686000063, 0.0 ], [ 127.97687712600009, 0.48207900500006, 0.0 ], [ 127.975650264000024, 0.482732214000066, 0.0 ], [ 127.974117134000039, 0.480556394000075, 0.0 ], [ 127.971792088000029, 0.479909829000064, 0.0 ], [ 127.970015891000116, 0.48154663300005, 0.0 ], [ 127.968011711000031, 0.481517607000058, 0.0 ], [ 127.967512752000061, 0.47949273200004, 0.0 ], [ 127.960602476000076, 0.473201889000052, 0.0 ], [ 127.956766164000101, 0.467371055000058, 0.0 ], [ 127.955860226000027, 0.468297154000027, 0.0 ], [ 127.951764147000063, 0.46674802900003, 0.0 ], [ 127.947560692000025, 0.467877065000039, 0.0 ], [ 127.94413733500005, 0.467005363000055, 0.0 ], [ 127.939030435000063, 0.468373590000056, 0.0 ], [ 127.935702472000116, 0.465587216000074, 0.0 ], [ 127.93529386900002, 0.463500148000037, 0.0 ], [ 127.932145907000063, 0.465299473000073, 0.0 ], [ 127.92937861900009, 0.465184170000043, 0.0 ], [ 127.927867255000024, 0.460741881000047, 0.0 ], [ 127.926203292000082, 0.459267326000031, 0.0 ], [ 127.924073099000111, 0.459535058000029, 0.0 ], [ 127.924587008000117, 0.456921602000023, 0.0 ], [ 127.923816832000057, 0.456232201000034, 0.0 ], [ 127.923844897000095, 0.459343556000022, 0.0 ], [ 127.922361423000098, 0.459180584000023, 0.0 ], [ 127.91689551200011, 0.455125734000035, 0.0 ], [ 127.909361002000082, 0.442818062000072, 0.0 ], [ 127.903178460000049, 0.436028674000056, 0.0 ], [ 127.900739438000073, 0.43069745400004, 0.0 ], [ 127.900750335000112, 0.427369748000046, 0.0 ], [ 127.903119444000026, 0.425854492000042, 0.0 ], [ 127.908575520000113, 0.415955157000042, 0.0 ], [ 127.906503139000051, 0.410909722000042, 0.0 ], [ 127.908995479000055, 0.404582086000062, 0.0 ], [ 127.910555096000053, 0.404132350000054, 0.0 ], [ 127.912267294000117, 0.400446841000075, 0.0 ], [ 127.911135774000059, 0.399613809000073, 0.0 ], [ 127.910583996000014, 0.401336937000053, 0.0 ], [ 127.908853369000099, 0.400580411000021, 0.0 ], [ 127.909805066000104, 0.394874826000034, 0.0 ], [ 127.906457773000056, 0.394539317000067, 0.0 ], [ 127.904088094000031, 0.390266907000068, 0.0 ], [ 127.904725433000067, 0.388677818000076, 0.0 ], [ 127.903451084000039, 0.389309490000073, 0.0 ], [ 127.903755869000065, 0.385556787000041, 0.0 ], [ 127.900893339000049, 0.38700198600003, 0.0 ], [ 127.901825598000073, 0.38439816600004, 0.0 ], [ 127.897041977000072, 0.387298255000076, 0.0 ], [ 127.898192953000034, 0.384704040000031, 0.0 ], [ 127.901635618000114, 0.382761104000053, 0.0 ], [ 127.897660710000082, 0.38246381700003, 0.0 ], [ 127.896062722000011, 0.385613226000032, 0.0 ], [ 127.895349654000029, 0.384531351000021, 0.0 ], [ 127.895949042000098, 0.382243410000058, 0.0 ], [ 127.900485093000043, 0.381832344000031, 0.0 ], [ 127.902111396, 0.380348688000026, 0.0 ], [ 127.900723134000032, 0.379429472000027, 0.0 ], [ 127.900028733000113, 0.38110471300007, 0.0 ], [ 127.898003304000099, 0.380472614000041, 0.0 ], [ 127.899382364000076, 0.378950635000024, 0.0 ], [ 127.897338061000028, 0.377169739000067, 0.0 ], [ 127.90111326300007, 0.37750528600003, 0.0 ], [ 127.900818695000112, 0.375715039000056, 0.0 ], [ 127.90216892400008, 0.376605528000027, 0.0 ], [ 127.903082152000025, 0.374020846000064, 0.0 ], [ 127.904327777000049, 0.374920896000049, 0.0 ], [ 127.90546774500001, 0.371534474000043, 0.0 ], [ 127.902672062000079, 0.370777833000034, 0.0 ], [ 127.905078030000027, 0.370127146000073, 0.0 ], [ 127.904469909000113, 0.366163713000049, 0.0 ], [ 127.90618181800005, 0.36443115000003, 0.0 ], [ 127.905143165000027, 0.362330875000055, 0.0 ], [ 127.904914719000089, 0.364149779000059, 0.0 ], [ 127.903269544000068, 0.364513364000061, 0.0 ], [ 127.903659653000091, 0.362665760000027, 0.0 ], [ 127.902033675000098, 0.361555057000032, 0.0 ], [ 127.901025302000107, 0.364656688000025, 0.0 ], [ 127.902860367000017, 0.366753471000038, 0.0 ], [ 127.90039743400007, 0.366676580000046, 0.0 ], [ 127.900968155000101, 0.365393826000059, 0.0 ], [ 127.898790649000034, 0.364149028000043, 0.0 ], [ 127.897620780000011, 0.365891225000041, 0.0 ], [ 127.896603485000014, 0.364139186000045, 0.0 ], [ 127.892333244000042, 0.368370052000046, 0.0 ], [ 127.891838876000065, 0.367393514000071, 0.0 ], [ 127.894473375000075, 0.36416764300003, 0.0 ], [ 127.892019706000042, 0.366168156000072, 0.0 ], [ 127.891572913000118, 0.364952293000044, 0.0 ], [ 127.890279508000049, 0.365995620000035, 0.0 ], [ 127.890175073000023, 0.364626628000053, 0.0 ], [ 127.892343273000051, 0.364148233000037, 0.0 ], [ 127.893589279000025, 0.361879517000034, 0.0 ], [ 127.891373488000113, 0.362721693000026, 0.0 ], [ 127.891297604000101, 0.361151665000023, 0.0 ], [ 127.889585658000101, 0.363257576000024, 0.0 ], [ 127.888035633000072, 0.363228664000076, 0.0 ], [ 127.888507952000055, 0.365967934000025, 0.0 ], [ 127.88694199300005, 0.363726339000038, 0.0 ], [ 127.886085983000044, 0.36507606300006, 0.0 ], [ 127.886162218000095, 0.36377410800003, 0.0 ], [ 127.889747783000075, 0.359428284000046, 0.0 ], [ 127.89338056400004, 0.35780126800006, 0.0 ], [ 127.892534429000079, 0.356125840000061, 0.0 ], [ 127.889586286000053, 0.35807843200007, 0.0 ], [ 127.884051905000092, 0.357474640000021, 0.0 ], [ 127.88220754300005, 0.353702552000073, 0.0 ], [ 127.883653197000058, 0.351759356000059, 0.0 ], [ 127.883482379000043, 0.348801198000046, 0.0 ], [ 127.881675132000055, 0.352754735000076, 0.0 ], [ 127.880267564000064, 0.354305431000057, 0.0 ], [ 127.879373765000082, 0.353644768000038, 0.0 ], [ 127.881399745000067, 0.349528516000021, 0.0 ], [ 127.881200215000035, 0.348121224000067, 0.0 ], [ 127.878737331000025, 0.347824159000027, 0.0 ], [ 127.879584004000094, 0.344913993000034, 0.0 ], [ 127.881951761000096, 0.345498242000076, 0.0 ], [ 127.882684128000051, 0.344234659000051, 0.0 ], [ 127.881267532000038, 0.341688006000027, 0.0 ], [ 127.879223117000038, 0.340893187000063, 0.0 ], [ 127.878177326000014, 0.338853965000055, 0.0 ], [ 127.877093192000075, 0.339476099000024, 0.0 ], [ 127.876884188000076, 0.337724172000037, 0.0 ], [ 127.878472367000086, 0.336661726000045, 0.0 ], [ 127.881325195000045, 0.336403578000045, 0.0 ], [ 127.882238227000016, 0.335202240000058, 0.0 ], [ 127.876077262000081, 0.325618721000069, 0.0 ], [ 127.874448768000093, 0.31948957700007, 0.0 ], [ 127.872860884000033, 0.317948112000067, 0.0 ], [ 127.872509184000023, 0.316626969000026, 0.0 ], [ 127.874382666000088, 0.315210336000064, 0.0 ], [ 127.874164251000025, 0.312414929000056, 0.0 ], [ 127.869495572000119, 0.308872336000036, 0.0 ], [ 127.871796901000039, 0.308058858000038, 0.0 ], [ 127.872795727000039, 0.304698762000044, 0.0 ], [ 127.869885975000102, 0.303875159000029, 0.0 ], [ 127.870047795000119, 0.302314742000021, 0.0 ], [ 127.872463116000063, 0.302630911000051, 0.0 ], [ 127.874488884000016, 0.299778300000071, 0.0 ], [ 127.874289364000106, 0.29806467100002, 0.0 ], [ 127.87097041700008, 0.300141717000031, 0.0 ], [ 127.871531727000047, 0.297566580000023, 0.0 ], [ 127.867366759000106, 0.296714135000059, 0.0 ], [ 127.865369714000053, 0.297719115000064, 0.0 ], [ 127.864817819000109, 0.301213275000066, 0.0 ], [ 127.863382029000036, 0.300188792000029, 0.0 ], [ 127.864295283000047, 0.296608512000034, 0.0 ], [ 127.862688204000051, 0.296790237000039, 0.0 ], [ 127.864190845000053, 0.295000204000075, 0.0 ], [ 127.869278338000072, 0.294550785000069, 0.0 ], [ 127.872549418000062, 0.295585027000072, 0.0 ], [ 127.874385371000017, 0.288922247000073, 0.0 ], [ 127.875593037000044, 0.289027672000032, 0.0 ], [ 127.87496515700002, 0.291746408000051, 0.0 ], [ 127.879120589000081, 0.292972201000055, 0.0 ], [ 127.875782637000043, 0.294924804000061, 0.0 ], [ 127.877634088000036, 0.299682893000067, 0.0 ], [ 127.875570357000015, 0.301798364000035, 0.0 ], [ 127.87891285000012, 0.302004536000027, 0.0 ], [ 127.880777042000091, 0.298366895000072, 0.0 ], [ 127.880206833000102, 0.294901320000065, 0.0 ], [ 127.887682043000041, 0.285702159000039, 0.0 ], [ 127.900424689000033, 0.284162089000063, 0.0 ], [ 127.921080045000053, 0.273346129000061, 0.0 ], [ 127.919606207000015, 0.272005723000063, 0.0 ], [ 127.916629602000057, 0.273843541000076, 0.0 ], [ 127.916591752000045, 0.271756543000038, 0.0 ], [ 127.914823004000027, 0.27177553000007, 0.0 ], [ 127.917058688000111, 0.260565317000044, 0.0 ], [ 127.915832391000095, 0.255692367000051, 0.0 ], [ 127.913911668000082, 0.25365307900006, 0.0 ], [ 127.913084885000103, 0.24721014000005, 0.0 ], [ 127.91445426000007, 0.246865611000032, 0.0 ], [ 127.914159356000027, 0.24826329800004, 0.0 ], [ 127.915970721, 0.246382723000067, 0.0 ], [ 127.917957571000102, 0.246632567000063, 0.0 ], [ 127.91793972500011, 0.244610025000043, 0.0 ], [ 127.919272223, 0.243699881000055, 0.0 ], [ 127.917987314000015, 0.241968823000036, 0.0 ], [ 127.918230509000068, 0.236445443000036, 0.0 ], [ 127.921021127000017, 0.220917494000048, 0.0 ], [ 127.923212610000064, 0.21841192100004, 0.0 ], [ 127.923728260000075, 0.215561384000068, 0.0 ], [ 127.920657491000043, 0.204542203000074, 0.0 ], [ 127.919868870000073, 0.194490102000032, 0.0 ], [ 127.92185664100009, 0.189435482000022, 0.0 ], [ 127.920896505000087, 0.184399823000035, 0.0 ], [ 127.921657695000022, 0.176894335000043, 0.0 ], [ 127.908888877000095, 0.176166667000075, 0.0 ], [ 127.89530555500005, 0.16477777700004, 0.0 ], [ 127.89483334900001, 0.149083361000066, 0.0 ], [ 127.883083320000082, 0.136472223000055, 0.0 ], [ 127.871611111000107, 0.1315, 0.0 ], [ 127.869555556000023, 0.124972222000054, 0.0 ], [ 127.853361124000116, 0.131694444000061, 0.0 ], [ 127.851695508000034, 0.136278338000068, 0.0 ], [ 127.847610025000108, 0.134039734000055, 0.0 ], [ 127.844368159000055, 0.134492117000036, 0.0 ], [ 127.839572821000047, 0.128255747000026, 0.0 ], [ 127.835494878000077, 0.128867997000043, 0.0 ], [ 127.834492144000023, 0.120948783000074, 0.0 ], [ 127.830595508000101, 0.124930493000022, 0.0 ], [ 127.826784076000081, 0.126619670000025, 0.0 ], [ 127.823999620000109, 0.125357391000023, 0.0 ], [ 127.817361102000064, 0.135873993000075, 0.0 ], [ 127.817922392000014, 0.13763444500006, 0.0 ], [ 127.814799817000107, 0.144770892000054, 0.0 ], [ 127.808945360000052, 0.149841196000068, 0.0 ], [ 127.800468496, 0.150780908000058, 0.0 ], [ 127.798639075000096, 0.147525539000071, 0.0 ], [ 127.796713223000097, 0.149287473000072, 0.0 ], [ 127.791435390000061, 0.149909413000046, 0.0 ], [ 127.787845695000101, 0.15352615300003, 0.0 ], [ 127.788543809000089, 0.156879214000071, 0.0 ], [ 127.790577528000085, 0.158882600000027, 0.0 ], [ 127.790566560000116, 0.162666938000029, 0.0 ], [ 127.795331172000033, 0.170747500000061, 0.0 ], [ 127.795470347000105, 0.17374026400006, 0.0 ], [ 127.798210422000011, 0.174731860000065, 0.0 ], [ 127.798639245000118, 0.178840231000038, 0.0 ], [ 127.802533873000016, 0.183195503000036, 0.0 ], [ 127.804811742000084, 0.190363059000049, 0.0 ], [ 127.809536274000038, 0.195919710000055, 0.0 ], [ 127.821920902000102, 0.201322469000047, 0.0 ], [ 127.822891669000114, 0.205010092000066, 0.0 ], [ 127.821633012, 0.207676932000027, 0.0 ], [ 127.823669881000114, 0.209353738000061, 0.0 ], [ 127.820656106000115, 0.213492795000036, 0.0 ], [ 127.816902048000088, 0.215853293000066, 0.0 ], [ 127.81460904100004, 0.220941564000043, 0.0 ], [ 127.812790671000016, 0.221416561000069, 0.0 ], [ 127.811835989000087, 0.223812526000074, 0.0 ], [ 127.812984877000076, 0.225910301000056, 0.0 ], [ 127.812763798000105, 0.229717356000037, 0.0 ], [ 127.814388307000058, 0.23050975700005, 0.0 ], [ 127.805560756000091, 0.233812144000069, 0.0 ], [ 127.801288388000103, 0.236763120000035, 0.0 ], [ 127.799063556000078, 0.24056282600003, 0.0 ], [ 127.799079341000038, 0.245260600000051, 0.0 ], [ 127.797265272000118, 0.248489393000057, 0.0 ], [ 127.797316205000016, 0.25, 0.0 ], [ 127.804753854000069, 0.256401539000024, 0.0 ], [ 127.807340114000112, 0.256790967000029, 0.0 ], [ 127.811597711000104, 0.269584018000046, 0.0 ], [ 127.815381229000081, 0.272254835000069, 0.0 ], [ 127.819521071000054, 0.272591804000058, 0.0 ], [ 127.817321455000069, 0.279577951000022, 0.0 ], [ 127.812145702000066, 0.28427943500003, 0.0 ], [ 127.803577215000018, 0.296932286000072, 0.0 ], [ 127.802035843000112, 0.300953107000055, 0.0 ], [ 127.802409744000101, 0.307197703000043, 0.0 ], [ 127.799506534000102, 0.310901331000025, 0.0 ], [ 127.799691896000013, 0.315212466000048, 0.0 ], [ 127.798555761000102, 0.317434712000022, 0.0 ], [ 127.801200739000024, 0.324655618000065, 0.0 ], [ 127.801949130000025, 0.330994920000023, 0.0 ], [ 127.807226022, 0.33997892800005, 0.0 ], [ 127.803980540000111, 0.353828194000073, 0.0 ], [ 127.800734980000016, 0.36193184900003, 0.0 ], [ 127.801381975000027, 0.368059143000039, 0.0 ], [ 127.806545996000068, 0.373654416000022, 0.0 ], [ 127.803438140000026, 0.380692708000026, 0.0 ], [ 127.799946419000094, 0.381286786000032, 0.0 ], [ 127.798545960000069, 0.385671031000072, 0.0 ], [ 127.792242269000099, 0.388550930000065, 0.0 ], [ 127.79021242400006, 0.387943943000039, 0.0 ], [ 127.788905675000024, 0.390451413000051, 0.0 ], [ 127.791046246000064, 0.393769876000022, 0.0 ], [ 127.790131830000064, 0.397436427000059, 0.0 ], [ 127.775104185000032, 0.412850965000075, 0.0 ], [ 127.77502727600006, 0.418670210000073, 0.0 ], [ 127.772292751, 0.429631896000046, 0.0 ], [ 127.772311590000072, 0.432786012000065, 0.0 ], [ 127.774712200000067, 0.436534020000067, 0.0 ], [ 127.774343226000042, 0.44395096300002, 0.0 ], [ 127.772216287000106, 0.446588220000024, 0.0 ], [ 127.773511018000022, 0.448425558000054, 0.0 ], [ 127.769583165000086, 0.450069748000033, 0.0 ], [ 127.769788788000028, 0.45288542000003, 0.0 ], [ 127.768620887000111, 0.454337817000066, 0.0 ], [ 127.772613669000066, 0.458427438000058, 0.0 ], [ 127.775994781, 0.466670974000067, 0.0 ], [ 127.779564805000064, 0.467912796000064, 0.0 ], [ 127.77667339300001, 0.470533850000038, 0.0 ], [ 127.777054985000063, 0.474236828000073, 0.0 ], [ 127.775376030000075, 0.476239812000074, 0.0 ], [ 127.777549705000069, 0.479296287000068, 0.0 ], [ 127.777709538000067, 0.483544600000073, 0.0 ], [ 127.779456941000035, 0.485507200000029, 0.0 ], [ 127.784479609000073, 0.488349236000033, 0.0 ], [ 127.786836200000039, 0.486522729000058, 0.0 ], [ 127.793115942000099, 0.486728503000052, 0.0 ], [ 127.795634139000072, 0.482263945000057, 0.0 ], [ 127.800281277000067, 0.480953446000058, 0.0 ], [ 127.801396458000113, 0.484919036000065, 0.0 ], [ 127.806044897000106, 0.490069098000049, 0.0 ], [ 127.805028042000117, 0.49652534300003, 0.0 ], [ 127.806357909000099, 0.502563425000062, 0.0 ], [ 127.803575458000068, 0.508117182000035, 0.0 ], [ 127.805516057000091, 0.512210247000041, 0.0 ], [ 127.808078484000021, 0.514594110000075, 0.0 ], [ 127.811588123000092, 0.515409828000031, 0.0 ], [ 127.81276846500009, 0.518234469000049, 0.0 ], [ 127.812284090000048, 0.521664230000056, 0.0 ], [ 127.806555082000045, 0.526147524000066, 0.0 ], [ 127.813506696000104, 0.532523544000071, 0.0 ], [ 127.815943092000111, 0.537226428000054, 0.0 ], [ 127.819659688000115, 0.537617107000074, 0.0 ], [ 127.825867, 0.542441406000023, 0.0 ], [ 127.82531903600011, 0.55071502800007, 0.0 ], [ 127.821437564, 0.556517202000066, 0.0 ], [ 127.821178210000085, 0.560546640000041, 0.0 ], [ 127.823149286000103, 0.562496798000041, 0.0 ], [ 127.822764972000073, 0.567253271000027, 0.0 ], [ 127.830158672000039, 0.570095120000076, 0.0 ], [ 127.831570151000051, 0.575573617000032, 0.0 ], [ 127.828961886000116, 0.577241647000051, 0.0 ], [ 127.828863768000019, 0.58025707500002, 0.0 ], [ 127.824935628000048, 0.582844756000043, 0.0 ], [ 127.820714407000082, 0.592056121000041, 0.0 ], [ 127.810216135000019, 0.597852279000051, 0.0 ], [ 127.811055538000119, 0.604219551000028, 0.0 ], [ 127.808912781000117, 0.610001346000047, 0.0 ], [ 127.809948701000053, 0.614541577000068, 0.0 ], [ 127.806834024000068, 0.618628633000071, 0.0 ], [ 127.797793879000096, 0.623154529000033, 0.0 ], [ 127.7966267810001, 0.62650951300003, 0.0 ], [ 127.792961644000115, 0.62942758600002, 0.0 ], [ 127.79091389700011, 0.638273379000054, 0.0 ], [ 127.792128847000072, 0.643164228000046, 0.0 ], [ 127.798384556000087, 0.640807149000068, 0.0 ], [ 127.803131688, 0.641415982000069, 0.0 ], [ 127.807977749000088, 0.645985235000069, 0.0 ], [ 127.816692160000116, 0.643847695000034, 0.0 ], [ 127.818598863000034, 0.64090075200005, 0.0 ], [ 127.826553778000061, 0.638547110000047, 0.0 ], [ 127.827213208000103, 0.635127308000051, 0.0 ], [ 127.82548275900001, 0.630434060000027, 0.0 ], [ 127.829020439000033, 0.622723649000022, 0.0 ], [ 127.843309944000111, 0.618178567000029, 0.0 ], [ 127.846988803000045, 0.619970971000043, 0.0 ], [ 127.853741558000024, 0.617707377000045, 0.0 ], [ 127.857131788000061, 0.623037888000056, 0.0 ], [ 127.863556727000059, 0.625705008000068, 0.0 ], [ 127.863426466000078, 0.630602835000047, 0.0 ], [ 127.867175469000017, 0.632660953000027, 0.0 ], [ 127.869394004000014, 0.631252843000027, 0.0 ], [ 127.872517249000111, 0.632836821000069, 0.0 ], [ 127.872388980000096, 0.631547152000053, 0.0 ], [ 127.875145771, 0.632173986000055, 0.0 ], [ 127.875956024000061, 0.63071448200003, 0.0 ], [ 127.879856731000018, 0.630727839000031, 0.0 ], [ 127.880013975000111, 0.629732327000056, 0.0 ], [ 127.883712323000054, 0.63105517300005, 0.0 ], [ 127.905414548000067, 0.627357467000024, 0.0 ], [ 127.913859529000092, 0.62855815000006, 0.0 ], [ 127.92271362300005, 0.627877393000063, 0.0 ], [ 127.927985467000099, 0.625322748000031, 0.0 ], [ 127.936109637000072, 0.635164018000069, 0.0 ], [ 127.940049489000103, 0.634039893000022, 0.0 ], [ 127.939301232000048, 0.631632839000019, 0.0 ], [ 127.940214028000014, 0.630714413000021, 0.0 ], [ 127.945708012000068, 0.630005245000063, 0.0 ], [ 127.947975170000063, 0.628316708000057, 0.0 ], [ 127.948642196000037, 0.630003789000057, 0.0 ], [ 127.952080365000029, 0.630193913000028, 0.0 ], [ 127.953048197000044, 0.632791027000053, 0.0 ], [ 127.951482567000085, 0.634318495000059, 0.0 ], [ 127.952636368000071, 0.635171458000059, 0.0 ], [ 127.956185700000105, 0.632482795000044, 0.0 ], [ 127.96072020400004, 0.636214110000026, 0.0 ], [ 127.964186931000086, 0.633189792000053, 0.0 ], [ 127.970371197000077, 0.637198806000072, 0.0 ], [ 127.970924088000061, 0.638911005000068, 0.0 ], [ 127.977946732000078, 0.637669696000046, 0.0 ], [ 127.986496326000065, 0.645420088000037, 0.0 ], [ 127.983022063000021, 0.651506987000062, 0.0 ], [ 127.988730743000019, 0.650448383000025, 0.0 ], [ 127.99201934700011, 0.653740393000021, 0.0 ], [ 127.99526972600006, 0.652855165000062, 0.0 ], [ 127.995329499000036, 0.656657586000051, 0.0 ], [ 127.997021485000118, 0.656361548000064, 0.0 ] ] ] ] } },
{ "type": "Feature", "properties": { "OBJECTID": 30, "NAMOBJ": "Halmahera Timur", "WADMPR": "Maluku Utara", "LUAS_KM": 6484.6026, "COLOR": "#e6852a", "S_DATA": "Badan Informasi Geospasial (BIG)" }, "geometry": { "type": "MultiPolygon", "coordinates": [ [ [ [ 128.655884354000023, 0.559636694000062, 0.0 ], [ 128.65804343800005, 0.55921552600006, 0.0 ], [ 128.656655009000019, 0.555462078000062, 0.0 ], [ 128.653849301000037, 0.553479908000043, 0.0 ], [ 128.651043448000109, 0.554015937000031, 0.0 ], [ 128.649483410000016, 0.557290461000036, 0.0 ], [ 128.650615270000117, 0.556955407000032, 0.0 ], [ 128.652165478000029, 0.559129004000056, 0.0 ], [ 128.655884354000023, 0.559636694000062, 0.0 ] ] ], [ [ [ 128.627781159000051, 0.567100234000065, 0.0 ], [ 128.630206632000068, 0.565482235000047, 0.0 ], [ 128.631643045000033, 0.562092818000053, 0.0 ], [ 128.629931133000014, 0.56028305600006, 0.0 ], [ 128.620667106000042, 0.56150804300006, 0.0 ], [ 128.619069054000079, 0.564045280000073, 0.0 ], [ 128.619962942000029, 0.566630554000028, 0.0 ], [ 128.627781159000051, 0.567100234000065, 0.0 ] ] ], [ [ [ 128.647389855000029, 0.575118801000031, 0.0 ], [ 128.644755351000072, 0.573136632000057, 0.0 ], [ 128.650509677000059, 0.573175289000062, 0.0 ], [ 128.658318301, 0.575636516000031, 0.0 ], [ 128.662027746000035, 0.574985644000037, 0.0 ], [ 128.664443690000098, 0.57376019700007, 0.0 ], [ 128.666422291000117, 0.569422876000033, 0.0 ], [ 128.669998609000118, 0.56820706700006, 0.0 ], [ 128.66332193900007, 0.563687319000053, 0.0 ], [ 128.656464230000097, 0.564969954000048, 0.0 ], [ 128.655399042000113, 0.563677277000068, 0.0 ], [ 128.647932800000035, 0.561895896000067, 0.0 ], [ 128.644099672000038, 0.563331897000069, 0.0 ], [ 128.642530362000116, 0.56254665900002, 0.0 ], [ 128.63568207600008, 0.56541869900002, 0.0 ], [ 128.636223808000068, 0.571977532000062, 0.0 ], [ 128.640665367000111, 0.575271577000024, 0.0 ], [ 128.643166847000089, 0.57507066200003, 0.0 ], [ 128.643956133000074, 0.577493161000064, 0.0 ], [ 128.645573006000063, 0.578230530000042, 0.0 ], [ 128.647389855000029, 0.575118801000031, 0.0 ] ] ], [ [ [ 128.425111616000095, 0.633217081000055, 0.0 ], [ 128.424769232000017, 0.633080605000032, 0.0 ], [ 128.424740650000103, 0.633525820000045, 0.0 ], [ 128.425054518000024, 0.633511494000061, 0.0 ], [ 128.425111616000095, 0.633217081000055, 0.0 ] ] ], [ [ [ 128.646236033000037, 0.622274875000073, 0.0 ], [ 128.636490944000116, 0.625525091000043, 0.0 ], [ 128.632005268000057, 0.631128838000052, 0.0 ], [ 128.633176627000012, 0.633130945000062, 0.0 ], [ 128.640351505000012, 0.633347998000033, 0.0 ], [ 128.647295206000081, 0.623563041000068, 0.0 ], [ 128.646236033000037, 0.622274875000073, 0.0 ] ] ], [ [ [ 128.427543829000115, 0.635479352000061, 0.0 ], [ 128.427336998000101, 0.635156186000074, 0.0 ], [ 128.426980293000042, 0.635508012000059, 0.0 ], [ 128.427315526000029, 0.635809649000066, 0.0 ], [ 128.427543829000115, 0.635479352000061, 0.0 ] ] ], [ [ [ 128.382698755000092, 0.636617606000073, 0.0 ], [ 128.381414717000098, 0.637038729000039, 0.0 ], [ 128.381528702000082, 0.638273856000069, 0.0 ], [ 128.382964946000016, 0.637603814000045, 0.0 ], [ 128.382698755000092, 0.636617606000073, 0.0 ] ] ], [ [ [ 128.384344245000079, 0.635918863000029, 0.0 ], [ 128.383012616000087, 0.636646367000026, 0.0 ], [ 128.383601995000049, 0.639193261000059, 0.0 ], [ 128.384781609000015, 0.63712530600003, 0.0 ], [ 128.384344245000079, 0.635918863000029, 0.0 ] ] ], [ [ [ 128.521374023000021, 0.624692849000041, 0.0 ], [ 128.519423845000119, 0.628838533000021, 0.0 ], [ 128.521573105000016, 0.631873926000026, 0.0 ], [ 128.5328908460001, 0.638960286000042, 0.0 ], [ 128.537142351000057, 0.63931494000002, 0.0 ], [ 128.539967328000102, 0.637850255000046, 0.0 ], [ 128.54051921700011, 0.635198093000042, 0.0 ], [ 128.539035645000013, 0.633101086000067, 0.0 ], [ 128.53078964700012, 0.630199189000052, 0.0 ], [ 128.521374023000021, 0.624692849000041, 0.0 ] ] ], [ [ [ 128.380643731000077, 0.641988662000074, 0.0 ], [ 128.382422588000054, 0.639537801000074, 0.0 ], [ 128.378894217000038, 0.637708641000074, 0.0 ], [ 128.378237592000119, 0.640753256000039, 0.0 ], [ 128.380643731000077, 0.641988662000074, 0.0 ] ] ], [ [ [ 128.36366178500009, 0.651815371000055, 0.0 ], [ 128.363536953000107, 0.651809372000059, 0.0 ], [ 128.363533964000112, 0.651944012000058, 0.0 ], [ 128.363584492000086, 0.651935043000037, 0.0 ], [ 128.36366178500009, 0.651815371000055, 0.0 ] ] ], [ [ [ 128.473862091000115, 0.664652671000056, 0.0 ], [ 128.472385434000103, 0.665025925000066, 0.0 ], [ 128.472820433000038, 0.666332914000066, 0.0 ], [ 128.476750860000038, 0.66718069500007, 0.0 ], [ 128.473862091000115, 0.664652671000056, 0.0 ] ] ], [ [ [ 128.301280246000033, 0.709046547000071, 0.0 ], [ 128.304610755000112, 0.705835044000025, 0.0 ], [ 128.297900320000053, 0.704062329000067, 0.0 ], [ 128.299241905000031, 0.707758886000022, 0.0 ], [ 128.301280246000033, 0.709046547000071, 0.0 ] ] ], [ [ [ 128.518448079000109, 0.707713123000076, 0.0 ], [ 128.517492054000058, 0.708991251000043, 0.0 ], [ 128.518854337000107, 0.711138529000038, 0.0 ], [ 128.52554537900005, 0.713279182000065, 0.0 ], [ 128.518448079000109, 0.707713123000076, 0.0 ] ] ], [ [ [ 128.55177371700006, 0.730303415000037, 0.0 ], [ 128.548967720000064, 0.731452106000063, 0.0 ], [ 128.548358811000071, 0.733194654000044, 0.0 ], [ 128.54982351600006, 0.733817163000026, 0.0 ], [ 128.5524678270001, 0.732591858000035, 0.0 ], [ 128.553238393000015, 0.731222742000057, 0.0 ], [ 128.55177371700006, 0.730303415000037, 0.0 ] ] ], [ [ [ 128.496220309000023, 0.757566792000034, 0.0 ], [ 128.495725887000049, 0.758228144000043, 0.0 ], [ 128.497315270000058, 0.758499194000024, 0.0 ], [ 128.497090074000084, 0.757844055000021, 0.0 ], [ 128.496220309000023, 0.757566792000034, 0.0 ] ] ], [ [ [ 128.327403258000118, 0.761318589000041, 0.0 ], [ 128.32696812100005, 0.761325702000022, 0.0 ], [ 128.326568554000119, 0.761957550000034, 0.0 ], [ 128.327959603000068, 0.761699259000068, 0.0 ], [ 128.327403258000118, 0.761318589000041, 0.0 ] ] ], [ [ [ 128.34958072500001, 0.781238076000022, 0.0 ], [ 128.349361961000113, 0.781266765000055, 0.0 ], [ 128.349390461000098, 0.781486982000047, 0.0 ], [ 128.34960921600009, 0.781515740000032, 0.0 ], [ 128.34958072500001, 0.781238076000022, 0.0 ] ] ], [ [ [ 127.797604756000055, 0.788809098000058, 0.0 ], [ 127.797461980000094, 0.789258984000071, 0.0 ], [ 127.797747251000033, 0.789335652000034, 0.0 ], [ 127.797785357000066, 0.789105912000025, 0.0 ], [ 127.797604756000055, 0.788809098000058, 0.0 ] ] ], [ [ [ 128.31934327700003, 0.789036387000067, 0.0 ], [ 128.318924772000059, 0.789103339000064, 0.0 ], [ 128.318819996000116, 0.790041612000039, 0.0 ], [ 128.319599944000061, 0.789869402000022, 0.0 ], [ 128.31934327700003, 0.789036387000067, 0.0 ] ] ], [ [ [ 128.301004696000064, 0.776741834000063, 0.0 ], [ 128.304619565000053, 0.772874391000073, 0.0 ], [ 128.3026235210001, 0.764879470000039, 0.0 ], [ 128.301281326000094, 0.771811085000024, 0.0 ], [ 128.297581457000092, 0.772040257000072, 0.0 ], [ 128.29637324700002, 0.773840033000056, 0.0 ], [ 128.296896073000084, 0.775582652000026, 0.0 ], [ 128.293814141000098, 0.777535302000047, 0.0 ], [ 128.295801673000028, 0.779316465000022, 0.0 ], [ 128.295753420000096, 0.783500446000062, 0.0 ], [ 128.291387094000015, 0.787712413000065, 0.0 ], [ 128.293117731000052, 0.790039274000037, 0.0 ], [ 128.296551776000115, 0.786976070000037, 0.0 ], [ 128.301441906000036, 0.77858018400002, 0.0 ], [ 128.301004696000064, 0.776741834000063, 0.0 ] ] ], [ [ [ 127.796653733000085, 0.78896198800004, 0.0 ], [ 127.794732592000059, 0.789545378000071, 0.0 ], [ 127.794303959000104, 0.791948061000028, 0.0 ], [ 127.797556833000044, 0.790111005000028, 0.0 ], [ 127.796653733000085, 0.78896198800004, 0.0 ] ] ], [ [ [ 128.293849655000031, 0.792614898000068, 0.0 ], [ 128.293659539000032, 0.791982959000052, 0.0 ], [ 128.292556212000022, 0.792164681000031, 0.0 ], [ 128.293640344000096, 0.79299783600004, 0.0 ], [ 128.293849655000031, 0.792614898000068, 0.0 ] ] ], [ [ [ 128.211013826000112, 0.789009946000022, 0.0 ], [ 128.210252602000082, 0.790838465000036, 0.0 ], [ 128.207265588000041, 0.793815453000036, 0.0 ], [ 128.209215226000083, 0.794419001000051, 0.0 ], [ 128.211022526000079, 0.793299172000047, 0.0 ], [ 128.211013826000112, 0.789009946000022, 0.0 ] ] ], [ [ [ 128.509571292000032, 0.799016022000046, 0.0 ], [ 128.508639051000046, 0.799925509000047, 0.0 ], [ 128.509542543000066, 0.800816067000028, 0.0 ], [ 128.510227498000063, 0.799782079000067, 0.0 ], [ 128.509571292000032, 0.799016022000046, 0.0 ] ] ], [ [ [ 128.349178074000065, 0.801631598000029, 0.0 ], [ 128.351755525000044, 0.80234051900004, 0.0 ], [ 128.353696204000016, 0.799966362000021, 0.0 ], [ 128.347838016000082, 0.795053736000057, 0.0 ], [ 128.345184497000105, 0.794239486000038, 0.0 ], [ 128.344443093000109, 0.791213843000037, 0.0 ], [ 128.346925962000114, 0.788485520000052, 0.0 ], [ 128.346679059000053, 0.78597697500004, 0.0 ], [ 128.349247738000031, 0.781841215000043, 0.0 ], [ 128.343341583000097, 0.779705189000026, 0.0 ], [ 128.34128691, 0.781284648000053, 0.0 ], [ 128.339793699000097, 0.780939732000036, 0.0 ], [ 128.338452917000041, 0.779005485000027, 0.0 ], [ 128.338928927000097, 0.776123655000049, 0.0 ], [ 128.336180572000103, 0.773633871000072, 0.0 ], [ 128.326916823000033, 0.772598365000022, 0.0 ], [ 128.323882537000031, 0.773967020000043, 0.0 ], [ 128.32159040800002, 0.773545378000051, 0.0 ], [ 128.320990222000091, 0.779701619000036, 0.0 ], [ 128.324812773000076, 0.785647945000051, 0.0 ], [ 128.323356907000061, 0.78967853100005, 0.0 ], [ 128.324782733, 0.794973411000058, 0.0 ], [ 128.328405952000026, 0.798459091000041, 0.0 ], [ 128.329965758000071, 0.798708282000064, 0.0 ], [ 128.331583031000036, 0.796477707000065, 0.0 ], [ 128.334236599000064, 0.796928138000055, 0.0 ], [ 128.33828766900001, 0.80148622400003, 0.0 ], [ 128.34042772600003, 0.801371679000056, 0.0 ], [ 128.342263083000034, 0.803382608000049, 0.0 ], [ 128.349178074000065, 0.801631598000029, 0.0 ] ] ], [ [ [ 128.276296671000068, 0.80368315100003, 0.0 ], [ 128.274017400000048, 0.804447499000048, 0.0 ], [ 128.271931218000077, 0.808375869000031, 0.0 ], [ 128.275849374000018, 0.805992335000042, 0.0 ], [ 128.276296671000068, 0.80368315100003, 0.0 ] ] ], [ [ [ 128.295665530000065, 0.797096003000036, 0.0 ], [ 128.294124993000082, 0.79547767300005, 0.0 ], [ 128.291014543000074, 0.797210092000057, 0.0 ], [ 128.293848299000047, 0.800580750000051, 0.0 ], [ 128.293724212000029, 0.803156227000045, 0.0 ], [ 128.29573081400008, 0.804678896000041, 0.0 ], [ 128.296671262000018, 0.811428975000069, 0.0 ], [ 128.297651343000098, 0.808958964000055, 0.0 ], [ 128.296862919000091, 0.803089751000073, 0.0 ], [ 128.299174725000057, 0.799652958000024, 0.0 ], [ 128.295665530000065, 0.797096003000036, 0.0 ] ] ], [ [ [ 128.271782148000057, 0.808975650000036, 0.0 ], [ 128.270053918000031, 0.810414876000038, 0.0 ], [ 128.271930528000098, 0.812244631000056, 0.0 ], [ 128.272094682000102, 0.810595189000026, 0.0 ], [ 128.271782148000057, 0.808975650000036, 0.0 ] ] ], [ [ [ 128.449156262000088, 0.812613630000044, 0.0 ], [ 128.448968452000031, 0.812664699000038, 0.0 ], [ 128.449470937000115, 0.812777175000065, 0.0 ], [ 128.449430343000017, 0.812685199000043, 0.0 ], [ 128.449156262000088, 0.812613630000044, 0.0 ] ] ], [ [ [ 128.24484682800005, 0.813971105000064, 0.0 ], [ 128.247281773000054, 0.813435406000053, 0.0 ], [ 128.248727814000063, 0.811539977000052, 0.0 ], [ 128.254853219000097, 0.810229444000072, 0.0 ], [ 128.25187728100002, 0.804513063000059, 0.0 ], [ 128.253485086000069, 0.80215809300006, 0.0 ], [ 128.257717423000031, 0.802752472000066, 0.0 ], [ 128.258183787, 0.800981318000026, 0.0 ], [ 128.25575867900011, 0.799726647000057, 0.0 ], [ 128.255359491000036, 0.798185118000049, 0.0 ], [ 128.260001736000049, 0.793552015000046, 0.0 ], [ 128.262778865000087, 0.794193991000043, 0.0 ], [ 128.266117608000059, 0.79225100900004, 0.0 ], [ 128.265642535000097, 0.789503105000051, 0.0 ], [ 128.262170638000043, 0.791465213000038, 0.0 ], [ 128.258908574000088, 0.790095507000046, 0.0 ], [ 128.252925708000021, 0.79229650700006, 0.0 ], [ 128.252030929000057, 0.796394124000074, 0.0 ], [ 128.246599662000108, 0.798805838000021, 0.0 ], [ 128.247198080000089, 0.80308563400007, 0.0 ], [ 128.244820152000102, 0.80392772600004, 0.0 ], [ 128.245342900000082, 0.805890542000043, 0.0 ], [ 128.242469830000118, 0.809777144000066, 0.0 ], [ 128.241261053000017, 0.814429990000065, 0.0 ], [ 128.24484682800005, 0.813971105000064, 0.0 ] ] ], [ [ [ 128.319826204000037, 0.822297136000032, 0.0 ], [ 128.319474769000067, 0.822898305000024, 0.0 ], [ 128.320184391000112, 0.823315751000052, 0.0 ], [ 128.320317943000077, 0.823046988000044, 0.0 ], [ 128.319826204000037, 0.822297136000032, 0.0 ] ] ], [ [ [ 128.442011746000048, 0.838606059000028, 0.0 ], [ 128.44169110200005, 0.838602753000032, 0.0 ], [ 128.441668406000076, 0.838772286000051, 0.0 ], [ 128.442183378000095, 0.838785401000052, 0.0 ], [ 128.442011746000048, 0.838606059000028, 0.0 ] ] ], [ [ [ 128.326106174000074, 0.837737686000025, 0.0 ], [ 128.32976829800009, 0.836225560000059, 0.0 ], [ 128.33208051400004, 0.830538753000042, 0.0 ], [ 128.326718917000107, 0.82497201700005, 0.0 ], [ 128.323718607000046, 0.82449052100003, 0.0 ], [ 128.321666314000026, 0.826410403000068, 0.0 ], [ 128.319362716000114, 0.837286516000063, 0.0 ], [ 128.319789620000051, 0.843672710000021, 0.0 ], [ 128.322262682000087, 0.843022086000076, 0.0 ], [ 128.326106174000074, 0.837737686000025, 0.0 ] ] ], [ [ [ 127.695069984000042, 0.879722500000071, 0.0 ], [ 127.694423200000074, 0.880095603000029, 0.0 ], [ 127.695107663000044, 0.880756351000059, 0.0 ], [ 127.695421598000053, 0.88042142200004, 0.0 ], [ 127.695069984000042, 0.879722500000071, 0.0 ] ] ], [ [ [ 128.360349930000098, 0.913531775000024, 0.0 ], [ 128.360749470000087, 0.91322546300006, 0.0 ], [ 128.353834669000094, 0.912525284000026, 0.0 ], [ 128.357115993000093, 0.913502471000072, 0.0 ], [ 128.360349930000098, 0.913531775000024, 0.0 ] ] ], [ [ [ 127.929410207000046, 0.995893071000069, 0.0 ], [ 127.933076890000052, 0.991713668000045, 0.0 ], [ 127.930585459000099, 0.989753957000062, 0.0 ], [ 127.928140019000011, 0.989989424000044, 0.0 ], [ 127.926284858000031, 0.99175989400004, 0.0 ], [ 127.925001150000071, 0.991012752000074, 0.0 ], [ 127.924334259000034, 0.994545106000032, 0.0 ], [ 127.927537678000022, 0.994500888000061, 0.0 ], [ 127.929063904000031, 0.99663885700005, 0.0 ], [ 127.929410207000046, 0.995893071000069, 0.0 ] ] ], [ [ [ 128.552295978000075, 0.996698752000043, 0.0 ], [ 128.552086723000116, 0.996612551000055, 0.0 ], [ 128.55276195700003, 0.997550971000067, 0.0 ], [ 128.552590818000112, 0.996966886000052, 0.0 ], [ 128.552295978000075, 0.996698752000043, 0.0 ] ] ], [ [ [ 128.553323136000017, 0.997828715000026, 0.0 ], [ 128.55358943300007, 0.998144719000038, 0.0 ], [ 128.554036515, 0.998058607000075, 0.0 ], [ 128.553874835000101, 0.997867090000057, 0.0 ], [ 128.553323136000017, 0.997828715000026, 0.0 ] ] ], [ [ [ 127.951333274000035, 1.024422319000053, 0.0 ], [ 127.950651055000094, 1.024605478000069, 0.0 ], [ 127.951064424000037, 1.026645985000073, 0.0 ], [ 127.952448117000017, 1.025408864000042, 0.0 ], [ 127.951333274000035, 1.024422319000053, 0.0 ] ] ], [ [ [ 128.629962778000049, 1.042163173000063, 0.0 ], [ 128.629824859000109, 1.042076983000072, 0.0 ], [ 128.629706002000034, 1.041665250000051, 0.0 ], [ 128.629520464000052, 1.042067373000066, 0.0 ], [ 128.629962778000049, 1.042163173000063, 0.0 ] ] ], [ [ [ 128.622361992000037, 1.045652299000039, 0.0 ], [ 128.622200279000026, 1.045671430000027, 0.0 ], [ 128.622143190000088, 1.045795896000072, 0.0 ], [ 128.62238099800004, 1.045800712000073, 0.0 ], [ 128.622361992000037, 1.045652299000039, 0.0 ] ] ], [ [ [ 128.665506469000093, 1.057948998000029, 0.0 ], [ 128.66537092100009, 1.057905896000022, 0.0 ], [ 128.665342359000078, 1.058142872000076, 0.0 ], [ 128.665485051000019, 1.058085437000045, 0.0 ], [ 128.665506469000093, 1.057948998000029, 0.0 ] ] ], [ [ [ 128.68873153800007, 1.10062922700007, 0.0 ], [ 128.688546038000027, 1.100679475000049, 0.0 ], [ 128.688638727000011, 1.101239618000022, 0.0 ], [ 128.688852777000079, 1.101088835000041, 0.0 ], [ 128.68873153800007, 1.10062922700007, 0.0 ] ] ], [ [ [ 128.68885272700004, 1.101562794000074, 0.0 ], [ 128.688724249000074, 1.102122912000027, 0.0 ], [ 128.689066574000094, 1.10335811300007, 0.0 ], [ 128.689380529000118, 1.102984724000066, 0.0 ], [ 128.68885272700004, 1.101562794000074, 0.0 ] ] ], [ [ [ 128.689209227000106, 1.103702825000028, 0.0 ], [ 128.689116478000074, 1.103724358000022, 0.0 ], [ 128.689087919000031, 1.103925429000071, 0.0 ], [ 128.689237751000064, 1.103839270000037, 0.0 ], [ 128.689209227000106, 1.103702825000028, 0.0 ] ] ], [ [ [ 128.144690739000112, 1.120479502000023, 0.0 ], [ 128.144357730000024, 1.120820477000052, 0.0 ], [ 128.14439328800006, 1.121203447000028, 0.0 ], [ 128.144839225000055, 1.120946278000019, 0.0 ], [ 128.144690739000112, 1.120479502000023, 0.0 ] ] ], [ [ [ 128.147995556000069, 1.122251660000074, 0.0 ], [ 128.14783498700001, 1.12245505900006, 0.0 ], [ 128.148090568000043, 1.122616696000023, 0.0 ], [ 128.148185751000028, 1.12238934100003, 0.0 ], [ 128.147995556000069, 1.122251660000074, 0.0 ] ] ], [ [ [ 128.192073807000043, 1.162803967000059, 0.0 ], [ 128.191881200000012, 1.162768008000057, 0.0 ], [ 128.191759873000024, 1.162940307000042, 0.0 ], [ 128.19214506700007, 1.163084029000061, 0.0 ], [ 128.192073807000043, 1.162803967000059, 0.0 ] ] ], [ [ [ 128.192466093, 1.163098483000056, 0.0 ], [ 128.192487417000052, 1.163371351000023, 0.0 ], [ 128.19279420600003, 1.163278092000041, 0.0 ], [ 128.192680090000067, 1.163177531000031, 0.0 ], [ 128.192466093, 1.163098483000056, 0.0 ] ] ], [ [ [ 128.193293464000021, 1.163701890000027, 0.0 ], [ 128.192922516000067, 1.163637157000039, 0.0 ], [ 128.192694182000082, 1.163795064000055, 0.0 ], [ 128.192986653000048, 1.163874135000071, 0.0 ], [ 128.193293464000021, 1.163701890000027, 0.0 ] ] ], [ [ [ 128.194284715000094, 1.165023400000052, 0.0 ], [ 128.194170538000094, 1.165138257000024, 0.0 ], [ 128.194491558000095, 1.165174251000053, 0.0 ], [ 128.19449872000007, 1.16507372600006, 0.0 ], [ 128.194284715000094, 1.165023400000052, 0.0 ] ] ], [ [ [ 128.692270234000034, 1.168082487000049, 0.0 ], [ 128.692206025000019, 1.168053756000063, 0.0 ], [ 128.692084729000044, 1.168125554000028, 0.0 ], [ 128.692341563000014, 1.168233300000054, 0.0 ], [ 128.692270234000034, 1.168082487000049, 0.0 ] ] ], [ [ [ 128.197612843000115, 1.177159538000069, 0.0 ], [ 128.197405913000011, 1.177310271000067, 0.0 ], [ 128.197662689000026, 1.177482679000036, 0.0 ], [ 128.197691262000035, 1.177353436000033, 0.0 ], [ 128.197612843000115, 1.177159538000069, 0.0 ] ] ], [ [ [ 128.197883620000084, 1.178265426000053, 0.0 ], [ 128.197748030000071, 1.178416180000056, 0.0 ], [ 128.197883520000119, 1.178617274000032, 0.0 ], [ 128.197976289000053, 1.17852395400007, 0.0 ], [ 128.197883620000084, 1.178265426000053, 0.0 ] ] ], [ [ [ 128.717475708000052, 1.246027021000032, 0.0 ], [ 128.716976257000056, 1.246141866000073, 0.0 ], [ 128.717233065000073, 1.246579947000043, 0.0 ], [ 128.717482795000024, 1.246479438000051, 0.0 ], [ 128.717475708000052, 1.246027021000032, 0.0 ] ] ], [ [ [ 128.360143537000113, 1.480490917000054, 0.0 ], [ 128.359722378000015, 1.481129888000055, 0.0 ], [ 128.359986324000033, 1.481323846000066, 0.0 ], [ 128.360114803000101, 1.481165906000058, 0.0 ], [ 128.360143537000113, 1.480490917000054, 0.0 ] ] ], [ [ [ 128.696928112000023, 1.504403469000067, 0.0 ], [ 128.696835346000057, 1.504424999000037, 0.0 ], [ 128.696806782000067, 1.504582981000055, 0.0 ], [ 128.696906679000108, 1.504597357000023, 0.0 ], [ 128.696928112000023, 1.504403469000067, 0.0 ] ] ], [ [ [ 128.697798639000098, 1.504511308000076, 0.0 ], [ 128.697605990000056, 1.504425107000031, 0.0 ], [ 128.697413287000018, 1.504726689000051, 0.0 ], [ 128.697784340000112, 1.504712378000022, 0.0 ], [ 128.697798639000098, 1.504511308000076, 0.0 ] ] ], [ [ [ 128.697166843000105, 1.515242279000063, 0.0 ], [ 128.696795764000058, 1.515436119000071, 0.0 ], [ 128.69678860700003, 1.515586922000068, 0.0 ], [ 128.697002683000051, 1.51553668400004, 0.0 ], [ 128.697166843000105, 1.515242279000063, 0.0 ] ] ], [ [ [ 128.698229612000091, 1.518416506000051, 0.0 ], [ 128.698258203000023, 1.518064632000062, 0.0 ], [ 128.697344846000078, 1.518035778000069, 0.0 ], [ 128.697558822000019, 1.51870365700006, 0.0 ], [ 128.698229612000091, 1.518416506000051, 0.0 ] ] ], [ [ [ 128.670468101000097, 1.589800211000068, 0.0 ], [ 128.676383959000077, 1.588314654000044, 0.0 ], [ 128.683506517000069, 1.581895812000027, 0.0 ], [ 128.698363328000028, 1.581991394000056, 0.0 ], [ 128.699062826000045, 1.58070606800004, 0.0 ], [ 128.698106893000045, 1.578831644000047, 0.0 ], [ 128.699113154000088, 1.578077768000071, 0.0 ], [ 128.721827220000023, 1.572946405000039, 0.0 ], [ 128.725074686000085, 1.567876924000075, 0.0 ], [ 128.725888688000055, 1.563884293000058, 0.0 ], [ 128.723491778000039, 1.558376010000075, 0.0 ], [ 128.723627906000047, 1.554160674000059, 0.0 ], [ 128.724605535000023, 1.55394536700004, 0.0 ], [ 128.723685018000083, 1.553966790000061, 0.0 ], [ 128.723692607000089, 1.550469555000063, 0.0 ], [ 128.727061920000097, 1.540796938000028, 0.0 ], [ 128.729730608000068, 1.541378956000074, 0.0 ], [ 128.730915311000103, 1.540014681000059, 0.0 ], [ 128.731287172000066, 1.533587566000051, 0.0 ], [ 128.728768324000043, 1.533149193000042, 0.0 ], [ 128.724665959000049, 1.527949488000047, 0.0 ], [ 128.72360267800002, 1.528452034000054, 0.0 ], [ 128.722439759000054, 1.526915110000061, 0.0 ], [ 128.720905383000058, 1.528501952000056, 0.0 ], [ 128.717515872000035, 1.528989826000043, 0.0 ], [ 128.716495164000094, 1.531316393000054, 0.0 ], [ 128.71520367100004, 1.530813538000075, 0.0 ], [ 128.712791037000102, 1.536601243000064, 0.0 ], [ 128.708687741000062, 1.538575507000076, 0.0 ], [ 128.705698168000026, 1.53647101100006, 0.0 ], [ 128.704313715000012, 1.537390008000045, 0.0 ], [ 128.703486244000032, 1.535436614000048, 0.0 ], [ 128.701752318000104, 1.535084494000046, 0.0 ], [ 128.696478795000075, 1.536850314000048, 0.0 ], [ 128.695937388000061, 1.530430274000025, 0.0 ], [ 128.697864556000013, 1.526588623000066, 0.0 ], [ 128.6976150160001, 1.525102086000061, 0.0 ], [ 128.695881080000049, 1.524900768000066, 0.0 ], [ 128.697601427000109, 1.520204528000022, 0.0 ], [ 128.699092418000077, 1.522789958000033, 0.0 ], [ 128.697829728000102, 1.520491807000042, 0.0 ], [ 128.70023436800011, 1.52100918800005, 0.0 ], [ 128.698550700000055, 1.518524268000021, 0.0 ], [ 128.697558779000019, 1.51901962900007, 0.0 ], [ 128.696603038000035, 1.515902867000023, 0.0 ], [ 128.696645918000058, 1.515421735000075, 0.0 ], [ 128.69756179400008, 1.514428469000052, 0.0 ], [ 128.695472021000114, 1.507512710000071, 0.0 ], [ 128.696542805000036, 1.504295697000032, 0.0 ], [ 128.688400502000036, 1.508524248000072, 0.0 ], [ 128.684233559000063, 1.50683607000002, 0.0 ], [ 128.681772400000114, 1.50257010200005, 0.0 ], [ 128.679411841000046, 1.49351910300004, 0.0 ], [ 128.685099470000068, 1.472436038000069, 0.0 ], [ 128.686278535000042, 1.460149233000038, 0.0 ], [ 128.692445410000118, 1.446441239000023, 0.0 ], [ 128.71281349100002, 1.417273956000031, 0.0 ], [ 128.722618586000067, 1.407515919000048, 0.0 ], [ 128.732466146000093, 1.400106080000057, 0.0 ], [ 128.743561879000026, 1.396760888000074, 0.0 ], [ 128.752773236000053, 1.399555371000019, 0.0 ], [ 128.756719262000047, 1.397523504000048, 0.0 ], [ 128.758210838000082, 1.394586543000059, 0.0 ], [ 128.757733349000091, 1.388949241000034, 0.0 ], [ 128.75487978000001, 1.38374256700007, 0.0 ], [ 128.751904694000018, 1.380740510000066, 0.0 ], [ 128.747288250000111, 1.38023733600005, 0.0 ], [ 128.741709569000022, 1.37029076400006, 0.0 ], [ 128.741332192000073, 1.362922807000075, 0.0 ], [ 128.745706909000091, 1.354772605000051, 0.0 ], [ 128.747406100000035, 1.344848352000042, 0.0 ], [ 128.744802321000066, 1.339612979000037, 0.0 ], [ 128.744267630000081, 1.335347285000068, 0.0 ], [ 128.746686729000089, 1.332410422000066, 0.0 ], [ 128.746308811000063, 1.330040584000074, 0.0 ], [ 128.742582633000097, 1.323134268000047, 0.0 ], [ 128.741912434000028, 1.318322788000046, 0.0 ], [ 128.740428314000042, 1.318609881000043, 0.0 ], [ 128.738309599000104, 1.314817980000043, 0.0 ], [ 128.741513669000028, 1.310559860000069, 0.0 ], [ 128.73598452400006, 1.305783778000034, 0.0 ], [ 128.734493610000072, 1.302896776000068, 0.0 ], [ 128.728136605000032, 1.300289317000022, 0.0 ], [ 128.723725352000088, 1.302109092000023, 0.0 ], [ 128.720333976, 1.300842922000072, 0.0 ], [ 128.713851385000112, 1.295190922000074, 0.0 ], [ 128.710387195000067, 1.289373244000046, 0.0 ], [ 128.709666304000052, 1.28114219400004, 0.0 ], [ 128.712207454, 1.271095995000053, 0.0 ], [ 128.710580374000074, 1.269868152000072, 0.0 ], [ 128.714056375000041, 1.262134071000048, 0.0 ], [ 128.720813870000029, 1.254932067000027, 0.0 ], [ 128.718752412000072, 1.25007735500003, 0.0 ], [ 128.719423300000017, 1.24807387200002, 0.0 ], [ 128.719052403000092, 1.246996652000064, 0.0 ], [ 128.716619355000034, 1.247635516000059, 0.0 ], [ 128.710654987000112, 1.244388964000052, 0.0 ], [ 128.710819271000105, 1.242715764000025, 0.0 ], [ 128.709442289000094, 1.242363734000037, 0.0 ], [ 128.7100275250001, 1.240704942000036, 0.0 ], [ 128.708429294000098, 1.240992014000028, 0.0 ], [ 128.702600844000017, 1.234786813000028, 0.0 ], [ 128.698129607000055, 1.214420461000032, 0.0 ], [ 128.694192051000073, 1.207123932000059, 0.0 ], [ 128.69452091200003, 1.201156405000063, 0.0 ], [ 128.690789777000077, 1.198369684000056, 0.0 ], [ 128.693566723000117, 1.184330781000028, 0.0 ], [ 128.690035787000056, 1.177845777000073, 0.0 ], [ 128.691912634000118, 1.173853248000057, 0.0 ], [ 128.69105667700012, 1.172050676000026, 0.0 ], [ 128.692391704000102, 1.166402103000053, 0.0 ], [ 128.691635875000088, 1.162359013000071, 0.0 ], [ 128.694047710000063, 1.159192373000053, 0.0 ], [ 128.691786647000072, 1.153612345000056, 0.0 ], [ 128.695682668000018, 1.14850694200004, 0.0 ], [ 128.696796418000076, 1.141297147000046, 0.0 ], [ 128.694784710000022, 1.139063583000052, 0.0 ], [ 128.69507928400003, 1.119315344000029, 0.0 ], [ 128.692190770000025, 1.110101576000034, 0.0 ], [ 128.688588412000058, 1.104837386000042, 0.0 ], [ 128.688239825000096, 1.095193017000042, 0.0 ], [ 128.688960939000026, 1.089972370000055, 0.0 ], [ 128.69349253900009, 1.07762837100006, 0.0 ], [ 128.695354827000074, 1.07550292600007, 0.0 ], [ 128.697009987000115, 1.075696984000047, 0.0 ], [ 128.69917217200009, 1.070950430000039, 0.0 ], [ 128.700128507000045, 1.067582543000071, 0.0 ], [ 128.699208408000118, 1.065155209000068, 0.0 ], [ 128.696212132000028, 1.063524783000048, 0.0 ], [ 128.691010903000119, 1.066317745000049, 0.0 ], [ 128.683358538000107, 1.067958265000073, 0.0 ], [ 128.676278880000041, 1.062129594000055, 0.0 ], [ 128.670542846000103, 1.062322876000053, 0.0 ], [ 128.667054492000034, 1.059141240000031, 0.0 ], [ 128.662781074, 1.058695542000066, 0.0 ], [ 128.660070307000069, 1.05613874900007, 0.0 ], [ 128.656132121000041, 1.056511734000026, 0.0 ], [ 128.651687643000059, 1.054694401000063, 0.0 ], [ 128.648014246000116, 1.05573570200005, 0.0 ], [ 128.643555277000019, 1.048101174000067, 0.0 ], [ 128.633405947000028, 1.044791879000059, 0.0 ], [ 128.630776029000117, 1.042632438000055, 0.0 ], [ 128.628079188000015, 1.043378957000073, 0.0 ], [ 128.626276136000115, 1.047280496000042, 0.0 ], [ 128.623679313000025, 1.046830166000063, 0.0 ], [ 128.622314360000018, 1.046231572000067, 0.0 ], [ 128.621886382000071, 1.045585218000042, 0.0 ], [ 128.620811316000072, 1.046997378000071, 0.0 ], [ 128.618133609000097, 1.046810341000025, 0.0 ], [ 128.613639674000069, 1.041457450000053, 0.0 ], [ 128.613016411000103, 1.043142545000023, 0.0 ], [ 128.609991450000052, 1.043438990000027, 0.0 ], [ 128.603115246000016, 1.033714884000062, 0.0 ], [ 128.601298360000101, 1.034001900000021, 0.0 ], [ 128.600528147000091, 1.031732568000052, 0.0 ], [ 128.590626687000054, 1.025215639000066, 0.0 ], [ 128.573915741000064, 1.009357582000064, 0.0 ], [ 128.552495757000088, 0.996516859000053, 0.0 ], [ 128.555215950000047, 0.998585381000055, 0.0 ], [ 128.553770087000089, 0.998709655000027, 0.0 ], [ 128.551202156000045, 0.996162416000061, 0.0 ], [ 128.54627946800008, 0.98963100800006, 0.0 ], [ 128.539057892000073, 0.976436738000075, 0.0 ], [ 128.533874494000088, 0.971552898000027, 0.0 ], [ 128.522603118, 0.968870389000074, 0.0 ], [ 128.519654134, 0.970717892000039, 0.0 ], [ 128.516429571000117, 0.97065998100004, 0.0 ], [ 128.514298594000024, 0.972670365000056, 0.0 ], [ 128.506146790000116, 0.972774496000056, 0.0 ], [ 128.49081521800008, 0.961004915000046, 0.0 ], [ 128.485669390000112, 0.960123268000075, 0.0 ], [ 128.478554983000095, 0.956713602000036, 0.0 ], [ 128.47780342100009, 0.957508184000062, 0.0 ], [ 128.455623660000015, 0.944837474000053, 0.0 ], [ 128.447454797000091, 0.933327484000074, 0.0 ], [ 128.441149052000014, 0.92966898100002, 0.0 ], [ 128.430819364000058, 0.929054546000032, 0.0 ], [ 128.415914044000033, 0.931531910000047, 0.0 ], [ 128.410293214000035, 0.927863913000067, 0.0 ], [ 128.405158054000026, 0.920835329000056, 0.0 ], [ 128.394942332000028, 0.921829349000063, 0.0 ], [ 128.391965375000041, 0.920660747000056, 0.0 ], [ 128.384700101000021, 0.911037107000027, 0.0 ], [ 128.372448591000079, 0.914137115000074, 0.0 ], [ 128.362375984000096, 0.913053414000046, 0.0 ], [ 128.359274911000057, 0.914709241000025, 0.0 ], [ 128.352731326000026, 0.912515510000048, 0.0 ], [ 128.346169003000114, 0.908837730000073, 0.0 ], [ 128.341973864000011, 0.911833761000025, 0.0 ], [ 128.338625931000024, 0.911095912000064, 0.0 ], [ 128.334421643000042, 0.912100447000057, 0.0 ], [ 128.329752427000017, 0.906948543000055, 0.0 ], [ 128.325206250000065, 0.905176428000061, 0.0 ], [ 128.316618803000097, 0.897457856000074, 0.0 ], [ 128.302013541000065, 0.892345566000074, 0.0 ], [ 128.298409487000072, 0.888237481000033, 0.0 ], [ 128.296822335000115, 0.881583009000053, 0.0 ], [ 128.287559282000075, 0.87613344500005, 0.0 ], [ 128.279695170000082, 0.866787406000071, 0.0 ], [ 128.282140545000061, 0.861646466000025, 0.0 ], [ 128.28079084500007, 0.856801608000069, 0.0 ], [ 128.281761821000032, 0.852368884000043, 0.0 ], [ 128.290084909000029, 0.848511981000058, 0.0 ], [ 128.292539609000073, 0.844175259000053, 0.0 ], [ 128.298103722000064, 0.844147551000049, 0.0 ], [ 128.300995618000115, 0.841572574000054, 0.0 ], [ 128.301452592000032, 0.839140770000029, 0.0 ], [ 128.295118891000016, 0.834563091000064, 0.0 ], [ 128.295718563000037, 0.831958977000056, 0.0 ], [ 128.300237050000078, 0.828359829000021, 0.0 ], [ 128.302186412000083, 0.830916528000046, 0.0 ], [ 128.304212535000033, 0.829653072000042, 0.0 ], [ 128.308188193000092, 0.829988877000062, 0.0 ], [ 128.309243515000048, 0.832468825000035, 0.0 ], [ 128.313277166000034, 0.827481282000065, 0.0 ], [ 128.312499467000066, 0.816568369000038, 0.0 ], [ 128.310074224000118, 0.815811575000055, 0.0 ], [ 128.306963814000028, 0.817151448000061, 0.0 ], [ 128.29670107700008, 0.817752837000057, 0.0 ], [ 128.293476944000076, 0.816756536000071, 0.0 ], [ 128.295236099000022, 0.819179155000029, 0.0 ], [ 128.292305861000045, 0.823601980000035, 0.0 ], [ 128.287930892000077, 0.82248099800006, 0.0 ], [ 128.286400014000037, 0.82005841900002, 0.0 ], [ 128.282215039000107, 0.820287449000034, 0.0 ], [ 128.272883287000013, 0.827255842000056, 0.0 ], [ 128.268621048000114, 0.833899609000071, 0.0 ], [ 128.264274309000029, 0.834521122000069, 0.0 ], [ 128.260764067000082, 0.837775711000063, 0.0 ], [ 128.257539866000116, 0.837258087000066, 0.0 ], [ 128.255827513000099, 0.839048147000028, 0.0 ], [ 128.252622202000111, 0.839248592000047, 0.0 ], [ 128.24952106100011, 0.84183304000004, 0.0 ], [ 128.246811154000056, 0.83774431400002, 0.0 ], [ 128.245727919000046, 0.832296363000069, 0.0 ], [ 128.246965206000027, 0.827873302000057, 0.0 ], [ 128.250836488000118, 0.826591091000068, 0.0 ], [ 128.25130286600006, 0.824819942000033, 0.0 ], [ 128.248316005000106, 0.826734225000052, 0.0 ], [ 128.246147384000096, 0.827145503000054, 0.0 ], [ 128.244492779000097, 0.825373953000053, 0.0 ], [ 128.242970782000043, 0.82651299500003, 0.0 ], [ 128.243504139000038, 0.82262595900005, 0.0 ], [ 128.241050691000055, 0.820385121000072, 0.0 ], [ 128.241517180000073, 0.81802037500006, 0.0 ], [ 128.239662862000046, 0.816162622000036, 0.0 ], [ 128.234993115000066, 0.815079845000071, 0.0 ], [ 128.232339380000099, 0.815816551000069, 0.0 ], [ 128.228478255000027, 0.813833948000024, 0.0 ], [ 128.227213014000085, 0.815241110000045, 0.0 ], [ 128.227070636, 0.813728360000027, 0.0 ], [ 128.223484864000056, 0.814244673000076, 0.0 ], [ 128.219547660000103, 0.812281202000065, 0.0 ], [ 128.215810697000052, 0.807704019000028, 0.0 ], [ 128.213518356, 0.808651415000043, 0.0 ], [ 128.205614894000064, 0.807625433000055, 0.0 ], [ 128.202125560000013, 0.801420703000076, 0.0 ], [ 128.203809585000045, 0.798414751000053, 0.0 ], [ 128.203013872000042, 0.795423086000028, 0.0 ], [ 128.19831659700003, 0.78946706000005, 0.0 ], [ 128.203339167000081, 0.785341577000054, 0.0 ], [ 128.20262617100002, 0.783618095000065, 0.0 ], [ 128.208399997000015, 0.780009740000025, 0.0 ], [ 128.212930059000087, 0.764548317000049, 0.0 ], [ 128.215489136000087, 0.761035068000069, 0.0 ], [ 128.218352097000093, 0.760087747000057, 0.0 ], [ 128.218334014000106, 0.754850667000028, 0.0 ], [ 128.222119435000081, 0.754449235000038, 0.0 ], [ 128.228245325000103, 0.749624935000043, 0.0 ], [ 128.229339574000051, 0.746810313000026, 0.0 ], [ 128.233781589000046, 0.744446263000043, 0.0 ], [ 128.236198061000096, 0.740406365000069, 0.0 ], [ 128.236369724000042, 0.737677742000074, 0.0 ], [ 128.239347149000082, 0.734700670000052, 0.0 ], [ 128.241924683000093, 0.734270271000071, 0.0 ], [ 128.246205320000058, 0.729991312000038, 0.0 ], [ 128.24923, 0.728766318000055, 0.0 ], [ 128.249781050000024, 0.732289734000062, 0.0 ], [ 128.247603230000095, 0.73117875500003, 0.0 ], [ 128.247678852000035, 0.733964872000058, 0.0 ], [ 128.246728063000091, 0.732136031000039, 0.0 ], [ 128.246128764000105, 0.732796552000025, 0.0 ], [ 128.249035526000057, 0.740018421000059, 0.0 ], [ 128.253267595000011, 0.741866972000025, 0.0 ], [ 128.256729905000043, 0.739981429000068, 0.0 ], [ 128.258327479000059, 0.741599750000034, 0.0 ], [ 128.256939186000068, 0.739742107000041, 0.0 ], [ 128.26063927000007, 0.737847024000075, 0.0 ], [ 128.269714820000104, 0.725066849000029, 0.0 ], [ 128.283650769000019, 0.709941658000048, 0.0 ], [ 128.283955551000076, 0.707136428000069, 0.0 ], [ 128.285058743000036, 0.707663188000026, 0.0 ], [ 128.289681836000113, 0.702646949000041, 0.0 ], [ 128.293762273000084, 0.701115676000029, 0.0 ], [ 128.295513286000073, 0.694433046000029, 0.0 ], [ 128.311277200000063, 0.664639904000069, 0.0 ], [ 128.311800905000041, 0.660264484000038, 0.0 ], [ 128.319239074000052, 0.655717674000073, 0.0 ], [ 128.321103042000118, 0.657020048000049, 0.0 ], [ 128.32341448000011, 0.654952292000075, 0.0 ], [ 128.323899938000068, 0.651955567000073, 0.0 ], [ 128.325193452, 0.651764254000057, 0.0 ], [ 128.325982491000104, 0.654531366000072, 0.0 ], [ 128.327209431000028, 0.654330469000058, 0.0 ], [ 128.328273861000071, 0.660285900000019, 0.0 ], [ 128.329091839000057, 0.660027503000038, 0.0 ], [ 128.327418758000022, 0.653679436000061, 0.0 ], [ 128.328854688000092, 0.655364728000052, 0.0 ], [ 128.331023252000023, 0.65486714900004, 0.0 ], [ 128.332701471000064, 0.658374009000056, 0.0 ], [ 128.337494900000024, 0.65914060700004, 0.0 ], [ 128.341508889000011, 0.656441150000035, 0.0 ], [ 128.3445714180001, 0.656499002000032, 0.0 ], [ 128.345893697000065, 0.654555562000041, 0.0 ], [ 128.347814693000032, 0.656288791000065, 0.0 ], [ 128.354900424000107, 0.656012056000066, 0.0 ], [ 128.356755376000024, 0.653609103000065, 0.0 ], [ 128.362921634000031, 0.65241368300002, 0.0 ], [ 128.359785101000057, 0.649894596000024, 0.0 ], [ 128.35776867300001, 0.650650721000034, 0.0 ], [ 128.349142594000114, 0.647585781000032, 0.0 ], [ 128.348267915000065, 0.644990991000043, 0.0 ], [ 128.355239826000115, 0.642100394000067, 0.0 ], [ 128.354850019000082, 0.64096098300007, 0.0 ], [ 128.359814645000029, 0.641813739000042, 0.0 ], [ 128.36464641200007, 0.640339874000063, 0.0 ], [ 128.36709974900009, 0.64439976500006, 0.0 ], [ 128.372911205000037, 0.642543034000028, 0.0 ], [ 128.375669746000085, 0.639680597000051, 0.0 ], [ 128.37717236900005, 0.64065738100004, 0.0 ], [ 128.378399849000061, 0.636004317000072, 0.0 ], [ 128.379750511000111, 0.635181072000023, 0.0 ], [ 128.38125307200005, 0.636684453000044, 0.0 ], [ 128.384163707000084, 0.634463514000061, 0.0 ], [ 128.385056018000114, 0.63649771300004, 0.0 ], [ 128.384360218000097, 0.639076767000063, 0.0 ], [ 128.38175985700002, 0.641448540000056, 0.0 ], [ 128.380960600000094, 0.644196329000067, 0.0 ], [ 128.387694281000108, 0.645317368000065, 0.0 ], [ 128.392383529000085, 0.642780682000023, 0.0 ], [ 128.401400281000065, 0.64046471100005, 0.0 ], [ 128.409998888000018, 0.635190127000044, 0.0 ], [ 128.41204368700005, 0.63589888000007, 0.0 ], [ 128.424843253000063, 0.632097830000021, 0.0 ], [ 128.427370457000052, 0.633607497000071, 0.0 ], [ 128.43451342000003, 0.632430610000029, 0.0 ], [ 128.446307956000055, 0.625250917000074, 0.0 ], [ 128.451710852000019, 0.619602450000059, 0.0 ], [ 128.474027309, 0.603959669000062, 0.0 ], [ 128.475255111000024, 0.601347020000048, 0.0 ], [ 128.474638831000107, 0.599017528000047, 0.0 ], [ 128.477153921000081, 0.600169187000063, 0.0 ], [ 128.486647507000043, 0.595697960000052, 0.0 ], [ 128.491022553000107, 0.596464345000072, 0.0 ], [ 128.495759282000108, 0.594415795000032, 0.0 ], [ 128.500353122000092, 0.594847078000043, 0.0 ], [ 128.508995868000056, 0.592358606000062, 0.0 ], [ 128.512028593000082, 0.592660150000029, 0.0 ], [ 128.51603431400008, 0.590731055000049, 0.0 ], [ 128.517026549000093, 0.591666183000029, 0.0 ], [ 128.516476894000107, 0.590531180000028, 0.0 ], [ 128.518605563000051, 0.588577255000075, 0.0 ], [ 128.523294289000091, 0.591804351000064, 0.0 ], [ 128.535554906000016, 0.583159384000055, 0.0 ], [ 128.547663100000022, 0.577281460000052, 0.0 ], [ 128.556081833, 0.57097082100006, 0.0 ], [ 128.558953649000046, 0.567133068000032, 0.0 ], [ 128.571109295000042, 0.562250832000075, 0.0 ], [ 128.583445285000039, 0.562538976000042, 0.0 ], [ 128.602049452000074, 0.558901839000043, 0.0 ], [ 128.607960637000019, 0.55943364500007, 0.0 ], [ 128.612740254000073, 0.555943926000054, 0.0 ], [ 128.620809121000093, 0.554906981000045, 0.0 ], [ 128.623615225000094, 0.558409103000031, 0.0 ], [ 128.63545315600004, 0.554652772000054, 0.0 ], [ 128.637451948000034, 0.552760805000048, 0.0 ], [ 128.639629919000072, 0.554455695000058, 0.0 ], [ 128.642188439000051, 0.554551599000035, 0.0 ], [ 128.647334211000043, 0.551440067000044, 0.0 ], [ 128.645679459, 0.547945130000073, 0.0 ], [ 128.649693250000041, 0.547169801000052, 0.0 ], [ 128.654277894000074, 0.543273081000052, 0.0 ], [ 128.655114792000063, 0.544872138000073, 0.0 ], [ 128.65762579200009, 0.544336088000023, 0.0 ], [ 128.65970057800007, 0.54584896800003, 0.0 ], [ 128.661470897000072, 0.543774078000069, 0.0 ], [ 128.663710353000056, 0.549049685000057, 0.0 ], [ 128.669074870000031, 0.546062611000025, 0.0 ], [ 128.667201029000012, 0.54829346300005, 0.0 ], [ 128.668104521000032, 0.549701027000026, 0.0 ], [ 128.675333117000037, 0.549155657000028, 0.0 ], [ 128.67831008600001, 0.550266510000029, 0.0 ], [ 128.680050761000075, 0.548188844000038, 0.0 ], [ 128.678338834000101, 0.546264191000034, 0.0 ], [ 128.681108508000079, 0.546444349000069, 0.0 ], [ 128.685465002000115, 0.540067670000042, 0.0 ], [ 128.68908929700001, 0.530100342000026, 0.0 ], [ 128.68911442600006, 0.526855635000061, 0.0 ], [ 128.686765587000082, 0.517979547000039, 0.0 ], [ 128.678548490000026, 0.505742367000039, 0.0 ], [ 128.677179120000119, 0.500772909000034, 0.0 ], [ 128.673612516000048, 0.498838596000041, 0.0 ], [ 128.671092222000084, 0.495353196000053, 0.0 ], [ 128.665486285000043, 0.498591366000028, 0.0 ], [ 128.663230510000062, 0.497951621000027, 0.0 ], [ 128.663998489000051, 0.496029809000049, 0.0 ], [ 128.662146929000073, 0.494721687000037, 0.0 ], [ 128.659692244000098, 0.494697828000028, 0.0 ], [ 128.6579989600001, 0.493203966000067, 0.0 ], [ 128.657344864000038, 0.494820458000049, 0.0 ], [ 128.65576975700003, 0.494048311000029, 0.0 ], [ 128.655617227000107, 0.491187170000046, 0.0 ], [ 128.650204373000065, 0.49382478800004, 0.0 ], [ 128.647023919000048, 0.491524014000049, 0.0 ], [ 128.646317497000041, 0.488897829000052, 0.0 ], [ 128.640928155000097, 0.486157934000062, 0.0 ], [ 128.638711184000044, 0.48691066300006, 0.0 ], [ 128.635181187000057, 0.484483512000054, 0.0 ], [ 128.632898154000031, 0.475642161000053, 0.0 ], [ 128.633684495000011, 0.473440198000048, 0.0 ], [ 128.629792482000084, 0.469514780000054, 0.0 ], [ 128.62927929600005, 0.463567345000058, 0.0 ], [ 128.627054986000076, 0.462064113000054, 0.0 ], [ 128.625997985000026, 0.458857923000039, 0.0 ], [ 128.624782892000098, 0.45905149400005, 0.0 ], [ 128.626338280000027, 0.455758055000047, 0.0 ], [ 128.624122549000049, 0.453136548000032, 0.0 ], [ 128.623596153000108, 0.447489058000031, 0.0 ], [ 128.620488440000031, 0.442802842000049, 0.0 ], [ 128.597407396000108, 0.43679613300003, 0.0 ], [ 128.596002143000078, 0.438857922000068, 0.0 ], [ 128.592385915000023, 0.438138633000051, 0.0 ], [ 128.584832275000053, 0.433770395000067, 0.0 ], [ 128.58121806500003, 0.434483739000029, 0.0 ], [ 128.579843353000115, 0.433059057000037, 0.0 ], [ 128.58073735500011, 0.430117174000031, 0.0 ], [ 128.57873896500007, 0.427353723000067, 0.0 ], [ 128.579029214000116, 0.42431735200006, 0.0 ], [ 128.577047354000115, 0.421520298000075, 0.0 ], [ 128.572526917000118, 0.418789164000032, 0.0 ], [ 128.566478492000101, 0.418491096000025, 0.0 ], [ 128.562023089000036, 0.415934449000019, 0.0 ], [ 128.560123867000016, 0.417743298000062, 0.0 ], [ 128.558905700000082, 0.42223443000006, 0.0 ], [ 128.553419689000066, 0.420810610000046, 0.0 ], [ 128.548238430000083, 0.423455600000068, 0.0 ], [ 128.546385882000095, 0.421610345000033, 0.0 ], [ 128.544402136000031, 0.421803939000029, 0.0 ], [ 128.53910311300001, 0.431585455000061, 0.0 ], [ 128.533152871000084, 0.431965323000043, 0.0 ], [ 128.529623038000068, 0.435252447000039, 0.0 ], [ 128.52400750400011, 0.437827909000021, 0.0 ], [ 128.523617444000024, 0.440389159000063, 0.0 ], [ 128.519846169000061, 0.439575787000024, 0.0 ], [ 128.510100142000056, 0.443284522000056, 0.0 ], [ 128.50854485800005, 0.450261538000063, 0.0 ], [ 128.504644562000067, 0.451691106000055, 0.0 ], [ 128.502273489000117, 0.45516576600005, 0.0 ], [ 128.503046920000088, 0.462318126000071, 0.0 ], [ 128.501545439000097, 0.469149554000069, 0.0 ], [ 128.504308353000056, 0.477114740000047, 0.0 ], [ 128.500906640000039, 0.480194973000039, 0.0 ], [ 128.496593568000094, 0.481459178000023, 0.0 ], [ 128.495520791000104, 0.480379392000032, 0.0 ], [ 128.495901314000093, 0.478099233000023, 0.0 ], [ 128.488774382000088, 0.472345498000038, 0.0 ], [ 128.487725359000024, 0.478999807000037, 0.0 ], [ 128.489279280000119, 0.484155244000021, 0.0 ], [ 128.48789479200002, 0.486006356000075, 0.0 ], [ 128.485050211000043, 0.48642600200003, 0.0 ], [ 128.48328631600009, 0.490013789000045, 0.0 ], [ 128.473517640000068, 0.493787807000047, 0.0 ], [ 128.471146024000063, 0.493055512000069, 0.0 ], [ 128.467371612000079, 0.495391170000062, 0.0 ], [ 128.459494274, 0.491128047000075, 0.0 ], [ 128.456999957000107, 0.492473487000041, 0.0 ], [ 128.458327798000028, 0.496041439000066, 0.0 ], [ 128.455404950000116, 0.498453136000023, 0.0 ], [ 128.451371749000032, 0.498899166000058, 0.0 ], [ 128.447000176000074, 0.501906801000075, 0.0 ], [ 128.441598758000055, 0.501318891000039, 0.0 ], [ 128.437943528000119, 0.504805118000036, 0.0 ], [ 128.427319210000064, 0.502068783000027, 0.0 ], [ 128.422145747000059, 0.504084613000032, 0.0 ], [ 128.418227706000039, 0.502941323000073, 0.0 ], [ 128.413940356000012, 0.504169595000064, 0.0 ], [ 128.409778545000108, 0.503027643000053, 0.0 ], [ 128.406939110000053, 0.505341831000067, 0.0 ], [ 128.402737326000079, 0.502341237000053, 0.0 ], [ 128.399449872000105, 0.50900346800006, 0.0 ], [ 128.392738136000048, 0.506824529000028, 0.0 ], [ 128.38877445300011, 0.508441702000027, 0.0 ], [ 128.382308408000085, 0.507442854000033, 0.0 ], [ 128.381275210000013, 0.509198750000053, 0.0 ], [ 128.375262977000034, 0.512223581000057, 0.0 ], [ 128.372056931000088, 0.511815693000074, 0.0 ], [ 128.37018867900008, 0.513121642000044, 0.0 ], [ 128.365033610000069, 0.512977186000057, 0.0 ], [ 128.358487301000082, 0.510593805000042, 0.0 ], [ 128.352785772000061, 0.513350820000028, 0.0 ], [ 128.350124414000106, 0.517534776000048, 0.0 ], [ 128.344420597000067, 0.52025237700002, 0.0 ], [ 128.341654216000052, 0.523237166000058, 0.0 ], [ 128.338168532000054, 0.52973444600002, 0.0 ], [ 128.337323767000044, 0.537235314000043, 0.0 ], [ 128.328306897000061, 0.539344318000076, 0.0 ], [ 128.326288304000059, 0.542498795000029, 0.0 ], [ 128.318397589000028, 0.547310911000068, 0.0 ], [ 128.316291500000034, 0.551998925000021, 0.0 ], [ 128.31677392600011, 0.554544537000027, 0.0 ], [ 128.285710583000082, 0.553944975000036, 0.0 ], [ 128.28258866300007, 0.550241221000022, 0.0 ], [ 128.278834717000109, 0.548244154000031, 0.0 ], [ 128.273046091000083, 0.548857603000044, 0.0 ], [ 128.270643420000056, 0.550193472000046, 0.0 ], [ 128.266757260000077, 0.566564258000028, 0.0 ], [ 128.261181344000079, 0.575521269000035, 0.0 ], [ 128.254551694000043, 0.573049480000066, 0.0 ], [ 128.244746939000038, 0.57510583100003, 0.0 ], [ 128.242251851000105, 0.577117303000023, 0.0 ], [ 128.240832989000069, 0.582409662000032, 0.0 ], [ 128.237048020000088, 0.586601574000042, 0.0 ], [ 128.226885343000049, 0.593625258000031, 0.0 ], [ 128.218247827000027, 0.594983084000035, 0.0 ], [ 128.216060438000113, 0.59806640000005, 0.0 ], [ 128.211065040000108, 0.600754430000052, 0.0 ], [ 128.205623001000049, 0.601380408000068, 0.0 ], [ 128.202122307000081, 0.598038961000043, 0.0 ], [ 128.189054785000053, 0.59663381200005, 0.0 ], [ 128.185350484000082, 0.593866690000027, 0.0 ], [ 128.182443628000101, 0.596496010000067, 0.0 ], [ 128.181116321000104, 0.592503614000066, 0.0 ], [ 128.178606432000038, 0.589992474000042, 0.0 ], [ 128.172285902000112, 0.592730900000049, 0.0 ], [ 128.168277382000042, 0.589243168000053, 0.0 ], [ 128.161171450000097, 0.589927035000073, 0.0 ], [ 128.155927806000022, 0.592059017000054, 0.0 ], [ 128.152034952, 0.59531550600002, 0.0 ], [ 128.144767889000036, 0.594656065000038, 0.0 ], [ 128.141537465000056, 0.591185402000065, 0.0 ], [ 128.134953855000049, 0.589088339000057, 0.0 ], [ 128.120609291000051, 0.594286672000067, 0.0 ], [ 128.118715086000066, 0.593729874000076, 0.0 ], [ 128.11696753700005, 0.59113768800006, 0.0 ], [ 128.110430466000025, 0.598265656000024, 0.0 ], [ 128.106740887000115, 0.600298104000046, 0.0 ], [ 128.105240261000063, 0.605107706000069, 0.0 ], [ 128.099981108000065, 0.606629809000026, 0.0 ], [ 128.09875898100006, 0.604071781000073, 0.0 ], [ 128.094947358000013, 0.60284002700007, 0.0 ], [ 128.091180389000101, 0.608926072000031, 0.0 ], [ 128.083567802000061, 0.615859409000052, 0.0 ], [ 128.081687356000089, 0.622408741000072, 0.0 ], [ 128.078684766000038, 0.621210959000052, 0.0 ], [ 128.076061048000042, 0.624056950000067, 0.0 ], [ 128.076049538, 0.623073635000026, 0.0 ], [ 128.071653160000096, 0.622358289000033, 0.0 ], [ 128.059317351000118, 0.625373079000042, 0.0 ], [ 128.053645283000037, 0.63068495400006, 0.0 ], [ 128.039868044000059, 0.637698299000022, 0.0 ], [ 128.038661662000095, 0.637010149000048, 0.0 ], [ 128.037944785000036, 0.639667057000054, 0.0 ], [ 128.035394316000065, 0.640249310000058, 0.0 ], [ 128.035295725000083, 0.641997955000022, 0.0 ], [ 128.033860246000017, 0.642205579000063, 0.0 ], [ 128.033651087000067, 0.644232670000065, 0.0 ], [ 128.02936127800001, 0.643186762000028, 0.0 ], [ 128.028495633000034, 0.644489453000062, 0.0 ], [ 128.027051886000095, 0.643297806000021, 0.0 ], [ 128.026565779000066, 0.64516375300002, 0.0 ], [ 128.024281309000116, 0.643574811000065, 0.0 ], [ 128.018358966000051, 0.650387916000057, 0.0 ], [ 128.013091676000045, 0.651012506000029, 0.0 ], [ 128.011259811000059, 0.649611831000072, 0.0 ], [ 128.009196419000091, 0.649860672000045, 0.0 ], [ 128.004516540000054, 0.655253254000058, 0.0 ], [ 128.001375042000063, 0.656651226000065, 0.0 ], [ 127.999546114000054, 0.655779428000073, 0.0 ], [ 127.995421131000057, 0.656732659000056, 0.0 ], [ 127.995373184000073, 0.652934555000058, 0.0 ], [ 127.99201934700011, 0.653740393000021, 0.0 ], [ 127.988730743000019, 0.650448383000025, 0.0 ], [ 127.983136621000085, 0.651612540000031, 0.0 ], [ 127.986496326000065, 0.645420088000037, 0.0 ], [ 127.977946732000078, 0.637669696000046, 0.0 ], [ 127.970924088000061, 0.638911005000068, 0.0 ], [ 127.970371197000077, 0.637198806000072, 0.0 ], [ 127.964186931000086, 0.633189792000053, 0.0 ], [ 127.96072020400004, 0.636214110000026, 0.0 ], [ 127.956185700000105, 0.632482795000044, 0.0 ], [ 127.952636368000071, 0.635171458000059, 0.0 ], [ 127.951482567000085, 0.634318495000059, 0.0 ], [ 127.953048197000044, 0.632791027000053, 0.0 ], [ 127.952080365000029, 0.630193913000028, 0.0 ], [ 127.948642196000037, 0.630003789000057, 0.0 ], [ 127.947975170000063, 0.628316708000057, 0.0 ], [ 127.945708012000068, 0.630005245000063, 0.0 ], [ 127.940214028000014, 0.630714413000021, 0.0 ], [ 127.939301232000048, 0.631632839000019, 0.0 ], [ 127.940049489000103, 0.634039893000022, 0.0 ], [ 127.936109637000072, 0.635164018000069, 0.0 ], [ 127.927985467000099, 0.625322748000031, 0.0 ], [ 127.92271362300005, 0.627877393000063, 0.0 ], [ 127.913859529000092, 0.62855815000006, 0.0 ], [ 127.905414548000067, 0.627357467000024, 0.0 ], [ 127.883712323000054, 0.63105517300005, 0.0 ], [ 127.880013975000111, 0.629732327000056, 0.0 ], [ 127.879856731000018, 0.630727839000031, 0.0 ], [ 127.875956024000061, 0.63071448200003, 0.0 ], [ 127.875145771, 0.632173986000055, 0.0 ], [ 127.872388980000096, 0.631547152000053, 0.0 ], [ 127.872517249000111, 0.632836821000069, 0.0 ], [ 127.869394004000014, 0.631252843000027, 0.0 ], [ 127.867175469000017, 0.632660953000027, 0.0 ], [ 127.863426466000078, 0.630602835000047, 0.0 ], [ 127.863556727000059, 0.625705008000068, 0.0 ], [ 127.857131788000061, 0.623037888000056, 0.0 ], [ 127.853741558000024, 0.617707377000045, 0.0 ], [ 127.846988803000045, 0.619970971000043, 0.0 ], [ 127.843309944000111, 0.618178567000029, 0.0 ], [ 127.829020439000033, 0.622723649000022, 0.0 ], [ 127.82548275900001, 0.630434060000027, 0.0 ], [ 127.827213208000103, 0.635127308000051, 0.0 ], [ 127.826553778000061, 0.638547110000047, 0.0 ], [ 127.818598863000034, 0.64090075200005, 0.0 ], [ 127.816692160000116, 0.643847695000034, 0.0 ], [ 127.807977749000088, 0.645985235000069, 0.0 ], [ 127.803131688, 0.641415982000069, 0.0 ], [ 127.798384556000087, 0.640807149000068, 0.0 ], [ 127.792128847000072, 0.643164228000046, 0.0 ], [ 127.792496338000092, 0.646859200000051, 0.0 ], [ 127.787914704000059, 0.656086542000025, 0.0 ], [ 127.78860591800003, 0.662421853000069, 0.0 ], [ 127.785363957000072, 0.665646340000023, 0.0 ], [ 127.782154874000071, 0.672275156000069, 0.0 ], [ 127.780906245000097, 0.68423625600002, 0.0 ], [ 127.78300002200001, 0.692341065000051, 0.0 ], [ 127.77525640600004, 0.698850898000046, 0.0 ], [ 127.768016163000084, 0.707130104000044, 0.0 ], [ 127.766898376000086, 0.710951879000049, 0.0 ], [ 127.767276424000102, 0.719462901000043, 0.0 ], [ 127.765959025000029, 0.721594958000026, 0.0 ], [ 127.767254581000088, 0.730948907000027, 0.0 ], [ 127.765694511000106, 0.733794953000029, 0.0 ], [ 127.762542717000088, 0.735073514000021, 0.0 ], [ 127.760315842000068, 0.740160158000037, 0.0 ], [ 127.757310367000059, 0.742499253000062, 0.0 ], [ 127.756920186000116, 0.744474210000021, 0.0 ], [ 127.758577843000012, 0.747239866000029, 0.0 ], [ 127.757591276000085, 0.751368005000074, 0.0 ], [ 127.75089738500003, 0.757693680000045, 0.0 ], [ 127.737291551000112, 0.755678380000063, 0.0 ], [ 127.73159041800011, 0.759242825000058, 0.0 ], [ 127.728998340000089, 0.762924843000064, 0.0 ], [ 127.727459214000078, 0.763083289000065, 0.0 ], [ 127.725257756000019, 0.771899099000052, 0.0 ], [ 127.718050713000025, 0.775771560000067, 0.0 ], [ 127.716426519000038, 0.778774913000063, 0.0 ], [ 127.71638907800002, 0.798888729000055, 0.0 ], [ 127.714166788000057, 0.805151343000034, 0.0 ], [ 127.714519056000086, 0.809650784000041, 0.0 ], [ 127.709576004000041, 0.820385560000034, 0.0 ], [ 127.708808350000027, 0.825671219000071, 0.0 ], [ 127.706031830000029, 0.829647579000039, 0.0 ], [ 127.696955614000103, 0.833748820000039, 0.0 ], [ 127.693743896000115, 0.84057275300006, 0.0 ], [ 127.69632402700006, 0.845003504000033, 0.0 ], [ 127.692444973000079, 0.852357583000071, 0.0 ], [ 127.693333454000026, 0.856742326000074, 0.0 ], [ 127.690998655000044, 0.866404992000071, 0.0 ], [ 127.69234366000012, 0.876800339000056, 0.0 ], [ 127.694007942000098, 0.879099861000043, 0.0 ], [ 127.697349127000052, 0.87742693000007, 0.0 ], [ 127.698742616000118, 0.878449615000022, 0.0 ], [ 127.70358447600006, 0.875596964000067, 0.0 ], [ 127.702407135000044, 0.874557142000072, 0.0 ], [ 127.699428491000049, 0.876197275000038, 0.0 ], [ 127.70223428700001, 0.869214697000075, 0.0 ], [ 127.700192153000103, 0.868141485000024, 0.0 ], [ 127.702240876000019, 0.865778900000066, 0.0 ], [ 127.701350846000082, 0.862163144000021, 0.0 ], [ 127.706202916000052, 0.85673626800002, 0.0 ], [ 127.705059366000114, 0.855505546000074, 0.0 ], [ 127.708481006000056, 0.851321522000035, 0.0 ], [ 127.714296857000022, 0.850473158000057, 0.0 ], [ 127.715833734000057, 0.848471362000055, 0.0 ], [ 127.719696116000023, 0.850029434000021, 0.0 ], [ 127.719804883000052, 0.844999471000051, 0.0 ], [ 127.721800194000025, 0.845748979000064, 0.0 ], [ 127.723010257000055, 0.842477322000036, 0.0 ], [ 127.724528122000038, 0.841908138000065, 0.0 ], [ 127.728254649000064, 0.844379133000075, 0.0 ], [ 127.731155236000063, 0.83692082500005, 0.0 ], [ 127.735073056000033, 0.837419881000073, 0.0 ], [ 127.736262539000109, 0.834998366000036, 0.0 ], [ 127.735531050000077, 0.832633666000049, 0.0 ], [ 127.737976199000059, 0.828958525000075, 0.0 ], [ 127.735199717000114, 0.82789506000006, 0.0 ], [ 127.733802751000098, 0.824888777000069, 0.0 ], [ 127.736162317000094, 0.821156168000073, 0.0 ], [ 127.739624198000115, 0.81997024900005, 0.0 ], [ 127.746977188000074, 0.813434371000028, 0.0 ], [ 127.749278753000112, 0.812697986000046, 0.0 ], [ 127.751465506000045, 0.814230313000053, 0.0 ], [ 127.75385441100002, 0.807769421000046, 0.0 ], [ 127.755927796000037, 0.80686064300005, 0.0 ], [ 127.760778228000049, 0.805225182000072, 0.0 ], [ 127.770681333000084, 0.804503878000048, 0.0 ], [ 127.779131478000068, 0.806944303000023, 0.0 ], [ 127.783193087000086, 0.803776898000024, 0.0 ], [ 127.795785625, 0.798362368000028, 0.0 ], [ 127.797269928000105, 0.795691952000027, 0.0 ], [ 127.792753910000101, 0.791794439000057, 0.0 ], [ 127.794094862000065, 0.791536363000034, 0.0 ], [ 127.794628037000052, 0.78936346100005, 0.0 ], [ 127.797414917000083, 0.787564558000042, 0.0 ], [ 127.798393869000051, 0.789498580000043, 0.0 ], [ 127.798174697000036, 0.791058907000036, 0.0 ], [ 127.799154163000026, 0.791202787000032, 0.0 ], [ 127.795349818000091, 0.792695056000071, 0.0 ], [ 127.799466374000076, 0.79679348600007, 0.0 ], [ 127.819379282000114, 0.799240402000066, 0.0 ], [ 127.822203103000106, 0.801395152000055, 0.0 ], [ 127.828612749000058, 0.801502306000032, 0.0 ], [ 127.830904195000016, 0.803072948000022, 0.0 ], [ 127.831569245000082, 0.805341957000053, 0.0 ], [ 127.838521544000059, 0.803477204000046, 0.0 ], [ 127.838673444000051, 0.804396264000047, 0.0 ], [ 127.843818106000072, 0.805211449000069, 0.0 ], [ 127.851710025000102, 0.810105569000029, 0.0 ], [ 127.854058008000038, 0.813629156000047, 0.0 ], [ 127.859877035000068, 0.817603679000058, 0.0 ], [ 127.86797880000006, 0.820516238000039, 0.0 ], [ 127.871267714000055, 0.826136643000041, 0.0 ], [ 127.878371718000039, 0.826358852000055, 0.0 ], [ 127.881890042, 0.82790114300002, 0.0 ], [ 127.887792518000083, 0.839792799000065, 0.0 ], [ 127.888169633000075, 0.851366976000065, 0.0 ], [ 127.891164887000059, 0.853014446000032, 0.0 ], [ 127.891421957000034, 0.851990181000076, 0.0 ], [ 127.892524477000052, 0.854326379000042, 0.0 ], [ 127.90162594700007, 0.853831197000034, 0.0 ], [ 127.907388567000112, 0.856015566000053, 0.0 ], [ 127.911030070000038, 0.859367275000068, 0.0 ], [ 127.915098537000063, 0.866270822000047, 0.0 ], [ 127.92511054900001, 0.87478442400004, 0.0 ], [ 127.92613803800009, 0.873501887000032, 0.0 ], [ 127.927783239000064, 0.873856575000048, 0.0 ], [ 127.930816230000119, 0.876796477000028, 0.0 ], [ 127.933999178000022, 0.887510028000065, 0.0 ], [ 127.932998491000035, 0.894766374000028, 0.0 ], [ 127.930210155000054, 0.897904296000036, 0.0 ], [ 127.932775831000072, 0.916347826000049, 0.0 ], [ 127.930643022000027, 0.923120122000057, 0.0 ], [ 127.931639749000055, 0.929400569000052, 0.0 ], [ 127.929755833000058, 0.932128411000065, 0.0 ], [ 127.929257869000025, 0.943367412000043, 0.0 ], [ 127.926257631000112, 0.957611662000033, 0.0 ], [ 127.923175659000094, 0.959305175000054, 0.0 ], [ 127.923888335000015, 0.961287087000073, 0.0 ], [ 127.925495613000066, 0.961354610000058, 0.0 ], [ 127.924809932000016, 0.964274271000022, 0.0 ], [ 127.926331401000084, 0.96502147700005, 0.0 ], [ 127.924819075000073, 0.965442225000061, 0.0 ], [ 127.929031918000078, 0.966649809000046, 0.0 ], [ 127.936142500000074, 0.977527447000057, 0.0 ], [ 127.937100638000061, 0.985272638000026, 0.0 ], [ 127.934311702000059, 0.992451789000029, 0.0 ], [ 127.939475597000069, 0.993860752000046, 0.0 ], [ 127.943166060000067, 0.992981188000044, 0.0 ], [ 127.946218525000063, 0.994552212000031, 0.0 ], [ 127.942448974000058, 0.994899271000065, 0.0 ], [ 127.939587965000101, 1.00061247800005, 0.0 ], [ 127.93794777200003, 0.999307567000074, 0.0 ], [ 127.938234191000106, 0.995891149000045, 0.0 ], [ 127.935130954000101, 0.99697313300004, 0.0 ], [ 127.933315461, 1.004721007000057, 0.0 ], [ 127.935098031000052, 1.006887574000075, 0.0 ], [ 127.937268150000023, 1.005446292000045, 0.0 ], [ 127.941001012000015, 1.005848400000048, 0.0 ], [ 127.942218990000015, 1.007697664000034, 0.0 ], [ 127.941611971000043, 1.009875419000025, 0.0 ], [ 127.943180623000103, 1.011838485000055, 0.0 ], [ 127.94655663900005, 1.012874718000035, 0.0 ], [ 127.947601637000048, 1.016572799000073, 0.0 ], [ 127.951589697000031, 1.018315277000056, 0.0 ], [ 127.953811920000021, 1.021247874000039, 0.0 ], [ 127.956251396000084, 1.032461592000061, 0.0 ], [ 127.960976365000079, 1.034868485000061, 0.0 ], [ 127.963768936000065, 1.038788551000039, 0.0 ], [ 127.961829108000074, 1.044795269000076, 0.0 ], [ 127.964396758000021, 1.04577142100004, 0.0 ], [ 127.966610732000049, 1.050594689000036, 0.0 ], [ 127.976895296000066, 1.06076768600002, 0.0 ], [ 127.97589318200005, 1.068856188000041, 0.0 ], [ 127.981507109000063, 1.079658214000062, 0.0 ], [ 127.981700918000115, 1.086724746000073, 0.0 ], [ 127.987144925000052, 1.090167084000029, 0.0 ], [ 127.994456061000051, 1.092018447000044, 0.0 ], [ 128.005784632000086, 1.097203955000055, 0.0 ], [ 128.010734914000068, 1.101866764000022, 0.0 ], [ 128.017778580000027, 1.103873591000024, 0.0 ], [ 128.022823829000117, 1.109098891000031, 0.0 ], [ 128.021675598000115, 1.111904785000036, 0.0 ], [ 128.026995695000096, 1.112923757000033, 0.0 ], [ 128.032220041000073, 1.115929230000063, 0.0 ], [ 128.035424769000088, 1.114189074000024, 0.0 ], [ 128.043967230000021, 1.114179910000075, 0.0 ], [ 128.050577532000034, 1.114684682000075, 0.0 ], [ 128.053174861000116, 1.116223306000052, 0.0 ], [ 128.061640091000072, 1.116214070000069, 0.0 ], [ 128.068809085000112, 1.122531072000072, 0.0 ], [ 128.075592823000079, 1.123732357000051, 0.0 ], [ 128.083546915000056, 1.123612813000022, 0.0 ], [ 128.085324144000083, 1.120590437000033, 0.0 ], [ 128.086779525000111, 1.120239056000059, 0.0 ], [ 128.090616739000097, 1.122545160000072, 0.0 ], [ 128.088069365000024, 1.124619490000043, 0.0 ], [ 128.089053273000104, 1.126371812000059, 0.0 ], [ 128.100053701000093, 1.12560694900003, 0.0 ], [ 128.108037834000015, 1.12071237400005, 0.0 ], [ 128.114329375000011, 1.122092938000037, 0.0 ], [ 128.120185071000037, 1.125821365000036, 0.0 ], [ 128.128156027000045, 1.127780710000025, 0.0 ], [ 128.131015823000098, 1.126650648000066, 0.0 ], [ 128.130528033000019, 1.127709619000029, 0.0 ], [ 128.132133597, 1.126154334000034, 0.0 ], [ 128.132686485000022, 1.12608867900002, 0.0 ], [ 128.133155819000081, 1.127129987000046, 0.0 ], [ 128.133518435000042, 1.127189933000068, 0.0 ], [ 128.132912772000054, 1.12479028000007, 0.0 ], [ 128.134375028000022, 1.125371138000048, 0.0 ], [ 128.136789584000098, 1.122116711000047, 0.0 ], [ 128.143685900000037, 1.12104167800004, 0.0 ], [ 128.144227319000038, 1.119527951000066, 0.0 ], [ 128.148863600000027, 1.121916824000039, 0.0 ], [ 128.149736816000086, 1.12425672400002, 0.0 ], [ 128.165734381000107, 1.124458834000052, 0.0 ], [ 128.168504137000014, 1.126422308000031, 0.0 ], [ 128.168129212000053, 1.127822403000039, 0.0 ], [ 128.169294564000097, 1.127278214000057, 0.0 ], [ 128.170376026000099, 1.129067675000044, 0.0 ], [ 128.172123899000098, 1.128804890000026, 0.0 ], [ 128.171730067000112, 1.133986732000039, 0.0 ], [ 128.175474653000038, 1.136471078000056, 0.0 ], [ 128.178153247000068, 1.145501386000035, 0.0 ], [ 128.178074524000067, 1.150539713000057, 0.0 ], [ 128.180291725000075, 1.151467843000034, 0.0 ], [ 128.17857919700009, 1.152804724000021, 0.0 ], [ 128.180968102000065, 1.156180276000043, 0.0 ], [ 128.188493695000034, 1.158767455000032, 0.0 ], [ 128.190313009000079, 1.158243798000058, 0.0 ], [ 128.190262185000051, 1.161360149000075, 0.0 ], [ 128.195340836000014, 1.16400406200006, 0.0 ], [ 128.19445526700008, 1.167357136000021, 0.0 ], [ 128.195724810000115, 1.168448950000027, 0.0 ], [ 128.195438495000076, 1.171802197000034, 0.0 ], [ 128.196943595000107, 1.172427342000049, 0.0 ], [ 128.198339959, 1.179105686000071, 0.0 ], [ 128.198396262000074, 1.181791241000042, 0.0 ], [ 128.194849429000101, 1.185990845000049, 0.0 ], [ 128.196895116000064, 1.192173922000052, 0.0 ], [ 128.198706476000098, 1.194579947000022, 0.0 ], [ 128.201267348000101, 1.195492632000025, 0.0 ], [ 128.199830974000065, 1.203828869000063, 0.0 ], [ 128.198867728000096, 1.20431686400002, 0.0 ], [ 128.199901704000013, 1.205925620000073, 0.0 ], [ 128.19783859100005, 1.210542122000049, 0.0 ], [ 128.194170788000065, 1.213470702000052, 0.0 ], [ 128.17959393700005, 1.24296397400002, 0.0 ], [ 128.171216902000083, 1.247829741000032, 0.0 ], [ 128.162420213000019, 1.248652696000022, 0.0 ], [ 128.15716132600005, 1.251831968000033, 0.0 ], [ 128.145781773000067, 1.253637744000059, 0.0 ], [ 128.135844870000028, 1.250747916000023, 0.0 ], [ 128.130650832000015, 1.251974047000033, 0.0 ], [ 128.125886198000103, 1.249107456000047, 0.0 ], [ 128.119123632000083, 1.24745368300006, 0.0 ], [ 128.111032985000065, 1.248611340000025, 0.0 ], [ 128.104022991000079, 1.239230557000042, 0.0 ], [ 128.100860873000101, 1.23891887000002, 0.0 ], [ 128.090323777000094, 1.244795457000066, 0.0 ], [ 128.086375169, 1.25512481800007, 0.0 ], [ 128.086502076000102, 1.26114291600004, 0.0 ], [ 128.093650217000118, 1.280876358000057, 0.0 ], [ 128.094133857000088, 1.285084232000031, 0.0 ], [ 128.104641098000116, 1.288951017000045, 0.0 ], [ 128.110905743000103, 1.286511885000039, 0.0 ], [ 128.119565471000101, 1.289896890000023, 0.0 ], [ 128.12747312700003, 1.302092027000072, 0.0 ], [ 128.137422135000065, 1.311688572000037, 0.0 ], [ 128.143638538000118, 1.325448510000058, 0.0 ], [ 128.145818892000079, 1.333462682000061, 0.0 ], [ 128.152078602000074, 1.345879926000066, 0.0 ], [ 128.161883381000052, 1.360603376000029, 0.0 ], [ 128.164308349000066, 1.362794278000024, 0.0 ], [ 128.166306327000029, 1.361861508000061, 0.0 ], [ 128.165677711000058, 1.364130331000069, 0.0 ], [ 128.167681365000021, 1.367441248000034, 0.0 ], [ 128.191589110000109, 1.38877573000002, 0.0 ], [ 128.199585551000041, 1.393129895000072, 0.0 ], [ 128.217736206000041, 1.392855986000029, 0.0 ], [ 128.22036813200009, 1.395190562000039, 0.0 ], [ 128.223925916000098, 1.402566236000041, 0.0 ], [ 128.229390016000025, 1.405899863000059, 0.0 ], [ 128.246059077000041, 1.420891357000073, 0.0 ], [ 128.249376595000058, 1.421409451000045, 0.0 ], [ 128.256312244000014, 1.41950883200002, 0.0 ], [ 128.266484793000018, 1.424926337000045, 0.0 ], [ 128.271429099000102, 1.425394661000041, 0.0 ], [ 128.282686420000118, 1.430230835000032, 0.0 ], [ 128.292810016000089, 1.432926767000026, 0.0 ], [ 128.301193487000091, 1.433130417000029, 0.0 ], [ 128.302526544000102, 1.437008425000045, 0.0 ], [ 128.311580056000025, 1.43947418700003, 0.0 ], [ 128.310709297000017, 1.440450505000058, 0.0 ], [ 128.317064594000044, 1.447022827000069, 0.0 ], [ 128.330283670000085, 1.454128584000046, 0.0 ], [ 128.344402441000057, 1.459281388000022, 0.0 ], [ 128.347655018000069, 1.46280811500003, 0.0 ], [ 128.345720847000052, 1.464746365000053, 0.0 ], [ 128.350465233000023, 1.466320351000036, 0.0 ], [ 128.353874184000119, 1.471994186000074, 0.0 ], [ 128.359581112000114, 1.476117633000058, 0.0 ], [ 128.36058727000011, 1.475758884000072, 0.0 ], [ 128.360407510000073, 1.480584344000022, 0.0 ], [ 128.359350454000037, 1.484246255000073, 0.0 ], [ 128.368711124000015, 1.499720812000021, 0.0 ], [ 128.386960635000037, 1.507051048000051, 0.0 ], [ 128.392995487, 1.512833344000057, 0.0 ], [ 128.397675556000081, 1.515362322000044, 0.0 ], [ 128.398567744000047, 1.514378793000049, 0.0 ], [ 128.401285942000072, 1.51569365000006, 0.0 ], [ 128.401035826000111, 1.517072309000071, 0.0 ], [ 128.407727719000036, 1.520959020000021, 0.0 ], [ 128.412058915000102, 1.520845317000067, 0.0 ], [ 128.413735116000112, 1.523100576000047, 0.0 ], [ 128.412728640000068, 1.524536477000026, 0.0 ], [ 128.414676008000015, 1.526720003000037, 0.0 ], [ 128.42089746900001, 1.528962138000054, 0.0 ], [ 128.423766089000083, 1.52825918700006, 0.0 ], [ 128.436671959000023, 1.536254994000046, 0.0 ], [ 128.439682813000104, 1.537426281000023, 0.0 ], [ 128.441074682000021, 1.535674503000052, 0.0 ], [ 128.442287024000052, 1.538310221000074, 0.0 ], [ 128.449293285000067, 1.541292140000053, 0.0 ], [ 128.456927932000099, 1.54255077800002, 0.0 ], [ 128.467015573000026, 1.550380585000028, 0.0 ], [ 128.471746105000079, 1.551695893000044, 0.0 ], [ 128.472788481000066, 1.549319257000036, 0.0 ], [ 128.476020942000105, 1.549061549000044, 0.0 ], [ 128.475785825000116, 1.547610935000023, 0.0 ], [ 128.478368543000101, 1.549026226000024, 0.0 ], [ 128.480323992000081, 1.547748497000043, 0.0 ], [ 128.492482568000014, 1.549381543000038, 0.0 ], [ 128.497043305000034, 1.544643185000041, 0.0 ], [ 128.497500610000088, 1.541957604000061, 0.0 ], [ 128.498963360000062, 1.542108752000047, 0.0 ], [ 128.499856088000115, 1.538739881000026, 0.0 ], [ 128.502831266000044, 1.540198322000037, 0.0 ], [ 128.504287297000019, 1.538547035000022, 0.0 ], [ 128.506136962000028, 1.531739878000053, 0.0 ], [ 128.5145994290001, 1.532869242000061, 0.0 ], [ 128.530460437000102, 1.538739698000029, 0.0 ], [ 128.538208696000083, 1.543215183000029, 0.0 ], [ 128.543187925000097, 1.54980845800003, 0.0 ], [ 128.542252606000034, 1.552386246000026, 0.0 ], [ 128.544021774000043, 1.554555305000065, 0.0 ], [ 128.541830530000084, 1.557369794000067, 0.0 ], [ 128.542094076000012, 1.559552886000063, 0.0 ], [ 128.555015006000076, 1.567763613000068, 0.0 ], [ 128.563199127000075, 1.570228449000069, 0.0 ], [ 128.567116902000066, 1.568886410000061, 0.0 ], [ 128.57545853900001, 1.568880949000061, 0.0 ], [ 128.585662218000039, 1.570843441000022, 0.0 ], [ 128.589572661000034, 1.570499526000049, 0.0 ], [ 128.59033644900012, 1.56913527100005, 0.0 ], [ 128.593661839000106, 1.568389091000029, 0.0 ], [ 128.599441721000062, 1.568670274000056, 0.0 ], [ 128.599805445000015, 1.56971160300003, 0.0 ], [ 128.601996225000107, 1.569123174000026, 0.0 ], [ 128.605777863000071, 1.570725278000054, 0.0 ], [ 128.60785398500002, 1.572757921000061, 0.0 ], [ 128.613855847000082, 1.568960245000028, 0.0 ], [ 128.615016467000032, 1.569654634000074, 0.0 ], [ 128.612855812000021, 1.574566105000031, 0.0 ], [ 128.619553025000073, 1.579450497000039, 0.0 ], [ 128.626583616000062, 1.582439122000039, 0.0 ], [ 128.634454683000058, 1.583115672000019, 0.0 ], [ 128.640078465000101, 1.578664366000055, 0.0 ], [ 128.642540282000027, 1.578851503000067, 0.0 ], [ 128.648790910000116, 1.580827385000021, 0.0 ], [ 128.65148784500002, 1.583233521000068, 0.0 ], [ 128.658338006, 1.584620628000039, 0.0 ], [ 128.661919800000078, 1.58704126300006, 0.0 ], [ 128.670468101000097, 1.589800211000068, 0.0 ] ] ] ] } },
{ "type": "Feature", "properties": { "OBJECTID": 31, "NAMOBJ": "Halmahera Utara", "WADMPR": "Maluku Utara", "LUAS_KM": 3403.3318, "COLOR": "#aeed66", "S_DATA": "Badan Informasi Geospasial (BIG)" }, "geometry": { "type": "MultiPolygon", "coordinates": [ [ [ [ 127.744127502000083, 1.063033422000046, 0.0 ], [ 127.74391945900004, 1.063045303000024, 0.0 ], [ 127.744258068000022, 1.063530062000041, 0.0 ], [ 127.744234420000112, 1.06321295500004, 0.0 ], [ 127.744127502000083, 1.063033422000046, 0.0 ] ] ], [ [ [ 127.81157320300008, 1.126379609000026, 0.0 ], [ 127.81147206300011, 1.126594960000034, 0.0 ], [ 127.811679959000116, 1.126971982000043, 0.0 ], [ 127.811703782000109, 1.126858312000024, 0.0 ], [ 127.81157320300008, 1.126379609000026, 0.0 ] ] ], [ [ [ 128.022933623000085, 1.300136618000067, 0.0 ], [ 128.026793622000014, 1.298860035000075, 0.0 ], [ 128.027750495000078, 1.296469385000023, 0.0 ], [ 128.02188905200012, 1.289358685000025, 0.0 ], [ 128.018716863, 1.28298141700003, 0.0 ], [ 128.01750447400002, 1.281968537000068, 0.0 ], [ 128.006561006000084, 1.28192838700005, 0.0 ], [ 128.0083423210001, 1.287558360000048, 0.0 ], [ 128.022933623000085, 1.300136618000067, 0.0 ] ] ], [ [ [ 128.050138019000087, 1.555002686000023, 0.0 ], [ 128.054771022000068, 1.552120698000067, 0.0 ], [ 128.053636300000107, 1.550067824000052, 0.0 ], [ 128.04892523500007, 1.554679025000041, 0.0 ], [ 128.050138019000087, 1.555002686000023, 0.0 ] ] ], [ [ [ 128.045863956000062, 1.55848467200002, 0.0 ], [ 128.048053340000024, 1.555463971000052, 0.0 ], [ 128.040316602000075, 1.558476152000026, 0.0 ], [ 128.039584750000017, 1.559642607000058, 0.0 ], [ 128.040665544000035, 1.562569057000076, 0.0 ], [ 128.045863956000062, 1.55848467200002, 0.0 ] ] ], [ [ [ 128.035797025000079, 1.578976591000071, 0.0 ], [ 128.035606727000072, 1.579048305000072, 0.0 ], [ 128.035587601000088, 1.579263703000038, 0.0 ], [ 128.035877808, 1.579148955000051, 0.0 ], [ 128.035797025000079, 1.578976591000071, 0.0 ] ] ], [ [ [ 128.067149819000065, 1.56568694200007, 0.0 ], [ 128.05734893500005, 1.554705065000064, 0.0 ], [ 128.05169292000005, 1.555679034000036, 0.0 ], [ 128.052328536000118, 1.562287572000059, 0.0 ], [ 128.04933010000002, 1.566241341000023, 0.0 ], [ 128.046947651000096, 1.575395093000054, 0.0 ], [ 128.047997812000062, 1.580326027000069, 0.0 ], [ 128.05100582700004, 1.58155404200005, 0.0 ], [ 128.056771253000079, 1.572802720000027, 0.0 ], [ 128.067149819000065, 1.56568694200007, 0.0 ] ] ], [ [ [ 128.02469726400011, 1.591307795000034, 0.0 ], [ 128.024748398000042, 1.588773202000027, 0.0 ], [ 128.022950572000013, 1.588398976000065, 0.0 ], [ 128.021350803000018, 1.591679571000043, 0.0 ], [ 128.023348038000108, 1.59284371800004, 0.0 ], [ 128.02469726400011, 1.591307795000034, 0.0 ] ] ], [ [ [ 128.059112618000086, 1.592169747000071, 0.0 ], [ 128.058194421000053, 1.592518766000069, 0.0 ], [ 128.058070602000043, 1.592839429000037, 0.0 ], [ 128.058769846000018, 1.592811030000064, 0.0 ], [ 128.059112618000086, 1.592169747000071, 0.0 ] ] ], [ [ [ 128.019460078000066, 1.599546069000041, 0.0 ], [ 128.020962985000097, 1.595194707000076, 0.0 ], [ 128.019652598000107, 1.593703350000055, 0.0 ], [ 128.017552252000087, 1.597917639000059, 0.0 ], [ 128.018003054000019, 1.600185603000057, 0.0 ], [ 128.019460078000066, 1.599546069000041, 0.0 ] ] ], [ [ [ 127.995902134000062, 1.654681763000042, 0.0 ], [ 127.995488005000084, 1.655265538000037, 0.0 ], [ 127.994955050000044, 1.655662568000025, 0.0 ], [ 127.995521102000112, 1.655662857000038, 0.0 ], [ 127.995902134000062, 1.654681763000042, 0.0 ] ] ], [ [ [ 127.99290343600012, 1.658557512000073, 0.0 ], [ 127.993069932000026, 1.658538450000037, 0.0 ], [ 127.993036775000064, 1.65826080000005, 0.0 ], [ 127.992770211000106, 1.658629245000043, 0.0 ], [ 127.99290343600012, 1.658557512000073, 0.0 ] ] ], [ [ [ 128.014278796000099, 1.665021138000043, 0.0 ], [ 128.013957665000021, 1.665116713000032, 0.0 ], [ 128.012946232000104, 1.666354786000056, 0.0 ], [ 128.014605453000058, 1.665769239000042, 0.0 ], [ 128.014278796000099, 1.665021138000043, 0.0 ] ] ], [ [ [ 128.05060896800012, 1.664274481000064, 0.0 ], [ 128.050077404000035, 1.656776827000044, 0.0 ], [ 128.043934912000054, 1.657318357000065, 0.0 ], [ 128.046907235000049, 1.65874986700004, 0.0 ], [ 128.04689403000009, 1.661490327000024, 0.0 ], [ 128.049509873000034, 1.662347243000056, 0.0 ], [ 128.049538996000024, 1.663615770000035, 0.0 ], [ 128.047576276000086, 1.664715792000038, 0.0 ], [ 128.048514932000103, 1.66642156100005, 0.0 ], [ 128.05060896800012, 1.664274481000064, 0.0 ] ] ], [ [ [ 128.023004324000112, 1.666653821000068, 0.0 ], [ 128.020448771000019, 1.664169389000051, 0.0 ], [ 128.018913920000045, 1.665760233000071, 0.0 ], [ 128.02078644300002, 1.666700581000043, 0.0 ], [ 128.023004324000112, 1.666653821000068, 0.0 ] ] ], [ [ [ 128.055787968000118, 1.671772794000049, 0.0 ], [ 128.055670963000011, 1.667757764000044, 0.0 ], [ 128.054119904000117, 1.66594998000005, 0.0 ], [ 128.053096866000033, 1.666613660000053, 0.0 ], [ 128.051170927000044, 1.665398066000023, 0.0 ], [ 128.051846476000037, 1.670203190000052, 0.0 ], [ 128.048182359000066, 1.672995727000057, 0.0 ], [ 128.051432612000099, 1.677664486000026, 0.0 ], [ 128.054519213000049, 1.676451325000073, 0.0 ], [ 128.055787968000118, 1.671772794000049, 0.0 ] ] ], [ [ [ 128.035601780000093, 1.686373355000057, 0.0 ], [ 128.03496764800002, 1.682106783000052, 0.0 ], [ 128.032029439000098, 1.683834557000068, 0.0 ], [ 128.032533385000079, 1.686814604000062, 0.0 ], [ 128.033645522000029, 1.68636639500005, 0.0 ], [ 128.035256176000075, 1.687857098000052, 0.0 ], [ 128.035601780000093, 1.686373355000057, 0.0 ] ] ], [ [ [ 128.068941736000056, 1.698871823000047, 0.0 ], [ 128.068447092000042, 1.698708830000044, 0.0 ], [ 128.067952140000102, 1.699187277000021, 0.0 ], [ 128.068551315000036, 1.699604024000053, 0.0 ], [ 128.068941736000056, 1.698871823000047, 0.0 ] ] ], [ [ [ 128.018732729000021, 1.722066185000074, 0.0 ], [ 128.018366210000067, 1.722525527000073, 0.0 ], [ 128.018437432000042, 1.722784052000065, 0.0 ], [ 128.018651548000093, 1.722678853000048, 0.0 ], [ 128.018732729000021, 1.722066185000074, 0.0 ] ] ], [ [ [ 128.011841914000115, 1.730000367000059, 0.0 ], [ 128.011518360000082, 1.730158162000066, 0.0 ], [ 128.011608454000111, 1.730713476000062, 0.0 ], [ 128.011974976000033, 1.730254136000042, 0.0 ], [ 128.011841914000115, 1.730000367000059, 0.0 ] ] ], [ [ [ 128.025940201000026, 1.732337607000034, 0.0 ], [ 128.02932591900003, 1.730105110000068, 0.0 ], [ 128.028007521000063, 1.726843416000065, 0.0 ], [ 128.025528545000043, 1.725693306000039, 0.0 ], [ 128.021395466000058, 1.726636564000046, 0.0 ], [ 128.021471796000014, 1.728533374000051, 0.0 ], [ 128.023463267000011, 1.729515699000046, 0.0 ], [ 128.022499935000042, 1.729610937000075, 0.0 ], [ 128.023516700000073, 1.729677282000068, 0.0 ], [ 128.02359965900007, 1.73023977400004, 0.0 ], [ 128.019614409000042, 1.730457899000044, 0.0 ], [ 128.022562262000065, 1.733302790000039, 0.0 ], [ 128.025940201000026, 1.732337607000034, 0.0 ] ] ], [ [ [ 128.051529572000049, 1.735186573000021, 0.0 ], [ 128.052302937000036, 1.734480903000076, 0.0 ], [ 128.051054980000117, 1.732960452000043, 0.0 ], [ 128.05330381300007, 1.730645948000074, 0.0 ], [ 128.053276138000115, 1.726493344000062, 0.0 ], [ 128.05449512000007, 1.72648797100004, 0.0 ], [ 128.053723191000017, 1.724297603000025, 0.0 ], [ 128.048272129000111, 1.732971014000043, 0.0 ], [ 128.048485118000031, 1.735125199000038, 0.0 ], [ 128.051529572000049, 1.735186573000021, 0.0 ] ] ], [ [ [ 128.072786736000012, 1.742076227000041, 0.0 ], [ 128.071562762000099, 1.732760085000052, 0.0 ], [ 128.074791922000031, 1.717715060000046, 0.0 ], [ 128.069912820000013, 1.714683025000056, 0.0 ], [ 128.067050479000045, 1.717271600000061, 0.0 ], [ 128.066321281000114, 1.725016376000042, 0.0 ], [ 128.067370846000017, 1.727881763000028, 0.0 ], [ 128.066650998000114, 1.728599437000071, 0.0 ], [ 128.065428771000029, 1.726794790000042, 0.0 ], [ 128.062281159, 1.734509040000034, 0.0 ], [ 128.064115105000042, 1.741522705000023, 0.0 ], [ 128.069234278000067, 1.742739923000045, 0.0 ], [ 128.070779469000058, 1.744475930000021, 0.0 ], [ 128.072786736000012, 1.742076227000041, 0.0 ] ] ], [ [ [ 128.039156358000014, 1.754438587000038, 0.0 ], [ 128.049616767000089, 1.752750617000061, 0.0 ], [ 128.056044205000035, 1.741905692000046, 0.0 ], [ 128.051567401000057, 1.740407542000071, 0.0 ], [ 128.050686311000049, 1.742489372000023, 0.0 ], [ 128.048581637000098, 1.741871999000068, 0.0 ], [ 128.048175866000065, 1.744707994000066, 0.0 ], [ 128.047159341000111, 1.744133056000067, 0.0 ], [ 128.047877634000088, 1.746532824000042, 0.0 ], [ 128.046172051000099, 1.74454541700004, 0.0 ], [ 128.046777401000099, 1.746867341000041, 0.0 ], [ 128.045189483000058, 1.747381115000053, 0.0 ], [ 128.044553705000112, 1.746441374000028, 0.0 ], [ 128.044778950000023, 1.747853604000056, 0.0 ], [ 128.040919199000086, 1.749060299000064, 0.0 ], [ 128.038613423000015, 1.74634259000004, 0.0 ], [ 128.0428949410001, 1.745949875000065, 0.0 ], [ 128.042450005000092, 1.743903277000072, 0.0 ], [ 128.039572527000018, 1.742884601000071, 0.0 ], [ 128.036063805000026, 1.743726474000027, 0.0 ], [ 128.039156358000014, 1.754438587000038, 0.0 ] ] ], [ [ [ 128.053091407000011, 1.757262942000068, 0.0 ], [ 128.053804010000022, 1.759166077000032, 0.0 ], [ 128.054820740000082, 1.759352085000046, 0.0 ], [ 128.054910474000053, 1.758281074000024, 0.0 ], [ 128.053091407000011, 1.757262942000068, 0.0 ] ] ], [ [ [ 128.026080944000114, 1.753944159000071, 0.0 ], [ 128.026224595000031, 1.752125247000038, 0.0 ], [ 128.025006690000055, 1.752335229000039, 0.0 ], [ 128.022731383000064, 1.755139102000044, 0.0 ], [ 128.023604541000054, 1.759246638000036, 0.0 ], [ 128.025259073000029, 1.761009053000066, 0.0 ], [ 128.026080944000114, 1.753944159000071, 0.0 ] ] ], [ [ [ 127.96232193700007, 1.769264032000024, 0.0 ], [ 127.962269653000021, 1.769187415000033, 0.0 ], [ 127.962084080000068, 1.769278258000043, 0.0 ], [ 127.962293307000095, 1.769421977000036, 0.0 ], [ 127.96232193700007, 1.769264032000024, 0.0 ] ] ], [ [ [ 127.982897001000083, 1.774102155000037, 0.0 ], [ 127.984883923000098, 1.772231658000067, 0.0 ], [ 127.979981383000109, 1.771167381000055, 0.0 ], [ 127.979400704000113, 1.77387069100007, 0.0 ], [ 127.982897001000083, 1.774102155000037, 0.0 ] ] ], [ [ [ 127.973978717000023, 1.776178790000074, 0.0 ], [ 127.974535970000034, 1.774936945000036, 0.0 ], [ 127.971925692000013, 1.772558877000051, 0.0 ], [ 127.970697164000057, 1.774776837000047, 0.0 ], [ 127.973978717000023, 1.776178790000074, 0.0 ] ] ], [ [ [ 127.957038524000041, 1.78131217400005, 0.0 ], [ 127.956586368000103, 1.781742720000068, 0.0 ], [ 127.956657456000016, 1.782216644000073, 0.0 ], [ 127.957176181000023, 1.781838790000052, 0.0 ], [ 127.957038524000041, 1.78131217400005, 0.0 ] ] ], [ [ [ 128.008549952000067, 1.786462067000059, 0.0 ], [ 128.019494519000091, 1.771257933000072, 0.0 ], [ 128.018492719000051, 1.767571567000061, 0.0 ], [ 128.010062226000059, 1.769498532000057, 0.0 ], [ 128.004459523000037, 1.77637889600004, 0.0 ], [ 128.003423481000027, 1.783386169000039, 0.0 ], [ 128.001124228000094, 1.78633835100004, 0.0 ], [ 127.999240461000113, 1.786279879000062, 0.0 ], [ 127.995760568000037, 1.790844539000034, 0.0 ], [ 127.993352085000083, 1.802101662000041, 0.0 ], [ 128.008549952000067, 1.786462067000059, 0.0 ] ] ], [ [ [ 127.8595225360001, 1.810391925000033, 0.0 ], [ 127.859579731000053, 1.810212466000053, 0.0 ], [ 127.859187282000107, 1.810219398000072, 0.0 ], [ 127.859194319000039, 1.81037735700005, 0.0 ], [ 127.8595225360001, 1.810391925000033, 0.0 ] ] ], [ [ [ 127.857695808000017, 1.810512825000046, 0.0 ], [ 127.857545840000057, 1.81071376500006, 0.0 ], [ 127.857702755000105, 1.810814381000057, 0.0 ], [ 127.857767140000078, 1.810548769000036, 0.0 ], [ 127.857695808000017, 1.810512825000046, 0.0 ] ] ], [ [ [ 127.858487676000095, 1.810764621000033, 0.0 ], [ 127.858766130000049, 1.810484784000039, 0.0 ], [ 127.858773324000026, 1.810391451000044, 0.0 ], [ 127.858080943000118, 1.810793081000043, 0.0 ], [ 127.858487676000095, 1.810764621000033, 0.0 ] ] ], [ [ [ 127.928536643000029, 1.810290679000047, 0.0 ], [ 127.927458643000023, 1.811201896000057, 0.0 ], [ 127.927422750000119, 1.81156805300003, 0.0 ], [ 127.928800160000037, 1.811138074000041, 0.0 ], [ 127.928536643000029, 1.810290679000047, 0.0 ] ] ], [ [ [ 127.855756028000087, 1.813478772000053, 0.0 ], [ 127.85561924700005, 1.813508601000024, 0.0 ], [ 127.855529955000065, 1.813670090000073, 0.0 ], [ 127.855833155000028, 1.813754047000032, 0.0 ], [ 127.855756028000087, 1.813478772000053, 0.0 ] ] ], [ [ [ 127.851619580000033, 1.820882976000064, 0.0 ], [ 127.851514992000034, 1.820782391000023, 0.0 ], [ 127.851353265000057, 1.820767928000066, 0.0 ], [ 127.851600486000052, 1.820988267000075, 0.0 ], [ 127.851619580000033, 1.820882976000064, 0.0 ] ] ], [ [ [ 127.852585341, 1.820716066000045, 0.0 ], [ 127.852209369000093, 1.820993444000067, 0.0 ], [ 127.85215203700011, 1.821385903000021, 0.0 ], [ 127.852551886000015, 1.820964944000025, 0.0 ], [ 127.852585341, 1.820716066000045, 0.0 ] ] ], [ [ [ 127.851419604000057, 1.821174825000071, 0.0 ], [ 127.851115010000058, 1.821413957000061, 0.0 ], [ 127.851338455000018, 1.821619922000025, 0.0 ], [ 127.85173342500002, 1.821390421000046, 0.0 ], [ 127.851419604000057, 1.821174825000071, 0.0 ] ] ], [ [ [ 127.851005443000076, 1.821662787000037, 0.0 ], [ 127.850758486000018, 1.821026019000044, 0.0 ], [ 127.850311269000031, 1.821131036000054, 0.0 ], [ 127.850434600000085, 1.821681566000052, 0.0 ], [ 127.851005443000076, 1.821662787000037, 0.0 ] ] ], [ [ [ 127.857779151000045, 1.82191602000006, 0.0 ], [ 127.858126431000073, 1.821877949000054, 0.0 ], [ 127.858293039000046, 1.821696166000038, 0.0 ], [ 127.857964913000046, 1.821533214000056, 0.0 ], [ 127.857779151000045, 1.82191602000006, 0.0 ] ] ], [ [ [ 127.851509546000102, 1.821868930000051, 0.0 ], [ 127.851476330000082, 1.821739673000025, 0.0 ], [ 127.851157513000089, 1.821902211000065, 0.0 ], [ 127.851400052000031, 1.822002883000039, 0.0 ], [ 127.851509546000102, 1.821868930000051, 0.0 ] ] ], [ [ [ 127.850938513000074, 1.822189262000052, 0.0 ], [ 127.851071895000018, 1.821892582000032, 0.0 ], [ 127.850610167000013, 1.822375725000029, 0.0 ], [ 127.850762330000066, 1.822466767000037, 0.0 ], [ 127.850938513000074, 1.822189262000052, 0.0 ] ] ], [ [ [ 127.858525926000084, 1.82201701300005, 0.0 ], [ 127.858759252000027, 1.821643811000058, 0.0 ], [ 127.85810252400006, 1.822074182000051, 0.0 ], [ 127.858463743000016, 1.822562639000068, 0.0 ], [ 127.858525926000084, 1.82201701300005, 0.0 ] ] ], [ [ [ 127.857674143000054, 1.822480764000034, 0.0 ], [ 127.857950073000097, 1.822437861000026, 0.0 ], [ 127.857721906000052, 1.822174456000027, 0.0 ], [ 127.857598168000095, 1.822265322000021, 0.0 ], [ 127.857578890000013, 1.822662592000029, 0.0 ], [ 127.857674143000054, 1.822480764000034, 0.0 ] ] ], [ [ [ 127.857093754000061, 1.822547406000069, 0.0 ], [ 127.857379152000021, 1.82257630600003, 0.0 ], [ 127.857293757000093, 1.822212475000072, 0.0 ], [ 127.856832171000065, 1.822470654000028, 0.0 ], [ 127.857093754000061, 1.822547406000069, 0.0 ] ] ], [ [ [ 127.856332555000108, 1.822690516000023, 0.0 ], [ 127.856694583000035, 1.821896181000056, 0.0 ], [ 127.85549552800012, 1.822383642000034, 0.0 ], [ 127.855871144000048, 1.822671074000027, 0.0 ], [ 127.856332555000108, 1.822690516000023, 0.0 ] ] ], [ [ [ 127.855233839000107, 1.822474419000059, 0.0 ], [ 127.855524218000028, 1.822149120000063, 0.0 ], [ 127.854743924000104, 1.822397521000028, 0.0 ], [ 127.854991078000012, 1.822723164000024, 0.0 ], [ 127.855233839000107, 1.822474419000059, 0.0 ] ] ], [ [ [ 127.853920714000083, 1.822808636000047, 0.0 ], [ 127.854425714000058, 1.821597965000024, 0.0 ], [ 127.853188898000099, 1.821621107000055, 0.0 ], [ 127.853136121000034, 1.822334267000031, 0.0 ], [ 127.853920714000083, 1.822808636000047, 0.0 ] ] ], [ [ [ 127.856060835000108, 1.823599784000066, 0.0 ], [ 127.856679503, 1.823178964000022, 0.0 ], [ 127.856617946000028, 1.82272899000003, 0.0 ], [ 127.855570931000102, 1.823503740000035, 0.0 ], [ 127.856060835000108, 1.823599784000066, 0.0 ] ] ], [ [ [ 127.856959835000112, 1.823696089000066, 0.0 ], [ 127.856836104000081, 1.82377738200006, 0.0 ], [ 127.856840686000055, 1.824055004000058, 0.0 ], [ 127.856978785000024, 1.823820552000029, 0.0 ], [ 127.856959835000112, 1.823696089000066, 0.0 ] ] ], [ [ [ 127.763137014000108, 1.991952704000028, 0.0 ], [ 127.763094184000011, 1.992277500000057, 0.0 ], [ 127.763344027000016, 1.992552328000045, 0.0 ], [ 127.76356174700004, 1.992113317000076, 0.0 ], [ 127.763137014000108, 1.991952704000028, 0.0 ] ] ], [ [ [ 127.775488353000014, 2.087269580000054, 0.0 ], [ 127.775202670000112, 2.087566112000047, 0.0 ], [ 127.775611249, 2.088303536000069, 0.0 ], [ 127.776020775, 2.087815644000045, 0.0 ], [ 127.775488353000014, 2.087269580000054, 0.0 ] ] ], [ [ [ 127.776685861000033, 2.089070199000048, 0.0 ], [ 127.776305087000082, 2.089290074000075, 0.0 ], [ 127.776656819000095, 2.08971155200004, 0.0 ], [ 127.776856792000103, 2.089510680000046, 0.0 ], [ 127.776685861000033, 2.089070199000048, 0.0 ] ] ], [ [ [ 127.778386806000071, 2.09199122800004, 0.0 ], [ 127.778271683000071, 2.093206880000025, 0.0 ], [ 127.778528288000075, 2.093599566000023, 0.0 ], [ 127.778833194000072, 2.093054156000051, 0.0 ], [ 127.778386806000071, 2.09199122800004, 0.0 ] ] ], [ [ [ 127.774742058000015, 2.101374466000038, 0.0 ], [ 127.774212408000039, 2.101846703000035, 0.0 ], [ 127.77404497200007, 2.103025217000038, 0.0 ], [ 127.7743009080001, 2.102750203000028, 0.0 ], [ 127.774742058000015, 2.101374466000038, 0.0 ] ] ], [ [ [ 127.775603408000052, 2.102607640000031, 0.0 ], [ 127.775174951000054, 2.102960297000038, 0.0 ], [ 127.775025790000086, 2.103582409000069, 0.0 ], [ 127.775579056000083, 2.103331561000061, 0.0 ], [ 127.775603408000052, 2.102607640000031, 0.0 ] ] ], [ [ [ 127.775446420000094, 2.10564088600006, 0.0 ], [ 127.774971530000016, 2.104527677000021, 0.0 ], [ 127.77441111600001, 2.106316144000061, 0.0 ], [ 127.774982051000052, 2.106286681000029, 0.0 ], [ 127.775446420000094, 2.10564088600006, 0.0 ] ] ], [ [ [ 127.777513774000113, 2.106685652000067, 0.0 ], [ 127.776919092000071, 2.106661250000059, 0.0 ], [ 127.776324085000056, 2.107055658000036, 0.0 ], [ 127.77685924900004, 2.107139842000038, 0.0 ], [ 127.777513774000113, 2.106685652000067, 0.0 ] ] ], [ [ [ 127.774808633000021, 2.107507071000043, 0.0 ], [ 127.773869270000091, 2.107171282000024, 0.0 ], [ 127.773113267000099, 2.108110009000029, 0.0 ], [ 127.774058441000079, 2.10861931200003, 0.0 ], [ 127.774808633000021, 2.107507071000043, 0.0 ] ] ], [ [ [ 127.77856995500008, 2.106999595000048, 0.0 ], [ 127.777783727000042, 2.108568910000031, 0.0 ], [ 127.778254170000082, 2.109287239000025, 0.0 ], [ 127.778425611000102, 2.10907198700005, 0.0 ], [ 127.77856995500008, 2.106999595000048, 0.0 ] ] ], [ [ [ 127.786576402000037, 2.110355972000036, 0.0 ], [ 127.78658874100006, 2.109781613000052, 0.0 ], [ 127.785969805000036, 2.110355496000068, 0.0 ], [ 127.786522837, 2.11040977600004, 0.0 ], [ 127.786576402000037, 2.110355972000036, 0.0 ] ] ], [ [ [ 127.774093725000057, 2.10912789300005, 0.0 ], [ 127.773665241000117, 2.109510463000049, 0.0 ], [ 127.773770984000066, 2.11117381400004, 0.0 ], [ 127.773831209000036, 2.110210603000041, 0.0 ], [ 127.774093725000057, 2.10912789300005, 0.0 ] ] ], [ [ [ 127.77719675600008, 2.111868261000041, 0.0 ], [ 127.776931141000091, 2.10930733400005, 0.0 ], [ 127.775718340000026, 2.108809787000041, 0.0 ], [ 127.775662462000014, 2.111819182000033, 0.0 ], [ 127.77719675600008, 2.111868261000041, 0.0 ] ] ], [ [ [ 127.785007956000072, 2.115984744000059, 0.0 ], [ 127.784859200000028, 2.116086338000059, 0.0 ], [ 127.785037393000039, 2.116367679000064, 0.0 ], [ 127.785085086000095, 2.116218141000047, 0.0 ], [ 127.785007956000072, 2.115984744000059, 0.0 ] ] ], [ [ [ 127.78489778900007, 2.121715971000071, 0.0 ], [ 127.785783233000075, 2.12105136100007, 0.0 ], [ 127.785122381000065, 2.120457326000064, 0.0 ], [ 127.784355513000037, 2.121591097000021, 0.0 ], [ 127.78489778900007, 2.121715971000071, 0.0 ] ] ], [ [ [ 127.784652444000017, 2.122132195000063, 0.0 ], [ 127.784381146000101, 2.122275572000035, 0.0 ], [ 127.784644282000045, 2.123446055000045, 0.0 ], [ 127.784851414000059, 2.123223650000057, 0.0 ], [ 127.784652444000017, 2.122132195000063, 0.0 ] ] ], [ [ [ 127.789437823000071, 2.123206130000028, 0.0 ], [ 127.789970123000103, 2.119335541000055, 0.0 ], [ 127.788761833000081, 2.120662819000074, 0.0 ], [ 127.786514640000064, 2.119631972000036, 0.0 ], [ 127.786904914000047, 2.122498139000072, 0.0 ], [ 127.78775019200009, 2.121481694000067, 0.0 ], [ 127.788004361000048, 2.123480219000044, 0.0 ], [ 127.788926401000026, 2.123169829000062, 0.0 ], [ 127.789026612000043, 2.124312663000069, 0.0 ], [ 127.789437823000071, 2.123206130000028, 0.0 ] ] ], [ [ [ 127.785742804000051, 2.12408590800004, 0.0 ], [ 127.78549277400009, 2.124408792000054, 0.0 ], [ 127.785770722000052, 2.124890045000029, 0.0 ], [ 127.785806696, 2.124516734000053, 0.0 ], [ 127.785742804000051, 2.12408590800004, 0.0 ] ] ], [ [ [ 127.78597027, 2.125242003000039, 0.0 ], [ 127.785891683000045, 2.12534963500002, 0.0 ], [ 127.785934385000019, 2.125500441000042, 0.0 ], [ 127.786005817000046, 2.125414341000067, 0.0 ], [ 127.78597027, 2.125242003000039, 0.0 ] ] ], [ [ [ 127.788497218000089, 2.12444387100004, 0.0 ], [ 127.788116040000091, 2.125167514000054, 0.0 ], [ 127.788447883000117, 2.126699426000073, 0.0 ], [ 127.78886517400008, 2.12542537500002, 0.0 ], [ 127.788497218000089, 2.12444387100004, 0.0 ] ] ], [ [ [ 127.773858367000116, 2.128353099000037, 0.0 ], [ 127.777700981000066, 2.127339060000054, 0.0 ], [ 127.777963985000042, 2.125646085000028, 0.0 ], [ 127.78257532300006, 2.12264628600002, 0.0 ], [ 127.781828875000087, 2.122000728000046, 0.0 ], [ 127.780376351000086, 2.123837551000065, 0.0 ], [ 127.780053629, 2.122817794000071, 0.0 ], [ 127.784732291000068, 2.120409154000072, 0.0 ], [ 127.783211065000046, 2.117114113000071, 0.0 ], [ 127.78688945600004, 2.113114382000049, 0.0 ], [ 127.785303960000078, 2.110067788000038, 0.0 ], [ 127.78856552100001, 2.106725845000028, 0.0 ], [ 127.786056327000097, 2.106143529000065, 0.0 ], [ 127.783780646000082, 2.103527175000067, 0.0 ], [ 127.782519487000059, 2.104034740000031, 0.0 ], [ 127.784252803000072, 2.108176335000053, 0.0 ], [ 127.782597852000094, 2.110334895000051, 0.0 ], [ 127.78239131600003, 2.108264616000042, 0.0 ], [ 127.779302324000014, 2.111457099000063, 0.0 ], [ 127.781109360000073, 2.10491911500003, 0.0 ], [ 127.778868817000102, 2.110655037000072, 0.0 ], [ 127.777774724000096, 2.110450750000041, 0.0 ], [ 127.777326889000051, 2.112765811000031, 0.0 ], [ 127.775680093000119, 2.112088430000028, 0.0 ], [ 127.774773974000027, 2.114857830000062, 0.0 ], [ 127.771181008000099, 2.113460542000041, 0.0 ], [ 127.771102981000013, 2.114369891000024, 0.0 ], [ 127.767117102000043, 2.114408594000054, 0.0 ], [ 127.768129510000108, 2.115629926000054, 0.0 ], [ 127.767783104000046, 2.120511747000023, 0.0 ], [ 127.766404737000016, 2.121817320000048, 0.0 ], [ 127.773858367000116, 2.128353099000037, 0.0 ] ] ], [ [ [ 127.784118291000027, 2.137135215000058, 0.0 ], [ 127.78382539800009, 2.137508321000041, 0.0 ], [ 127.783889074000058, 2.138211972000022, 0.0 ], [ 127.784210937000012, 2.137300419000042, 0.0 ], [ 127.784118291000027, 2.137135215000058, 0.0 ] ] ], [ [ [ 127.911956959, 2.157635688000028, 0.0 ], [ 127.911748746000058, 2.157707336000044, 0.0 ], [ 127.911605862000101, 2.157910665000031, 0.0 ], [ 127.911986577000107, 2.157803240000021, 0.0 ], [ 127.911956959, 2.157635688000028, 0.0 ] ] ], [ [ [ 127.732068108000021, 2.190891882000074, 0.0 ], [ 127.731951514000116, 2.190927574000057, 0.0 ], [ 127.732108559000039, 2.191077480000047, 0.0 ], [ 127.732132353000111, 2.190953748000027, 0.0 ], [ 127.732068108000021, 2.190891882000074, 0.0 ] ] ], [ [ [ 127.748760126000093, 2.191551478000065, 0.0 ], [ 127.74886304000006, 2.191530515000068, 0.0 ], [ 127.748857208000118, 2.191435836000039, 0.0 ], [ 127.748664472000087, 2.19162000700004, 0.0 ], [ 127.748760126000093, 2.191551478000065, 0.0 ] ] ], [ [ [ 127.723059421000016, 2.193222441000046, 0.0 ], [ 127.722835276000069, 2.193535102000055, 0.0 ], [ 127.722806722000087, 2.19391200900003, 0.0 ], [ 127.723025157000052, 2.19374211500002, 0.0 ], [ 127.723059421000016, 2.193222441000046, 0.0 ] ] ], [ [ [ 127.720844309000086, 2.194581827000036, 0.0 ], [ 127.72235050800009, 2.19261163300007, 0.0 ], [ 127.724426237000102, 2.193300033000071, 0.0 ], [ 127.728581994000024, 2.190675915000043, 0.0 ], [ 127.73176976700006, 2.190602051000042, 0.0 ], [ 127.732745778000094, 2.189192050000031, 0.0 ], [ 127.740265807000014, 2.188473318000035, 0.0 ], [ 127.739562474000081, 2.185563890000026, 0.0 ], [ 127.741005820000055, 2.183019237000053, 0.0 ], [ 127.744208086000071, 2.19171822800007, 0.0 ], [ 127.7464190930001, 2.19032418200004, 0.0 ], [ 127.748935373000108, 2.189895879000062, 0.0 ], [ 127.749339882000072, 2.191008277000037, 0.0 ], [ 127.753123225000081, 2.189479473000063, 0.0 ], [ 127.752257101000055, 2.188444527000058, 0.0 ], [ 127.754298678000055, 2.185025241000062, 0.0 ], [ 127.757639442000027, 2.183119293000061, 0.0 ], [ 127.758745891000103, 2.184796813000048, 0.0 ], [ 127.758679266000058, 2.190094683000041, 0.0 ], [ 127.763718783000058, 2.184401855000033, 0.0 ], [ 127.762955654000052, 2.180878465000035, 0.0 ], [ 127.767051569000046, 2.175717358000043, 0.0 ], [ 127.76888064000002, 2.169433721000075, 0.0 ], [ 127.77276328500011, 2.169070736000037, 0.0 ], [ 127.774955886000043, 2.167033526000068, 0.0 ], [ 127.774331003000043, 2.163120153000023, 0.0 ], [ 127.777351188000011, 2.16139950500002, 0.0 ], [ 127.777153096, 2.159231113000033, 0.0 ], [ 127.771887123000056, 2.158149909000031, 0.0 ], [ 127.772166004000042, 2.154076309000061, 0.0 ], [ 127.770204455000112, 2.15186794400006, 0.0 ], [ 127.761326694000104, 2.15969749900006, 0.0 ], [ 127.760257283000101, 2.164229299000056, 0.0 ], [ 127.753437437000116, 2.166674282000031, 0.0 ], [ 127.752474767000081, 2.168635884000025, 0.0 ], [ 127.749863453000103, 2.167796109000051, 0.0 ], [ 127.747468158000061, 2.170412239000029, 0.0 ], [ 127.745803685000055, 2.169515809000075, 0.0 ], [ 127.742689642000073, 2.172519019000049, 0.0 ], [ 127.741520906000119, 2.170503, 0.0 ], [ 127.737140229000033, 2.174792647000061, 0.0 ], [ 127.735351906000119, 2.174087553000049, 0.0 ], [ 127.736177664000024, 2.176596274000076, 0.0 ], [ 127.732500572000049, 2.175827362000064, 0.0 ], [ 127.728704841000081, 2.180380702000036, 0.0 ], [ 127.726006967000103, 2.180660799000066, 0.0 ], [ 127.721772311000109, 2.186611322000033, 0.0 ], [ 127.722671655000113, 2.189270872000066, 0.0 ], [ 127.719655769000042, 2.19292215300004, 0.0 ], [ 127.720805048000102, 2.192797231000043, 0.0 ], [ 127.720844309000086, 2.194581827000036, 0.0 ] ], [ [ 127.73800462600002, 2.188313355000048, 0.0 ], [ 127.738049286000091, 2.188459541000043, 0.0 ], [ 127.737945971000045, 2.188568909000026, 0.0 ], [ 127.737918846000071, 2.188414720000026, 0.0 ], [ 127.73800462600002, 2.188313355000048, 0.0 ] ] ], [ [ [ 127.762126766000051, 2.199929594000025, 0.0 ], [ 127.762229679000029, 2.199908631000028, 0.0 ], [ 127.762223848000076, 2.199813952000056, 0.0 ], [ 127.762031112000045, 2.199998123000057, 0.0 ], [ 127.762126766000051, 2.199929594000025, 0.0 ] ] ], [ [ [ 127.774362366000105, 2.200473139000053, 0.0 ], [ 127.774267285000064, 2.200466075000065, 0.0 ], [ 127.774243014000035, 2.200564585000052, 0.0 ], [ 127.77435911200007, 2.20057840100003, 0.0 ], [ 127.774362366000105, 2.200473139000053, 0.0 ] ] ], [ [ [ 127.713015715000097, 2.203422210000042, 0.0 ], [ 127.71287592200008, 2.203773180000042, 0.0 ], [ 127.713093048000019, 2.203951640000071, 0.0 ], [ 127.713217969000084, 2.203660156000069, 0.0 ], [ 127.713015715000097, 2.203422210000042, 0.0 ] ] ], [ [ [ 127.712709954000047, 2.203281227000048, 0.0 ], [ 127.711877143000038, 2.202990933000024, 0.0 ], [ 127.711891420000029, 2.204984921000062, 0.0 ], [ 127.712376830000039, 2.204799323000032, 0.0 ], [ 127.712709954000047, 2.203281227000048, 0.0 ] ] ], [ [ [ 127.754011191000018, 2.20504001300003, 0.0 ], [ 127.754029678000052, 2.205177648000074, 0.0 ], [ 127.754144441000108, 2.205198961000065, 0.0 ], [ 127.754132068000104, 2.205100927000046, 0.0 ], [ 127.754011191000018, 2.20504001300003, 0.0 ] ] ], [ [ [ 127.753928005000034, 2.206028282000034, 0.0 ], [ 127.754046027000072, 2.205995922000056, 0.0 ], [ 127.754228769000065, 2.20548005400002, 0.0 ], [ 127.75356252000006, 2.205813179000074, 0.0 ], [ 127.753928005000034, 2.206028282000034, 0.0 ] ] ], [ [ [ 127.765046745000063, 2.21152599200002, 0.0 ], [ 127.766032770000038, 2.21014834500005, 0.0 ], [ 127.769129711000119, 2.210703755000054, 0.0 ], [ 127.772613788000058, 2.209141512000031, 0.0 ], [ 127.773364479000065, 2.207533914000066, 0.0 ], [ 127.773454647000108, 2.202005727000028, 0.0 ], [ 127.771759827000096, 2.19940800300003, 0.0 ], [ 127.76835238000001, 2.19802926400007, 0.0 ], [ 127.764902161, 2.198076853000032, 0.0 ], [ 127.762136025000018, 2.201544006000063, 0.0 ], [ 127.759730396, 2.202180973000054, 0.0 ], [ 127.759543538000116, 2.203753132000031, 0.0 ], [ 127.758452571000021, 2.202589136000029, 0.0 ], [ 127.754112651000014, 2.20450162000003, 0.0 ], [ 127.757730142000014, 2.204534180000053, 0.0 ], [ 127.763714203000063, 2.209047937000037, 0.0 ], [ 127.763483310000083, 2.212084686000026, 0.0 ], [ 127.765046745000063, 2.21152599200002, 0.0 ] ] ], [ [ [ 127.795351235000112, 2.217415748000064, 0.0 ], [ 127.795298301000116, 2.21740830400006, 0.0 ], [ 127.795263564000038, 2.217472817000044, 0.0 ], [ 127.795328903000041, 2.217486050000048, 0.0 ], [ 127.795351235000112, 2.217415748000064, 0.0 ] ] ], [ [ [ 127.957047020000118, 2.220801271000028, 0.0 ], [ 127.962351184000113, 2.219246960000021, 0.0 ], [ 127.96919901900003, 2.214807327000074, 0.0 ], [ 127.977590611000096, 2.207274105000067, 0.0 ], [ 127.978181268000071, 2.199362080000071, 0.0 ], [ 127.980116371, 2.198056638000025, 0.0 ], [ 127.980651313000067, 2.188040803000035, 0.0 ], [ 127.979239709000012, 2.185706315000061, 0.0 ], [ 127.98023201, 2.180868585000042, 0.0 ], [ 127.986070553000104, 2.180463287000066, 0.0 ], [ 127.987703607000071, 2.182525078000026, 0.0 ], [ 128.012755627000047, 2.192675804000032, 0.0 ], [ 128.018743821000044, 2.196427806000031, 0.0 ], [ 128.052886422000029, 2.201045306000026, 0.0 ], [ 128.06304817900002, 2.199175847000049, 0.0 ], [ 128.067569952000099, 2.197005470000022, 0.0 ], [ 128.069096142000035, 2.191310085000055, 0.0 ], [ 128.065072056000076, 2.173553187000039, 0.0 ], [ 128.063166162000016, 2.17003367500007, 0.0 ], [ 128.057021797000061, 2.16472124400002, 0.0 ], [ 128.052892240000119, 2.156107164000048, 0.0 ], [ 128.046768601000053, 2.148209865000069, 0.0 ], [ 128.043519839000055, 2.146508506000032, 0.0 ], [ 128.042831883000076, 2.143329632000075, 0.0 ], [ 128.037926449000111, 2.135370875000035, 0.0 ], [ 128.034516759000098, 2.132372190000069, 0.0 ], [ 128.035032111000078, 2.129998263000061, 0.0 ], [ 128.033179103000066, 2.125751207000064, 0.0 ], [ 128.026831704000074, 2.11836597100006, 0.0 ], [ 128.02422264900008, 2.113395639000032, 0.0 ], [ 128.015621696000039, 2.103381040000045, 0.0 ], [ 128.008497660000103, 2.097981823000055, 0.0 ], [ 128.007200620000049, 2.094998844000031, 0.0 ], [ 128.005192275000013, 2.095782591000045, 0.0 ], [ 128.003300728000113, 2.092440226000065, 0.0 ], [ 128.0007937580001, 2.091720610000039, 0.0 ], [ 127.999068280000074, 2.089120298000068, 0.0 ], [ 127.999711515000058, 2.087670326000023, 0.0 ], [ 127.993062562000091, 2.08359254100003, 0.0 ], [ 127.979489025000021, 2.067696629000068, 0.0 ], [ 127.973347754000088, 2.066041230000053, 0.0 ], [ 127.970271060000073, 2.063550139000029, 0.0 ], [ 127.96610750800005, 2.049527173000058, 0.0 ], [ 127.962112170000069, 2.047719989000029, 0.0 ], [ 127.954428601000018, 2.04012328400006, 0.0 ], [ 127.94782616100008, 2.023509192000063, 0.0 ], [ 127.948270262000051, 2.020962969000038, 0.0 ], [ 127.951135881000027, 2.018585852000058, 0.0 ], [ 127.953079465000087, 2.010993038000038, 0.0 ], [ 127.950939473000062, 2.002064494000024, 0.0 ], [ 127.950952529000119, 1.996488019000026, 0.0 ], [ 127.952253427000073, 1.993195614000058, 0.0 ], [ 127.951531772000067, 1.990835317000062, 0.0 ], [ 127.948051099000054, 1.98791321300007, 0.0 ], [ 127.938752052000041, 1.984901203000049, 0.0 ], [ 127.934929427000043, 1.981126844000073, 0.0 ], [ 127.928788605000022, 1.979414028000065, 0.0 ], [ 127.925841061000028, 1.968742680000048, 0.0 ], [ 127.919152111000017, 1.96132383500003, 0.0 ], [ 127.914125614000113, 1.95808480200003, 0.0 ], [ 127.902489770000102, 1.956961899000021, 0.0 ], [ 127.898285728000019, 1.954699851000044, 0.0 ], [ 127.888300966000088, 1.953290761000062, 0.0 ], [ 127.882517778000079, 1.949158680000039, 0.0 ], [ 127.873562288000016, 1.939956496000036, 0.0 ], [ 127.872036183000091, 1.936676680000062, 0.0 ], [ 127.866560571000036, 1.93488403200007, 0.0 ], [ 127.851445022, 1.925139209000065, 0.0 ], [ 127.847799894000104, 1.907229165000047, 0.0 ], [ 127.850006016000066, 1.898261899000033, 0.0 ], [ 127.849318407000055, 1.885942122000074, 0.0 ], [ 127.850542250000103, 1.874183636000055, 0.0 ], [ 127.852076634000014, 1.870173536000038, 0.0 ], [ 127.850831071000016, 1.868966511000053, 0.0 ], [ 127.852155332000052, 1.866191195000056, 0.0 ], [ 127.851184508000074, 1.864344553000024, 0.0 ], [ 127.850113864000036, 1.864822503000028, 0.0 ], [ 127.847535833000052, 1.857060835000027, 0.0 ], [ 127.841932222000082, 1.849518391000061, 0.0 ], [ 127.841143669000076, 1.844140227000025, 0.0 ], [ 127.842473702, 1.843427428000041, 0.0 ], [ 127.843452848000084, 1.83207993000002, 0.0 ], [ 127.846069206000038, 1.821689327000058, 0.0 ], [ 127.848367787000029, 1.82013039900005, 0.0 ], [ 127.848249963000058, 1.818397600000026, 0.0 ], [ 127.849620050000112, 1.818245311000055, 0.0 ], [ 127.850408825000045, 1.81962433700005, 0.0 ], [ 127.849838856000019, 1.818264597000052, 0.0 ], [ 127.850452604000111, 1.818097461000036, 0.0 ], [ 127.851702364000062, 1.820166043000029, 0.0 ], [ 127.852745127000048, 1.818587155000046, 0.0 ], [ 127.853548763000049, 1.819037604000073, 0.0 ], [ 127.852471734000119, 1.822143375000053, 0.0 ], [ 127.853985418000093, 1.820593506000023, 0.0 ], [ 127.854967511000041, 1.822184262000064, 0.0 ], [ 127.855753394000089, 1.820617173000073, 0.0 ], [ 127.857435445000078, 1.821749067000042, 0.0 ], [ 127.856686779000029, 1.820875045000037, 0.0 ], [ 127.85769734400003, 1.821324428000025, 0.0 ], [ 127.85773980700003, 1.819990206000057, 0.0 ], [ 127.860024076000059, 1.818489882000051, 0.0 ], [ 127.857545744000049, 1.816555739000023, 0.0 ], [ 127.856623684000056, 1.817201336000039, 0.0 ], [ 127.856891603, 1.816657037000027, 0.0 ], [ 127.856843458000071, 1.815681748000031, 0.0 ], [ 127.857314694000024, 1.815201001000048, 0.0 ], [ 127.855730588000029, 1.815286151000066, 0.0 ], [ 127.855253656000059, 1.813476535000063, 0.0 ], [ 127.856659566000076, 1.81308972000005, 0.0 ], [ 127.85574633400006, 1.812938363000058, 0.0 ], [ 127.857125111000073, 1.810304249000069, 0.0 ], [ 127.859244549000096, 1.809925061000058, 0.0 ], [ 127.86072428600005, 1.805567845000041, 0.0 ], [ 127.862693936000028, 1.80509521700003, 0.0 ], [ 127.868849211000111, 1.809198770000023, 0.0 ], [ 127.872330732000023, 1.810084071000063, 0.0 ], [ 127.874623993000114, 1.805540656000062, 0.0 ], [ 127.878985304000025, 1.802944255000057, 0.0 ], [ 127.881224313000075, 1.805401157000063, 0.0 ], [ 127.880025031000059, 1.806276359000037, 0.0 ], [ 127.881022756000107, 1.808287341000039, 0.0 ], [ 127.88242854900011, 1.808094355000037, 0.0 ], [ 127.883970372000022, 1.807154745000048, 0.0 ], [ 127.883644428000025, 1.799587106000047, 0.0 ], [ 127.887608489000058, 1.796954370000037, 0.0 ], [ 127.8928881060001, 1.79789816400006, 0.0 ], [ 127.891219291000084, 1.796461165000039, 0.0 ], [ 127.891259248000097, 1.796137394000027, 0.0 ], [ 127.894229720000112, 1.797633325000049, 0.0 ], [ 127.898619942000096, 1.797501017000059, 0.0 ], [ 127.899821681000049, 1.80129848200005, 0.0 ], [ 127.905151737000097, 1.801488390000031, 0.0 ], [ 127.905957356000044, 1.802637666000066, 0.0 ], [ 127.91638083700002, 1.805042043000071, 0.0 ], [ 127.921374096000022, 1.807723157000055, 0.0 ], [ 127.924934687000018, 1.807768362000047, 0.0 ], [ 127.928222996000045, 1.809751994000067, 0.0 ], [ 127.930299121000076, 1.806713923000075, 0.0 ], [ 127.932928526000069, 1.808812037000052, 0.0 ], [ 127.935798125000019, 1.806899065000039, 0.0 ], [ 127.93454784700009, 1.805495834000055, 0.0 ], [ 127.935381541000083, 1.803404552000075, 0.0 ], [ 127.93909102900011, 1.805101214000047, 0.0 ], [ 127.944408195000051, 1.79890557300007, 0.0 ], [ 127.945070157000032, 1.797623126000076, 0.0 ], [ 127.943529246000026, 1.796995175000063, 0.0 ], [ 127.941634778000093, 1.799042770000028, 0.0 ], [ 127.941481322000072, 1.801177539000037, 0.0 ], [ 127.939925024000104, 1.802483392000056, 0.0 ], [ 127.938636405000011, 1.801563595000061, 0.0 ], [ 127.94494907100011, 1.793094853000071, 0.0 ], [ 127.94929744, 1.792274058000032, 0.0 ], [ 127.951342146000115, 1.793692100000044, 0.0 ], [ 127.954287728000054, 1.791946650000057, 0.0 ], [ 127.956898315000103, 1.785318565000068, 0.0 ], [ 127.956386763000069, 1.781407538000053, 0.0 ], [ 127.957900399000096, 1.779780919000075, 0.0 ], [ 127.95617031800009, 1.777180756000064, 0.0 ], [ 127.95955036700002, 1.77253956900006, 0.0 ], [ 127.960267808000026, 1.767683261000059, 0.0 ], [ 127.967128314000092, 1.771032104000028, 0.0 ], [ 127.970934179000096, 1.770522054000025, 0.0 ], [ 127.974832088000085, 1.766991620000056, 0.0 ], [ 127.982120101000078, 1.766416456000059, 0.0 ], [ 127.982904480000116, 1.767379024000036, 0.0 ], [ 127.983337252000069, 1.76758987900007, 0.0 ], [ 127.982434270000113, 1.766033690000029, 0.0 ], [ 127.986798103000069, 1.762943849000067, 0.0 ], [ 127.989995760000056, 1.761160138000037, 0.0 ], [ 127.991883862, 1.761946194000075, 0.0 ], [ 127.999373827000113, 1.748384557000065, 0.0 ], [ 128.005347468000082, 1.741456498000048, 0.0 ], [ 128.011942889000011, 1.737094438000042, 0.0 ], [ 128.011862892000067, 1.735414234000075, 0.0 ], [ 128.009669822000092, 1.735638059000053, 0.0 ], [ 128.009123848000058, 1.733569881000051, 0.0 ], [ 128.011094159000095, 1.731766299000071, 0.0 ], [ 128.010914549000063, 1.729540349000047, 0.0 ], [ 128.013333747000047, 1.724357524000027, 0.0 ], [ 128.015241100000026, 1.724698379000074, 0.0 ], [ 128.01501926100002, 1.721318789000065, 0.0 ], [ 128.016100313000038, 1.718916380000053, 0.0 ], [ 128.017517801000054, 1.719060718000037, 0.0 ], [ 128.016248326000095, 1.717844214000024, 0.0 ], [ 128.017675269000051, 1.71810344000005, 0.0 ], [ 128.017718182000067, 1.717907204000028, 0.0 ], [ 128.015416089000041, 1.717408185000068, 0.0 ], [ 128.015130322000118, 1.718097335000039, 0.0 ], [ 128.015078454000104, 1.717202178000036, 0.0 ], [ 128.021740021000028, 1.704094569000063, 0.0 ], [ 128.02147646800006, 1.688992072000076, 0.0 ], [ 128.018861649000087, 1.686099518000049, 0.0 ], [ 128.008655696000119, 1.681719195000028, 0.0 ], [ 128.007288197000094, 1.676835977000053, 0.0 ], [ 128.001212819000102, 1.669303272000036, 0.0 ], [ 127.996859750000112, 1.670531241000049, 0.0 ], [ 127.994044552000105, 1.668935801000032, 0.0 ], [ 127.992420081000091, 1.66433009900004, 0.0 ], [ 127.993462178000073, 1.663603047000038, 0.0 ], [ 127.991564677000042, 1.662730882000062, 0.0 ], [ 127.99121832700007, 1.660973962000071, 0.0 ], [ 127.996940334000101, 1.652226680000069, 0.0 ], [ 127.99593208400006, 1.642374999000026, 0.0 ], [ 127.998502421000012, 1.638925034000067, 0.0 ], [ 127.998803508000037, 1.636072269000067, 0.0 ], [ 127.996859429000096, 1.633237524000037, 0.0 ], [ 127.998667991000048, 1.631170546000021, 0.0 ], [ 127.999861385000031, 1.623563282000021, 0.0 ], [ 127.998344985000017, 1.621580803000029, 0.0 ], [ 127.994919309000011, 1.623371739000049, 0.0 ], [ 127.992693201000066, 1.623356265000041, 0.0 ], [ 127.992726993000019, 1.622355848000041, 0.0 ], [ 127.992517712000108, 1.622331809000059, 0.0 ], [ 127.99055174800003, 1.62528904200002, 0.0 ], [ 127.986992816000111, 1.617642800000056, 0.0 ], [ 127.988746437000032, 1.611210276000065, 0.0 ], [ 127.993001242000105, 1.606349042000033, 0.0 ], [ 127.995198859000084, 1.606225675000076, 0.0 ], [ 127.997614512000041, 1.607682047000026, 0.0 ], [ 127.998032208000041, 1.609501227000067, 0.0 ], [ 127.999283362000028, 1.609171558000071, 0.0 ], [ 128.000450108000109, 1.606352722000054, 0.0 ], [ 127.998479020000104, 1.600363497000046, 0.0 ], [ 128.000483079000105, 1.597209995000071, 0.0 ], [ 128.003418729000032, 1.595497762000036, 0.0 ], [ 128.009729308000033, 1.598511720000033, 0.0 ], [ 128.0093605510001, 1.593791765000049, 0.0 ], [ 128.012081136, 1.59420474500007, 0.0 ], [ 128.01379427300003, 1.592616355000075, 0.0 ], [ 128.014121774000046, 1.594100420000075, 0.0 ], [ 128.014921534000109, 1.592736568000021, 0.0 ], [ 128.017580399000053, 1.592914956000072, 0.0 ], [ 128.021406972000023, 1.58940506700003, 0.0 ], [ 128.023270080000088, 1.584972171000061, 0.0 ], [ 128.02627850500005, 1.585254821000035, 0.0 ], [ 128.026150930000085, 1.591052790000049, 0.0 ], [ 128.026881557000024, 1.592555001000051, 0.0 ], [ 128.028891091000105, 1.592861114000073, 0.0 ], [ 128.03444140900001, 1.589210194000032, 0.0 ], [ 128.037223277000066, 1.58056648500002, 0.0 ], [ 128.034460596000031, 1.578588234000051, 0.0 ], [ 128.03260539900009, 1.578845855000054, 0.0 ], [ 128.036406513000088, 1.567210849000048, 0.0 ], [ 128.035066045, 1.565266776000044, 0.0 ], [ 128.031468948000111, 1.567711173000021, 0.0 ], [ 128.029971663000083, 1.565455883000027, 0.0 ], [ 128.034450188000051, 1.559795147000045, 0.0 ], [ 128.032711609000103, 1.554696375000049, 0.0 ], [ 128.030420027000105, 1.552335414000027, 0.0 ], [ 128.029135395000026, 1.553134220000061, 0.0 ], [ 128.024080050000066, 1.55126023300005, 0.0 ], [ 128.024528664000059, 1.54798147300005, 0.0 ], [ 128.029628772000024, 1.545547337000073, 0.0 ], [ 128.031570911000017, 1.542288401000064, 0.0 ], [ 128.035214915000097, 1.530567121000047, 0.0 ], [ 128.031084919000023, 1.522963771000036, 0.0 ], [ 128.028491695000071, 1.514422908000029, 0.0 ], [ 128.02490147900005, 1.512386888000037, 0.0 ], [ 128.026643139000043, 1.510592619000022, 0.0 ], [ 128.026835955000024, 1.504834162000066, 0.0 ], [ 128.024950893000096, 1.504499399000053, 0.0 ], [ 128.026228359000015, 1.502062322000029, 0.0 ], [ 128.022785446000057, 1.48892001400003, 0.0 ], [ 128.024116616000015, 1.468562279000025, 0.0 ], [ 128.022919272000081, 1.465665729000023, 0.0 ], [ 128.02165871200009, 1.465961957000047, 0.0 ], [ 128.018846225000061, 1.447179772000027, 0.0 ], [ 128.016190168000094, 1.440864816000044, 0.0 ], [ 128.014126143000112, 1.440394811000033, 0.0 ], [ 128.013183377000018, 1.431687208000028, 0.0 ], [ 128.012255895000067, 1.431715526000062, 0.0 ], [ 128.012380293000092, 1.429997119000063, 0.0 ], [ 128.009504572000083, 1.425759557000049, 0.0 ], [ 128.012098996000077, 1.420423395000057, 0.0 ], [ 128.017927901, 1.414471103000039, 0.0 ], [ 128.021104829000024, 1.415037299000062, 0.0 ], [ 128.022865151000019, 1.413812620000044, 0.0 ], [ 128.023715620000075, 1.404545700000028, 0.0 ], [ 128.02194295400011, 1.401165461000062, 0.0 ], [ 128.018056726000054, 1.402135548000047, 0.0 ], [ 128.014813712000091, 1.400415713000029, 0.0 ], [ 128.011235019000083, 1.393899361000024, 0.0 ], [ 128.008337760000018, 1.395678823000026, 0.0 ], [ 128.004790027000013, 1.394782185000054, 0.0 ], [ 128.001265154000066, 1.396082688000035, 0.0 ], [ 127.997532737000029, 1.393304757000067, 0.0 ], [ 127.998313284000119, 1.392031807000023, 0.0 ], [ 127.998199205000105, 1.391869007000025, 0.0 ], [ 127.997342512000046, 1.393252021000023, 0.0 ], [ 127.994890521000116, 1.39259891100005, 0.0 ], [ 127.988778255000057, 1.378318407000052, 0.0 ], [ 127.989345159000095, 1.368377166000073, 0.0 ], [ 127.987728317000119, 1.367826001000026, 0.0 ], [ 127.9873486030001, 1.365978148000067, 0.0 ], [ 127.992369726000106, 1.346158237000054, 0.0 ], [ 127.991854236000108, 1.339377078000041, 0.0 ], [ 127.99408070100003, 1.331970458000058, 0.0 ], [ 128.005118328000094, 1.322951860000046, 0.0 ], [ 128.010555611000086, 1.314068545000055, 0.0 ], [ 128.007400174000054, 1.310584888000051, 0.0 ], [ 128.003596184000116, 1.308507097000074, 0.0 ], [ 128.001366455000039, 1.309397745000069, 0.0 ], [ 127.999268671000095, 1.307374485000025, 0.0 ], [ 127.997728319000089, 1.308881704000044, 0.0 ], [ 127.996207059000085, 1.307223668000063, 0.0 ], [ 127.99270569600003, 1.30663587600003, 0.0 ], [ 127.991539971000066, 1.307909885000072, 0.0 ], [ 127.989114783000105, 1.306999416000053, 0.0 ], [ 127.988055573000111, 1.309506058000068, 0.0 ], [ 127.98580830700007, 1.309666698000058, 0.0 ], [ 127.976618783000049, 1.306216476000031, 0.0 ], [ 127.975258813000096, 1.302697656000021, 0.0 ], [ 127.973232320000079, 1.301212881000026, 0.0 ], [ 127.97052524500009, 1.291446864000022, 0.0 ], [ 127.971074194000039, 1.286421005000022, 0.0 ], [ 127.974263309000094, 1.279768714000056, 0.0 ], [ 127.972267284000054, 1.276106048000031, 0.0 ], [ 127.968624129000091, 1.273465888000032, 0.0 ], [ 127.961655066000048, 1.262800627000047, 0.0 ], [ 127.95921781100003, 1.262494491000041, 0.0 ], [ 127.958077242000059, 1.260393855000075, 0.0 ], [ 127.95158558300011, 1.260223697000072, 0.0 ], [ 127.950279395000052, 1.256052743000055, 0.0 ], [ 127.946939652000083, 1.252987896000036, 0.0 ], [ 127.946816846000047, 1.247884017000047, 0.0 ], [ 127.944964305000099, 1.242288806000033, 0.0 ], [ 127.931544172000031, 1.234618696000041, 0.0 ], [ 127.926663305000034, 1.235292836000042, 0.0 ], [ 127.923645142000055, 1.230959666000047, 0.0 ], [ 127.918795731000046, 1.227373675000024, 0.0 ], [ 127.914275905000068, 1.217271980000021, 0.0 ], [ 127.913524013000028, 1.194523076000053, 0.0 ], [ 127.902201681000065, 1.174157369000056, 0.0 ], [ 127.902823343000023, 1.149853432000043, 0.0 ], [ 127.896429804000036, 1.152226456000051, 0.0 ], [ 127.89286555700005, 1.15199756100003, 0.0 ], [ 127.889596800000049, 1.150219247000052, 0.0 ], [ 127.887896009000087, 1.14737173900005, 0.0 ], [ 127.885432841000011, 1.146849033000024, 0.0 ], [ 127.883772210000075, 1.149294341000029, 0.0 ], [ 127.880210847000058, 1.147923968000043, 0.0 ], [ 127.876177330000019, 1.151681097000051, 0.0 ], [ 127.874460630000044, 1.149930871000038, 0.0 ], [ 127.871797517000118, 1.149983662000068, 0.0 ], [ 127.868432441000095, 1.151370431000032, 0.0 ], [ 127.867333153000118, 1.150293010000041, 0.0 ], [ 127.866577428000028, 1.152285124000059, 0.0 ], [ 127.863938097000073, 1.152337914000043, 0.0 ], [ 127.862791670000092, 1.150219393000043, 0.0 ], [ 127.86149604000002, 1.153272652000055, 0.0 ], [ 127.857488757000056, 1.151545534000036, 0.0 ], [ 127.853778132000116, 1.154888646000074, 0.0 ], [ 127.85326735000001, 1.153805479000027, 0.0 ], [ 127.849861387000033, 1.15340920400007, 0.0 ], [ 127.845185224000033, 1.148321590000023, 0.0 ], [ 127.826264481000067, 1.148236052000073, 0.0 ], [ 127.823150945000066, 1.145111566000026, 0.0 ], [ 127.823853445000054, 1.142473291000044, 0.0 ], [ 127.815534601000081, 1.134775555000033, 0.0 ], [ 127.814805446000037, 1.129881061000049, 0.0 ], [ 127.811964697, 1.128414029000055, 0.0 ], [ 127.810551240000109, 1.125284280000074, 0.0 ], [ 127.811140091000084, 1.124363122000034, 0.0 ], [ 127.808109200000104, 1.122734473000037, 0.0 ], [ 127.807243414000027, 1.117618562000075, 0.0 ], [ 127.80469413600008, 1.115684978000047, 0.0 ], [ 127.804535778000059, 1.110383887000069, 0.0 ], [ 127.802741941000022, 1.107134335000069, 0.0 ], [ 127.799621759000047, 1.10588259900004, 0.0 ], [ 127.797219010000049, 1.109130435000054, 0.0 ], [ 127.796262721000062, 1.107347085000072, 0.0 ], [ 127.792838220000021, 1.108917334000068, 0.0 ], [ 127.79237527600003, 1.107273697000039, 0.0 ], [ 127.790241390000119, 1.107123245000025, 0.0 ], [ 127.790652512000065, 1.104712236000069, 0.0 ], [ 127.787771811000084, 1.099260484000069, 0.0 ], [ 127.785578605000069, 1.098834789000023, 0.0 ], [ 127.783741402000032, 1.100000733000059, 0.0 ], [ 127.784004, 1.097386245000052, 0.0 ], [ 127.780889886000068, 1.095913139000061, 0.0 ], [ 127.781330174000118, 1.094860303000075, 0.0 ], [ 127.775096876000021, 1.089796098000022, 0.0 ], [ 127.773748795000074, 1.086768132000032, 0.0 ], [ 127.771079757000052, 1.08714995400004, 0.0 ], [ 127.76861369400001, 1.085371985000052, 0.0 ], [ 127.762529984000025, 1.077992437000034, 0.0 ], [ 127.758414428000037, 1.068950440000037, 0.0 ], [ 127.747212312000102, 1.063285969000049, 0.0 ], [ 127.744162709000079, 1.06416421800003, 0.0 ], [ 127.743028133000053, 1.062386812000057, 0.0 ], [ 127.739110634000099, 1.061518874000058, 0.0 ], [ 127.733990185000039, 1.06237113100002, 0.0 ], [ 127.733441978000087, 1.059886788000028, 0.0 ], [ 127.723573009, 1.053335003000029, 0.0 ], [ 127.722026408000033, 1.050419489000035, 0.0 ], [ 127.709583310000085, 1.042229754000061, 0.0 ], [ 127.707036966000032, 1.042250241000033, 0.0 ], [ 127.698779015000014, 1.038405821000026, 0.0 ], [ 127.687930538000046, 1.038114132000032, 0.0 ], [ 127.687266777000104, 1.03916922600007, 0.0 ], [ 127.683844035000106, 1.037071411000056, 0.0 ], [ 127.674714891, 1.035976313000049, 0.0 ], [ 127.673888049000084, 1.034712397000021, 0.0 ], [ 127.672354301000041, 1.03535071400006, 0.0 ], [ 127.66715681800008, 1.030344518000049, 0.0 ], [ 127.656031908000045, 1.027540862000023, 0.0 ], [ 127.65202308500011, 1.022180285000047, 0.0 ], [ 127.650946049000027, 1.02228752000002, 0.0 ], [ 127.651618253000038, 1.018059200000039, 0.0 ], [ 127.650320586000021, 1.017039194000063, 0.0 ], [ 127.651205312000116, 1.016285739000068, 0.0 ], [ 127.648247240000046, 1.011804621000067, 0.0 ], [ 127.646388777000084, 1.004344566000043, 0.0 ], [ 127.648900185000116, 1.002328232000025, 0.0 ], [ 127.640519776000019, 0.992672392000031, 0.0 ], [ 127.636574603000099, 0.990547241000058, 0.0 ], [ 127.634762514000045, 0.990611837000074, 0.0 ], [ 127.633016539000096, 0.987117214000023, 0.0 ], [ 127.633397639, 0.985370423000063, 0.0 ], [ 127.629293569000083, 0.984350264000057, 0.0 ], [ 127.629168890000074, 0.982208415000059, 0.0 ], [ 127.631675091000034, 0.979511055000046, 0.0 ], [ 127.631326899000101, 0.976419229000044, 0.0 ], [ 127.625758271000109, 0.97258944400005, 0.0 ], [ 127.625915933000101, 0.970722911000053, 0.0 ], [ 127.627587935000065, 0.970278594000035, 0.0 ], [ 127.629818812000053, 0.965672485000027, 0.0 ], [ 127.628129810000019, 0.963515871000027, 0.0 ], [ 127.63086480000004, 0.960102855000059, 0.0 ], [ 127.630281161000084, 0.958031807000054, 0.0 ], [ 127.632051519000015, 0.952828089000036, 0.0 ], [ 127.629932348000011, 0.95034510000005, 0.0 ], [ 127.630932451000035, 0.946277264000059, 0.0 ], [ 127.629297320000092, 0.944974781000042, 0.0 ], [ 127.62940677000006, 0.94307705600005, 0.0 ], [ 127.634123459000079, 0.941817228000048, 0.0 ], [ 127.635586931000034, 0.944383191000043, 0.0 ], [ 127.636481549000109, 0.942536082000061, 0.0 ], [ 127.639553621000118, 0.941292886000042, 0.0 ], [ 127.632737745000099, 0.934915035000074, 0.0 ], [ 127.63571472700005, 0.933623935000071, 0.0 ], [ 127.641191768000112, 0.93481304200003, 0.0 ], [ 127.638920122000059, 0.931854302000033, 0.0 ], [ 127.638730875000078, 0.929394134000063, 0.0 ], [ 127.636667218000071, 0.929623069000058, 0.0 ], [ 127.635660276000067, 0.926837128000045, 0.0 ], [ 127.631602215000044, 0.925363133000076, 0.0 ], [ 127.632343758000047, 0.923692929000026, 0.0 ], [ 127.631110549000027, 0.922093838000023, 0.0 ], [ 127.632515329000057, 0.920099854000057, 0.0 ], [ 127.636577086000102, 0.921231917000057, 0.0 ], [ 127.633664703000022, 0.918024999000068, 0.0 ], [ 127.634262948000014, 0.914982283000029, 0.0 ], [ 127.636824394000087, 0.915125284000055, 0.0 ], [ 127.638965186000064, 0.912447146000034, 0.0 ], [ 127.640649533000101, 0.913877551000041, 0.0 ], [ 127.639924785000062, 0.917025997000053, 0.0 ], [ 127.64273064300005, 0.916659418000052, 0.0 ], [ 127.64357885600009, 0.915284227000029, 0.0 ], [ 127.646963999000036, 0.919161262000046, 0.0 ], [ 127.649682193000103, 0.917343514000038, 0.0 ], [ 127.648292391000041, 0.912174667000045, 0.0 ], [ 127.651404417000094, 0.909304951000024, 0.0 ], [ 127.65146307200007, 0.90644829200005, 0.0 ], [ 127.653432845000111, 0.905590815000039, 0.0 ], [ 127.651700776000098, 0.899654817000055, 0.0 ], [ 127.65282060200002, 0.897691079000026, 0.0 ], [ 127.657226170000058, 0.895260367000049, 0.0 ], [ 127.656044283000028, 0.892019546000029, 0.0 ], [ 127.658749900000089, 0.891339466000034, 0.0 ], [ 127.657981296000116, 0.890538964000029, 0.0 ], [ 127.658970660000023, 0.888708677000068, 0.0 ], [ 127.657649056000082, 0.887474313000041, 0.0 ], [ 127.654623105000042, 0.889673955000035, 0.0 ], [ 127.653621325000017, 0.889169983000045, 0.0 ], [ 127.655680496000059, 0.88806739100005, 0.0 ], [ 127.65568384300002, 0.884640350000041, 0.0 ], [ 127.66190339000002, 0.886803202000067, 0.0 ], [ 127.661599134000085, 0.885483082000064, 0.0 ], [ 127.66373365000004, 0.884351348000052, 0.0 ], [ 127.664781996000102, 0.881713209000054, 0.0 ], [ 127.662531362000095, 0.880716299000028, 0.0 ], [ 127.662804683000104, 0.878981513000042, 0.0 ], [ 127.660041445000047, 0.878044650000049, 0.0 ], [ 127.658330618000036, 0.879766677000021, 0.0 ], [ 127.656152019000046, 0.879820699000049, 0.0 ], [ 127.655875044000027, 0.878019102000053, 0.0 ], [ 127.652415519000101, 0.876423292000027, 0.0 ], [ 127.652358082000092, 0.875526192000052, 0.0 ], [ 127.655765600000109, 0.874423489000037, 0.0 ], [ 127.655635036000035, 0.873282234000044, 0.0 ], [ 127.657370929000081, 0.872962330000064, 0.0 ], [ 127.661057438000057, 0.868229221000036, 0.0 ], [ 127.661685604000013, 0.872018777000051, 0.0 ], [ 127.664913737, 0.868890088000057, 0.0 ], [ 127.668529980000017, 0.867477122000025, 0.0 ], [ 127.669806249000089, 0.864690154000073, 0.0 ], [ 127.672315667000021, 0.865559461000032, 0.0 ], [ 127.674255448000054, 0.864111927000067, 0.0 ], [ 127.675304856000025, 0.865639050000027, 0.0 ], [ 127.683375268000077, 0.868655383000032, 0.0 ], [ 127.684882175000098, 0.87165241200006, 0.0 ], [ 127.684727740000085, 0.871972710000023, 0.0 ], [ 127.683282415, 0.868958688000021, 0.0 ], [ 127.679964152000025, 0.868540482000071, 0.0 ], [ 127.677378126, 0.870170181000049, 0.0 ], [ 127.675283593000017, 0.869809772000053, 0.0 ], [ 127.676706012000068, 0.873411669000063, 0.0 ], [ 127.672621682000113, 0.873528280000073, 0.0 ], [ 127.671206510000047, 0.874718829000074, 0.0 ], [ 127.669709450000028, 0.873575950000031, 0.0 ], [ 127.666968297000039, 0.874119371000063, 0.0 ], [ 127.669224814000017, 0.880323542000042, 0.0 ], [ 127.673907221000036, 0.880793013000073, 0.0 ], [ 127.674334797000029, 0.883339074000048, 0.0 ], [ 127.676619370000026, 0.882622402000038, 0.0 ], [ 127.67856134200008, 0.878328457000066, 0.0 ], [ 127.681074197000044, 0.876560199000039, 0.0 ], [ 127.682616410000037, 0.879015219000053, 0.0 ], [ 127.68678409600011, 0.877551352000069, 0.0 ], [ 127.688301381000088, 0.878544652000073, 0.0 ], [ 127.687515892000079, 0.857483726000055, 0.0 ], [ 127.682553776000077, 0.856199653000033, 0.0 ], [ 127.681833679000079, 0.854124490000061, 0.0 ], [ 127.675758149000103, 0.854535321000071, 0.0 ], [ 127.67290661200002, 0.853149898000026, 0.0 ], [ 127.671787663000032, 0.854455531000042, 0.0 ], [ 127.671828761000029, 0.859519114000022, 0.0 ], [ 127.665441854000051, 0.865895129000023, 0.0 ], [ 127.666329109000117, 0.867261464000023, 0.0 ], [ 127.660091022000074, 0.867058678000035, 0.0 ], [ 127.654997991000073, 0.869268780000027, 0.0 ], [ 127.649528621000059, 0.866629904000035, 0.0 ], [ 127.650843888000054, 0.862341971000035, 0.0 ], [ 127.649703407000061, 0.860864454000023, 0.0 ], [ 127.647154713000077, 0.86306535500006, 0.0 ], [ 127.645669158000032, 0.869642445000068, 0.0 ], [ 127.642514580000011, 0.87316342400004, 0.0 ], [ 127.640067700000031, 0.872539678000066, 0.0 ], [ 127.640495962000045, 0.876015524000024, 0.0 ], [ 127.637991611000075, 0.879018792000068, 0.0 ], [ 127.638106869000012, 0.883395221000058, 0.0 ], [ 127.639591652000036, 0.886174432000075, 0.0 ], [ 127.638868296000055, 0.888306429000068, 0.0 ], [ 127.643309827000053, 0.889306132000058, 0.0 ], [ 127.644161039000096, 0.891365793000034, 0.0 ], [ 127.648475964000113, 0.892583506000051, 0.0 ], [ 127.648645769000041, 0.890718709000055, 0.0 ], [ 127.650036081000053, 0.891581511000027, 0.0 ], [ 127.65131489700002, 0.895323369000039, 0.0 ], [ 127.649518976000081, 0.90047905900002, 0.0 ], [ 127.642279877000078, 0.906337612000073, 0.0 ], [ 127.636735275000092, 0.914534666000065, 0.0 ], [ 127.634129618000088, 0.914451199000041, 0.0 ], [ 127.632626602000073, 0.919181145000039, 0.0 ], [ 127.628445692000014, 0.919673506000038, 0.0 ], [ 127.629675583000108, 0.923529659000053, 0.0 ], [ 127.624178550000011, 0.935737133000032, 0.0 ], [ 127.625422410000056, 0.940915601000029, 0.0 ], [ 127.622023126000045, 0.940575633000037, 0.0 ], [ 127.616737225000065, 0.94923985500003, 0.0 ], [ 127.607810440000094, 0.952076552000051, 0.0 ], [ 127.60420591500008, 0.951024637000046, 0.0 ], [ 127.601034073000051, 0.95618378100005, 0.0 ], [ 127.603548421000028, 0.958227513000054, 0.0 ], [ 127.601572803000067, 0.962010482000039, 0.0 ], [ 127.602630434000048, 0.963451639000027, 0.0 ], [ 127.601913610000111, 0.964713676000031, 0.0 ], [ 127.605220327000097, 0.966543868000031, 0.0 ], [ 127.602512064000052, 0.971306898000023, 0.0 ], [ 127.605890529000021, 0.969768624000039, 0.0 ], [ 127.608002022000051, 0.972101133000024, 0.0 ], [ 127.612821482000072, 0.97222675200004, 0.0 ], [ 127.613705142000072, 0.972951221000073, 0.0 ], [ 127.612696414000084, 0.974910962000024, 0.0 ], [ 127.6106612210001, 0.976079785000024, 0.0 ], [ 127.6134968, 0.980290257000036, 0.0 ], [ 127.616298338000092, 0.980062975000067, 0.0 ], [ 127.622096569000064, 0.982244048000041, 0.0 ], [ 127.623718613000051, 0.981188893000024, 0.0 ], [ 127.625226314000088, 0.985217559000034, 0.0 ], [ 127.626829137000072, 0.985820862000025, 0.0 ], [ 127.627245206000111, 0.990336471000035, 0.0 ], [ 127.62982743200007, 0.987987113000031, 0.0 ], [ 127.632636809000019, 0.987465567000072, 0.0 ], [ 127.632827326000097, 0.990746885000021, 0.0 ], [ 127.636525009000025, 0.99063742900006, 0.0 ], [ 127.639308978000031, 0.99214600800002, 0.0 ], [ 127.642293771000027, 0.999274128000025, 0.0 ], [ 127.644429414000115, 0.997855399000059, 0.0 ], [ 127.64562842600003, 0.999426435000032, 0.0 ], [ 127.64280951100011, 1.000488526000026, 0.0 ], [ 127.644692495000072, 1.011261105000074, 0.0 ], [ 127.647321441000031, 1.01617501000004, 0.0 ], [ 127.641035776000081, 1.016749746000073, 0.0 ], [ 127.643671882000035, 1.018814506000069, 0.0 ], [ 127.650033181000026, 1.020499293000057, 0.0 ], [ 127.650541240000052, 1.021873913000036, 0.0 ], [ 127.649393395000061, 1.025889732000053, 0.0 ], [ 127.647989729000074, 1.02575620600004, 0.0 ], [ 127.646119749000036, 1.027726856000072, 0.0 ], [ 127.648356949000117, 1.034403922000024, 0.0 ], [ 127.646589308000102, 1.037801717000036, 0.0 ], [ 127.623631314000022, 1.042222718000062, 0.0 ], [ 127.611776833000022, 1.040553572000022, 0.0 ], [ 127.606402682000066, 1.043849908000027, 0.0 ], [ 127.603580728000111, 1.056070025000054, 0.0 ], [ 127.60458251700004, 1.05922130700003, 0.0 ], [ 127.601935965000052, 1.063135696000074, 0.0 ], [ 127.602062398000044, 1.07078769900005, 0.0 ], [ 127.603721048000011, 1.073044203000052, 0.0 ], [ 127.610211218000018, 1.075697478000052, 0.0 ], [ 127.61393732800002, 1.079505308000023, 0.0 ], [ 127.61465019000002, 1.081993786000055, 0.0 ], [ 127.611513217000038, 1.084433390000072, 0.0 ], [ 127.610683816000119, 1.086754979000034, 0.0 ], [ 127.61318248900011, 1.091463629000032, 0.0 ], [ 127.608351517000074, 1.094001023000033, 0.0 ], [ 127.603747455000075, 1.107618891000072, 0.0 ], [ 127.604301107000083, 1.108937439000044, 0.0 ], [ 127.609611274000031, 1.109286204000057, 0.0 ], [ 127.613168301000087, 1.11392808100004, 0.0 ], [ 127.613885777000064, 1.117120291000049, 0.0 ], [ 127.625307081000074, 1.116255, 0.0 ], [ 127.625902028000041, 1.125523322000049, 0.0 ], [ 127.622314032000077, 1.136948821000033, 0.0 ], [ 127.619944722000014, 1.140364643000055, 0.0 ], [ 127.622062344000028, 1.142121169000063, 0.0 ], [ 127.622870025000111, 1.146451701000046, 0.0 ], [ 127.626817882000068, 1.151783636000062, 0.0 ], [ 127.628152638000074, 1.160351244000026, 0.0 ], [ 127.631590887000016, 1.163057779000042, 0.0 ], [ 127.633755446, 1.167005633000031, 0.0 ], [ 127.639774204000105, 1.168026108000049, 0.0 ], [ 127.644300243000089, 1.171566895000069, 0.0 ], [ 127.643697002000067, 1.177095592000057, 0.0 ], [ 127.64008474000002, 1.178523221000034, 0.0 ], [ 127.637709810000047, 1.182553953000024, 0.0 ], [ 127.638146326000083, 1.19179205100005, 0.0 ], [ 127.639878792000104, 1.193353803000036, 0.0 ], [ 127.639836402000014, 1.195753675000049, 0.0 ], [ 127.638324436000062, 1.198751052000034, 0.0 ], [ 127.639330645000086, 1.201525954000033, 0.0 ], [ 127.636155385000052, 1.208036993000064, 0.0 ], [ 127.635868549000065, 1.212092252000048, 0.0 ], [ 127.637172189000012, 1.214710871000023, 0.0 ], [ 127.635903873000075, 1.21979992100006, 0.0 ], [ 127.628565328000036, 1.230012235000061, 0.0 ], [ 127.627463999000042, 1.234863406000045, 0.0 ], [ 127.623878115000025, 1.237794637000036, 0.0 ], [ 127.626804366000101, 1.242519701000049, 0.0 ], [ 127.628931520000037, 1.243714498000031, 0.0 ], [ 127.627418995000085, 1.248118243000022, 0.0 ], [ 127.632533745000046, 1.250000002000036, 0.0 ], [ 127.635727019000115, 1.249673778000044, 0.0 ], [ 127.641669012000079, 1.245960913000033, 0.0 ], [ 127.647313906000022, 1.25234703700005, 0.0 ], [ 127.647510700000112, 1.264672688000076, 0.0 ], [ 127.649202016000118, 1.26495645500006, 0.0 ], [ 127.649447803000044, 1.271366114000045, 0.0 ], [ 127.644607053000072, 1.272936635000065, 0.0 ], [ 127.638714144000119, 1.271442, 0.0 ], [ 127.635655623000048, 1.27293510800007, 0.0 ], [ 127.63453490500001, 1.274917612000024, 0.0 ], [ 127.635834214000056, 1.277748949000056, 0.0 ], [ 127.635535260000097, 1.285452354000029, 0.0 ], [ 127.639118286000098, 1.29026224100005, 0.0 ], [ 127.639960246000101, 1.297523255000044, 0.0 ], [ 127.644016100000044, 1.29906328900006, 0.0 ], [ 127.642637557000057, 1.303720610000028, 0.0 ], [ 127.637254827000106, 1.305085708000036, 0.0 ], [ 127.637383906000082, 1.30921681600006, 0.0 ], [ 127.640060904000052, 1.310236006000025, 0.0 ], [ 127.640705016000084, 1.313347606000036, 0.0 ], [ 127.643646303000082, 1.313347606000036, 0.0 ], [ 127.644329632000108, 1.315812884000024, 0.0 ], [ 127.643854273000102, 1.325881887000037, 0.0 ], [ 127.640598219000026, 1.32838670700005, 0.0 ], [ 127.642967850000105, 1.333931082000049, 0.0 ], [ 127.645346085000028, 1.330979519000039, 0.0 ], [ 127.648517961000039, 1.332828572000039, 0.0 ], [ 127.648619710000048, 1.330493948000026, 0.0 ], [ 127.652013321000027, 1.32696128200007, 0.0 ], [ 127.653878854000027, 1.327631841000027, 0.0 ], [ 127.657391171000086, 1.334278554000036, 0.0 ], [ 127.655908446000012, 1.34154292300002, 0.0 ], [ 127.659749376000036, 1.345807497000067, 0.0 ], [ 127.661021993000077, 1.35449240600002, 0.0 ], [ 127.663207828000054, 1.358897564000074, 0.0 ], [ 127.661930142000074, 1.364269009000054, 0.0 ], [ 127.666760705000115, 1.366287041000021, 0.0 ], [ 127.675842695000028, 1.375817365000046, 0.0 ], [ 127.675800606000053, 1.378355749000036, 0.0 ], [ 127.671645550000108, 1.383605149000061, 0.0 ], [ 127.668181269000115, 1.392409133000058, 0.0 ], [ 127.661255935000099, 1.396631013000047, 0.0 ], [ 127.657056500000067, 1.411128046000044, 0.0 ], [ 127.657527250000044, 1.416833952000047, 0.0 ], [ 127.659666554000069, 1.42261854700007, 0.0 ], [ 127.666915803000052, 1.428056531000038, 0.0 ], [ 127.673551367000073, 1.429437430000064, 0.0 ], [ 127.677425547000098, 1.441365208000036, 0.0 ], [ 127.683343772000057, 1.444097659000022, 0.0 ], [ 127.678875393000112, 1.445642086000021, 0.0 ], [ 127.674834838000038, 1.448921020000057, 0.0 ], [ 127.674715998000011, 1.453578048000054, 0.0 ], [ 127.67312727400008, 1.456656013000043, 0.0 ], [ 127.671105650000072, 1.457440121000047, 0.0 ], [ 127.670573369000067, 1.462222630000042, 0.0 ], [ 127.680243229000098, 1.467965029000027, 0.0 ], [ 127.679501669000047, 1.471557564000022, 0.0 ], [ 127.68060450300004, 1.476214546000051, 0.0 ], [ 127.684274278000089, 1.479921116000071, 0.0 ], [ 127.699944838000079, 1.479354121000028, 0.0 ], [ 127.705744224000114, 1.488442322000026, 0.0 ], [ 127.70834681700012, 1.489796639000076, 0.0 ], [ 127.710983806000058, 1.488240814000051, 0.0 ], [ 127.711328502000015, 1.49409173500004, 0.0 ], [ 127.714268629000117, 1.497162131000039, 0.0 ], [ 127.712117429000045, 1.510090456000057, 0.0 ], [ 127.72156252000002, 1.51398793200002, 0.0 ], [ 127.718522454000095, 1.51788841900003, 0.0 ], [ 127.719100776000118, 1.521076127000072, 0.0 ], [ 127.726759054000013, 1.524373729000047, 0.0 ], [ 127.725116079000031, 1.527064596000059, 0.0 ], [ 127.725459204000117, 1.531798460000061, 0.0 ], [ 127.728310239000052, 1.534953872000074, 0.0 ], [ 127.729548847000046, 1.538577638000049, 0.0 ], [ 127.72600650000004, 1.551932475000058, 0.0 ], [ 127.72591473500006, 1.559248539000066, 0.0 ], [ 127.728552012000023, 1.572206659000074, 0.0 ], [ 127.726720890000024, 1.581097575000058, 0.0 ], [ 127.726881109000033, 1.592500837000046, 0.0 ], [ 127.728776318000087, 1.595530569000061, 0.0 ], [ 127.731432249000022, 1.595481320000033, 0.0 ], [ 127.731634136000025, 1.599180718000071, 0.0 ], [ 127.735249285, 1.604059408000069, 0.0 ], [ 127.734830733000081, 1.605556462000038, 0.0 ], [ 127.730047686000034, 1.606173473000069, 0.0 ], [ 127.731311038000058, 1.611715419000063, 0.0 ], [ 127.728700101000072, 1.621037938000029, 0.0 ], [ 127.73159260400007, 1.62439626400004, 0.0 ], [ 127.730817592000108, 1.630287729000031, 0.0 ], [ 127.725151484000094, 1.633139344000028, 0.0 ], [ 127.718282626000018, 1.642319422000071, 0.0 ], [ 127.717782572000033, 1.646233116000076, 0.0 ], [ 127.719505796000021, 1.655388880000032, 0.0 ], [ 127.713113747000079, 1.661648718000038, 0.0 ], [ 127.712695487000019, 1.676701812000033, 0.0 ], [ 127.713711784000111, 1.681363849000036, 0.0 ], [ 127.711346879000075, 1.683104369000034, 0.0 ], [ 127.705700850000085, 1.692574821000051, 0.0 ], [ 127.705749388000072, 1.697549666000043, 0.0 ], [ 127.703237413000011, 1.705743433000066, 0.0 ], [ 127.705166693000024, 1.710271163000073, 0.0 ], [ 127.703332485000033, 1.714557423000031, 0.0 ], [ 127.705138850000026, 1.717812175000063, 0.0 ], [ 127.706945216, 1.718596166000054, 0.0 ], [ 127.707325504000096, 1.722801200000049, 0.0 ], [ 127.709535925000068, 1.723822760000076, 0.0 ], [ 127.710557948000087, 1.728764255000044, 0.0 ], [ 127.709362575000114, 1.733693276000054, 0.0 ], [ 127.713425036000103, 1.744064506000029, 0.0 ], [ 127.710731573000089, 1.750577712000052, 0.0 ], [ 127.711413595000067, 1.754778160000058, 0.0 ], [ 127.714325727000073, 1.760079481000048, 0.0 ], [ 127.714217512000118, 1.762684879000062, 0.0 ], [ 127.717676035000068, 1.765026199000033, 0.0 ], [ 127.717713902000014, 1.777581184000042, 0.0 ], [ 127.718039207000061, 1.777883706000068, 0.0 ], [ 127.721513035000044, 1.778364046000036, 0.0 ], [ 127.72180104600011, 1.778571689000046, 0.0 ], [ 127.718944133000036, 1.782560359000058, 0.0 ], [ 127.71663280700011, 1.790017852000062, 0.0 ], [ 127.71997431200009, 1.792724174000057, 0.0 ], [ 127.726062969000054, 1.791036818000066, 0.0 ], [ 127.730003864000082, 1.795694530000048, 0.0 ], [ 127.73458913200011, 1.797443877000035, 0.0 ], [ 127.734059850000108, 1.800853312000072, 0.0 ], [ 127.736018634000061, 1.804436306000071, 0.0 ], [ 127.736050864000049, 1.81267861300006, 0.0 ], [ 127.735176821000096, 1.813371290000021, 0.0 ], [ 127.739458351000053, 1.815768820000073, 0.0 ], [ 127.741190918000029, 1.821900604000064, 0.0 ], [ 127.740455330000032, 1.830585263000046, 0.0 ], [ 127.742917692000105, 1.83373053400004, 0.0 ], [ 127.742119088000095, 1.835783034000031, 0.0 ], [ 127.743697282000085, 1.836172628000043, 0.0 ], [ 127.748821924000026, 1.846118174000026, 0.0 ], [ 127.747626920000016, 1.851983210000071, 0.0 ], [ 127.743856704000109, 1.855216804000065, 0.0 ], [ 127.745549734000065, 1.857674312000029, 0.0 ], [ 127.748843162000071, 1.856527044000075, 0.0 ], [ 127.750595046000058, 1.857183107000026, 0.0 ], [ 127.747520976000033, 1.859101969000051, 0.0 ], [ 127.748311435000119, 1.861863123000035, 0.0 ], [ 127.746330606000015, 1.862868162000041, 0.0 ], [ 127.748259634000078, 1.864454967000029, 0.0 ], [ 127.748066680000079, 1.86862102300006, 0.0 ], [ 127.75090402, 1.871104440000067, 0.0 ], [ 127.752325604000021, 1.875199370000075, 0.0 ], [ 127.760690300000078, 1.875579318000064, 0.0 ], [ 127.761975522000057, 1.879137578000041, 0.0 ], [ 127.76043964400003, 1.880420044000061, 0.0 ], [ 127.761267168000018, 1.882699618000061, 0.0 ], [ 127.759775998, 1.883372293000036, 0.0 ], [ 127.760733739000102, 1.888638812000067, 0.0 ], [ 127.767097900000067, 1.893502028000057, 0.0 ], [ 127.77244263700004, 1.895462450000025, 0.0 ], [ 127.773043649000101, 1.897980283000038, 0.0 ], [ 127.771975109000095, 1.900797683000064, 0.0 ], [ 127.774407263000057, 1.903024579000032, 0.0 ], [ 127.778077008000082, 1.903170437000028, 0.0 ], [ 127.77838522400009, 1.905343645000073, 0.0 ], [ 127.784449191000022, 1.904581699000062, 0.0 ], [ 127.78548554300005, 1.906278358000066, 0.0 ], [ 127.786945315000025, 1.905426307000027, 0.0 ], [ 127.790651524000054, 1.910955412000021, 0.0 ], [ 127.789608841000017, 1.912692660000062, 0.0 ], [ 127.79046294300008, 1.914760191000028, 0.0 ], [ 127.788659291000045, 1.915143122000075, 0.0 ], [ 127.787035097000057, 1.913499606000073, 0.0 ], [ 127.784579710000116, 1.914181067000072, 0.0 ], [ 127.78441220000002, 1.915960711000025, 0.0 ], [ 127.786024974000043, 1.916660980000074, 0.0 ], [ 127.785506135000105, 1.917767314000059, 0.0 ], [ 127.784495395000022, 1.917090403000032, 0.0 ], [ 127.783652922000101, 1.919332052000073, 0.0 ], [ 127.784547404000023, 1.928697216000046, 0.0 ], [ 127.779062538000062, 1.938650951000056, 0.0 ], [ 127.774825954000107, 1.942076796000038, 0.0 ], [ 127.775442020000014, 1.944151973000032, 0.0 ], [ 127.773650866000025, 1.948775501000057, 0.0 ], [ 127.770529861000114, 1.949928557000021, 0.0 ], [ 127.767549622000047, 1.959570917000065, 0.0 ], [ 127.764313005000076, 1.961961704000032, 0.0 ], [ 127.760436509000101, 1.96116906900005, 0.0 ], [ 127.753943077000031, 1.953909801000066, 0.0 ], [ 127.754331057000059, 1.946878158000061, 0.0 ], [ 127.753896162000046, 1.945387053000047, 0.0 ], [ 127.751739932000078, 1.945649300000071, 0.0 ], [ 127.748427652000032, 1.946647080000048, 0.0 ], [ 127.744890002000034, 1.951211907000072, 0.0 ], [ 127.744821069000068, 1.953699262000043, 0.0 ], [ 127.742478979000111, 1.95583351700003, 0.0 ], [ 127.744434925000064, 1.959866962000035, 0.0 ], [ 127.743522235000114, 1.96298824400003, 0.0 ], [ 127.744939204000048, 1.96776896800003, 0.0 ], [ 127.749621156000103, 1.968652217000056, 0.0 ], [ 127.752578139000093, 1.972037087000047, 0.0 ], [ 127.754087322000032, 1.978162099000031, 0.0 ], [ 127.757028326000068, 1.977645401000075, 0.0 ], [ 127.761130711000078, 1.982309972000053, 0.0 ], [ 127.762721942000098, 1.984863554000071, 0.0 ], [ 127.762506978000033, 1.988251418000061, 0.0 ], [ 127.764716974000066, 1.990853493000031, 0.0 ], [ 127.763969880000104, 1.992499589000033, 0.0 ], [ 127.768683831000089, 1.994462193000061, 0.0 ], [ 127.771135181000091, 1.997949688000062, 0.0 ], [ 127.774567133000119, 1.999141719000022, 0.0 ], [ 127.784625669000093, 2.00800208000004, 0.0 ], [ 127.788085857000056, 2.014979883000024, 0.0 ], [ 127.78716896100002, 2.018878198000039, 0.0 ], [ 127.788736140000083, 2.022588842000062, 0.0 ], [ 127.78803899400009, 2.024449035000032, 0.0 ], [ 127.795626568000102, 2.033100201000025, 0.0 ], [ 127.796468268000012, 2.036798347000058, 0.0 ], [ 127.802969992000044, 2.042301637000037, 0.0 ], [ 127.806264340000098, 2.050602594000054, 0.0 ], [ 127.813438739000048, 2.055304668000076, 0.0 ], [ 127.815971719000117, 2.063898251000069, 0.0 ], [ 127.826671790000091, 2.069919238000068, 0.0 ], [ 127.829985760000113, 2.075970616000063, 0.0 ], [ 127.83594718900008, 2.080641871000068, 0.0 ], [ 127.837525573000107, 2.085453468000026, 0.0 ], [ 127.837218610000036, 2.090437175000034, 0.0 ], [ 127.850583711000013, 2.095861819000049, 0.0 ], [ 127.850612489000014, 2.100440720000051, 0.0 ], [ 127.852696341000069, 2.102097817000072, 0.0 ], [ 127.8637446890001, 2.104140221000023, 0.0 ], [ 127.868030920000024, 2.107375207000075, 0.0 ], [ 127.870874940000022, 2.112982593000027, 0.0 ], [ 127.875278856000023, 2.117126176000056, 0.0 ], [ 127.886087141000075, 2.122500969000043, 0.0 ], [ 127.886041809000062, 2.127664450000054, 0.0 ], [ 127.889543340000046, 2.129677352000044, 0.0 ], [ 127.889821034000079, 2.132232389000023, 0.0 ], [ 127.893639322000013, 2.132103522000023, 0.0 ], [ 127.900051327000028, 2.134070381000072, 0.0 ], [ 127.902996728000062, 2.137369533000026, 0.0 ], [ 127.902827949000084, 2.140540533000035, 0.0 ], [ 127.904776430000084, 2.143731007000042, 0.0 ], [ 127.910267763000093, 2.147677336000072, 0.0 ], [ 127.911168602000089, 2.152153463000047, 0.0 ], [ 127.909709145000079, 2.15543124200002, 0.0 ], [ 127.911295707000022, 2.157418828000061, 0.0 ], [ 127.919314625000084, 2.156832813000051, 0.0 ], [ 127.928028260000019, 2.160593734000031, 0.0 ], [ 127.929831616000115, 2.162757771000031, 0.0 ], [ 127.930311768000024, 2.165037749000021, 0.0 ], [ 127.929054764000057, 2.167986622000058, 0.0 ], [ 127.932811100000094, 2.180045648000032, 0.0 ], [ 127.936456281000119, 2.181053439000038, 0.0 ], [ 127.937262770000075, 2.184452533000069, 0.0 ], [ 127.938647914000057, 2.185386915000038, 0.0 ], [ 127.942632949000085, 2.185228192000068, 0.0 ], [ 127.944522566000046, 2.187712609000073, 0.0 ], [ 127.948185779000028, 2.188504996000063, 0.0 ], [ 127.949288571000011, 2.191784642000073, 0.0 ], [ 127.950566635000087, 2.191067542000042, 0.0 ], [ 127.95901376300003, 2.195927166000047, 0.0 ], [ 127.960139858000048, 2.198232743000062, 0.0 ], [ 127.960462035000091, 2.207085941000059, 0.0 ], [ 127.959510333000026, 2.210589124000023, 0.0 ], [ 127.956224299000041, 2.214679414000045, 0.0 ], [ 127.955935201000102, 2.218502877000049, 0.0 ], [ 127.953992748000019, 2.220052379000037, 0.0 ], [ 127.957047020000118, 2.220801271000028, 0.0 ] ], [ [ 127.856695188000117, 1.816962054000044, 0.0 ], [ 127.856695140000056, 1.81703983500006, 0.0 ], [ 127.856677290000107, 1.817057773000045, 0.0 ], [ 127.856635730000107, 1.816956033000054, 0.0 ], [ 127.856695188000117, 1.816962054000044, 0.0 ] ] ], [ [ [ 127.817130152000118, 2.230658525000024, 0.0 ], [ 127.816851645000042, 2.230859331000033, 0.0 ], [ 127.816915689000098, 2.231096312000034, 0.0 ], [ 127.817172699000025, 2.231003183000041, 0.0 ], [ 127.817130152000118, 2.230658525000024, 0.0 ] ] ], [ [ [ 127.81694389900008, 2.231519936000041, 0.0 ], [ 127.816808329000082, 2.231476748000034, 0.0 ], [ 127.816736683000045, 2.231821314000058, 0.0 ], [ 127.817007938000074, 2.231764096000063, 0.0 ], [ 127.81694389900008, 2.231519936000041, 0.0 ] ] ], [ [ [ 127.823164333000022, 2.258253964000062, 0.0 ], [ 127.823084383000037, 2.258305360000065, 0.0 ], [ 127.823322329, 2.258503332000032, 0.0 ], [ 127.823314715000038, 2.258419575000062, 0.0 ], [ 127.823164333000022, 2.258253964000062, 0.0 ] ] ], [ [ [ 127.756438366000111, 2.264775186000065, 0.0 ], [ 127.756474058000094, 2.264537240000038, 0.0 ], [ 127.755926782000074, 2.264742469000055, 0.0 ], [ 127.756227189000015, 2.264888211000027, 0.0 ], [ 127.756438366000111, 2.264775186000065, 0.0 ] ] ], [ [ [ 127.748906497, 2.268347557000027, 0.0 ], [ 127.74981528100011, 2.268353134000051, 0.0 ], [ 127.750572918000103, 2.267066270000043, 0.0 ], [ 127.748163992000059, 2.268634091000024, 0.0 ], [ 127.748906497, 2.268347557000027, 0.0 ] ] ], [ [ [ 127.746817873000055, 2.270365927000057, 0.0 ], [ 127.746741711000027, 2.270404151000037, 0.0 ], [ 127.746836802000075, 2.270485601000075, 0.0 ], [ 127.746836844000086, 2.270437738000055, 0.0 ], [ 127.746817873000055, 2.270365927000057, 0.0 ] ] ], [ [ [ 127.823539941000035, 2.270982246000074, 0.0 ], [ 127.823085464000087, 2.271098840000036, 0.0 ], [ 127.823053341000104, 2.27114523900002, 0.0 ], [ 127.823355532000051, 2.271230900000035, 0.0 ], [ 127.823539941000035, 2.270982246000074, 0.0 ] ] ], [ [ [ 127.759334738, 2.271035270000027, 0.0 ], [ 127.759201470000107, 2.271083019000059, 0.0 ], [ 127.759248830000047, 2.271341523000046, 0.0 ], [ 127.759344107000061, 2.271207587000049, 0.0 ], [ 127.759334738, 2.271035270000027, 0.0 ] ] ], [ [ [ 127.825007027000083, 2.270674751000058, 0.0 ], [ 127.824850934000096, 2.270345433000045, 0.0 ], [ 127.823665011000116, 2.271127800000045, 0.0 ], [ 127.82434648900005, 2.271439985000029, 0.0 ], [ 127.825007027000083, 2.270674751000058, 0.0 ] ] ], [ [ [ 127.744732996000039, 2.271345303000032, 0.0 ], [ 127.744633081000075, 2.27134042900002, 0.0 ], [ 127.744575926000039, 2.271407388000057, 0.0 ], [ 127.744699565000019, 2.271488863000059, 0.0 ], [ 127.744732996000039, 2.271345303000032, 0.0 ] ] ], [ [ [ 127.745584751000024, 2.271274252000069, 0.0 ], [ 127.746560711000029, 2.270628950000059, 0.0 ], [ 127.746728278000091, 2.269427730000075, 0.0 ], [ 127.74441972000011, 2.270469134000052, 0.0 ], [ 127.745584751000024, 2.271274252000069, 0.0 ] ] ], [ [ [ 127.815621697000097, 2.271780801000034, 0.0 ], [ 127.815562211000042, 2.271787940000024, 0.0 ], [ 127.815465842000094, 2.27188430800004, 0.0 ], [ 127.815544365000051, 2.27188787700004, 0.0 ], [ 127.815621697000097, 2.271780801000034, 0.0 ] ] ], [ [ [ 127.743566357000077, 2.272402059000058, 0.0 ], [ 127.743628535000084, 2.272028781000074, 0.0 ], [ 127.743062764000115, 2.271520937000048, 0.0 ], [ 127.743005150000045, 2.272119176000047, 0.0 ], [ 127.743566357000077, 2.272402059000058, 0.0 ] ] ], [ [ [ 127.820004197000117, 2.273316520000037, 0.0 ], [ 127.820819121000113, 2.273215478000054, 0.0 ], [ 127.821117378000054, 2.272144753000021, 0.0 ], [ 127.819796765000092, 2.272406924000052, 0.0 ], [ 127.820004197000117, 2.273316520000037, 0.0 ] ] ], [ [ [ 127.743327158000056, 2.273899966000045, 0.0 ], [ 127.743946286000096, 2.273230425000065, 0.0 ], [ 127.742399956000099, 2.27318120800004, 0.0 ], [ 127.742680086000064, 2.273870682000052, 0.0 ], [ 127.743327158000056, 2.273899966000045, 0.0 ] ] ], [ [ [ 127.740800402000104, 2.274156213000026, 0.0 ], [ 127.741976862000115, 2.27275006900004, 0.0 ], [ 127.741316097000094, 2.272050689000025, 0.0 ], [ 127.740471884000044, 2.274400026000023, 0.0 ], [ 127.740800402000104, 2.274156213000026, 0.0 ] ] ], [ [ [ 127.789516856000091, 2.278767845000061, 0.0 ], [ 127.789462185000048, 2.278907557000025, 0.0 ], [ 127.789703644000042, 2.278947494000022, 0.0 ], [ 127.789628691000075, 2.278810675000045, 0.0 ], [ 127.789516856000091, 2.278767845000061, 0.0 ] ] ], [ [ [ 127.769330108000077, 2.282117590000041, 0.0 ], [ 127.769201617000022, 2.282192543000065, 0.0 ], [ 127.769248017000109, 2.282306758000061, 0.0 ], [ 127.769340816000067, 2.282231805000038, 0.0 ], [ 127.769330108000077, 2.282117590000041, 0.0 ] ] ], [ [ [ 127.781823483000039, 2.285998466000024, 0.0 ], [ 127.781542532000117, 2.286256691000062, 0.0 ], [ 127.781851669000048, 2.286429264000049, 0.0 ], [ 127.781918538000014, 2.286127779000026, 0.0 ], [ 127.781823483000039, 2.285998466000024, 0.0 ] ] ], [ [ [ 127.774860769000043, 2.294461044000059, 0.0 ], [ 127.775045177000038, 2.294449147000023, 0.0 ], [ 127.775048151000078, 2.294359917000065, 0.0 ], [ 127.774854820000087, 2.294336123000051, 0.0 ], [ 127.774860769000043, 2.294461044000059, 0.0 ] ] ], [ [ [ 127.777634311000043, 2.29394505700003, 0.0 ], [ 127.778159418000087, 2.291935230000036, 0.0 ], [ 127.78020106300005, 2.291487060000065, 0.0 ], [ 127.780185761000098, 2.287074004000033, 0.0 ], [ 127.781281204000038, 2.285816121000039, 0.0 ], [ 127.777438220000022, 2.278264720000038, 0.0 ], [ 127.778505424000059, 2.275214314000038, 0.0 ], [ 127.783758007000074, 2.274279448000073, 0.0 ], [ 127.785255636000102, 2.275698685000066, 0.0 ], [ 127.787939202000075, 2.274312900000041, 0.0 ], [ 127.78862842500007, 2.27516306800004, 0.0 ], [ 127.791705533000027, 2.272581005000063, 0.0 ], [ 127.792323193000016, 2.273664449000023, 0.0 ], [ 127.796463127000038, 2.273261081000044, 0.0 ], [ 127.796337065000102, 2.274661001000027, 0.0 ], [ 127.800984326000048, 2.27212210700003, 0.0 ], [ 127.807092248000117, 2.272587885000064, 0.0 ], [ 127.811702831000048, 2.271251505000066, 0.0 ], [ 127.814473760000055, 2.272127320000038, 0.0 ], [ 127.815634646000035, 2.270806022000045, 0.0 ], [ 127.817804868000053, 2.271669370000041, 0.0 ], [ 127.819507073000068, 2.270252783000046, 0.0 ], [ 127.819910592000042, 2.271395880000057, 0.0 ], [ 127.824812347000034, 2.269505246000051, 0.0 ], [ 127.825008653000054, 2.267510067000046, 0.0 ], [ 127.823299010000028, 2.265525597000021, 0.0 ], [ 127.824455428000078, 2.26457976100005, 0.0 ], [ 127.823191935000068, 2.261599486000023, 0.0 ], [ 127.824042354000085, 2.260540626000022, 0.0 ], [ 127.818703865000089, 2.252931156000045, 0.0 ], [ 127.820246534000034, 2.251647251000065, 0.0 ], [ 127.819154873000116, 2.251237119000052, 0.0 ], [ 127.818814691000057, 2.248250097000039, 0.0 ], [ 127.820537337000019, 2.245027820000075, 0.0 ], [ 127.822907544000032, 2.244196898000041, 0.0 ], [ 127.822553469000013, 2.240714463000074, 0.0 ], [ 127.819729676000065, 2.237567477000027, 0.0 ], [ 127.817752537000047, 2.237759727000025, 0.0 ], [ 127.815942644000074, 2.234096627000042, 0.0 ], [ 127.816510052000012, 2.229624150000063, 0.0 ], [ 127.814561762000039, 2.229457442000069, 0.0 ], [ 127.812138039000047, 2.225858467000023, 0.0 ], [ 127.808575175000101, 2.224795493000045, 0.0 ], [ 127.807252194000057, 2.222354166000059, 0.0 ], [ 127.8063955880001, 2.224243458000046, 0.0 ], [ 127.803974891000053, 2.22383435200004, 0.0 ], [ 127.80410853, 2.222992913000041, 0.0 ], [ 127.798535832000084, 2.224982142000044, 0.0 ], [ 127.795766139000079, 2.224334929000065, 0.0 ], [ 127.794706090000091, 2.222900114000026, 0.0 ], [ 127.795738776, 2.22260981900007, 0.0 ], [ 127.794672777000073, 2.221491473000071, 0.0 ], [ 127.794621294000081, 2.217096900000058, 0.0 ], [ 127.787117195000064, 2.216662357000075, 0.0 ], [ 127.781916570000021, 2.219516530000021, 0.0 ], [ 127.778734457000041, 2.218343619000052, 0.0 ], [ 127.772602742000117, 2.219673915000044, 0.0 ], [ 127.771186430000057, 2.226420316000031, 0.0 ], [ 127.772167454000055, 2.226792081000042, 0.0 ], [ 127.771755667000093, 2.228496880000023, 0.0 ], [ 127.773106252000048, 2.227881767000042, 0.0 ], [ 127.773848323000038, 2.22952770400002, 0.0 ], [ 127.771401684000011, 2.232212003000029, 0.0 ], [ 127.773554022000098, 2.240159187000074, 0.0 ], [ 127.769920220000017, 2.247120285000051, 0.0 ], [ 127.773065828000085, 2.247888766000074, 0.0 ], [ 127.769410267000012, 2.252384855000059, 0.0 ], [ 127.769158308000101, 2.254957311000055, 0.0 ], [ 127.77136017700002, 2.258265524000024, 0.0 ], [ 127.767807942000104, 2.261488506000035, 0.0 ], [ 127.764967540000043, 2.255656298000076, 0.0 ], [ 127.762487990000068, 2.255812607000053, 0.0 ], [ 127.760012600000096, 2.25723681900007, 0.0 ], [ 127.756833356000016, 2.263133239000069, 0.0 ], [ 127.757842248000088, 2.266913013000021, 0.0 ], [ 127.759763663000058, 2.268832762000045, 0.0 ], [ 127.759032782000077, 2.270729230000029, 0.0 ], [ 127.762279765000017, 2.270976716000064, 0.0 ], [ 127.76400844300008, 2.276908712000022, 0.0 ], [ 127.765139877000024, 2.276482789000056, 0.0 ], [ 127.767696608000051, 2.279137078000076, 0.0 ], [ 127.767614517000084, 2.281123928000056, 0.0 ], [ 127.769098111000062, 2.281162237000046, 0.0 ], [ 127.770260477000079, 2.282693420000044, 0.0 ], [ 127.769396733, 2.285325104000037, 0.0 ], [ 127.770603715000107, 2.286476168000036, 0.0 ], [ 127.770275358000049, 2.288129001000073, 0.0 ], [ 127.772712177000017, 2.28737964000004, 0.0 ], [ 127.774575126000059, 2.290032891000067, 0.0 ], [ 127.775116669000113, 2.294598624000059, 0.0 ], [ 127.777634311000043, 2.29394505700003, 0.0 ] ], [ [ 127.807533201000069, 2.223085390000051, 0.0 ], [ 127.807581028000072, 2.223127507000072, 0.0 ], [ 127.807577459000072, 2.223211026000058, 0.0 ], [ 127.807506843000056, 2.223153067000055, 0.0 ], [ 127.807533201000069, 2.223085390000051, 0.0 ] ] ], [ [ [ 127.7750725410001, 2.295037469000022, 0.0 ], [ 127.774798903000033, 2.294673411000076, 0.0 ], [ 127.774696586000118, 2.294685309000045, 0.0 ], [ 127.775106448000088, 2.295371783000064, 0.0 ], [ 127.7750725410001, 2.295037469000022, 0.0 ] ] ], [ [ [ 127.774562198000012, 2.295974947000047, 0.0 ], [ 127.774314805000017, 2.295936442000027, 0.0 ], [ 127.774338196000031, 2.296405527000047, 0.0 ], [ 127.77454294100005, 2.296238180000046, 0.0 ], [ 127.774562198000012, 2.295974947000047, 0.0 ] ] ], [ [ [ 127.774666536000041, 2.296377091000068, 0.0 ], [ 127.774585638000076, 2.296386594000069, 0.0 ], [ 127.77455700400003, 2.296487084000034, 0.0 ], [ 127.774680762000116, 2.296434540000064, 0.0 ], [ 127.774666536000041, 2.296377091000068, 0.0 ] ] ], [ [ [ 127.778378547000102, 2.299039299000071, 0.0 ], [ 127.777688531000081, 2.299128449000023, 0.0 ], [ 127.777931070000022, 2.300678247000064, 0.0 ], [ 127.778841939000017, 2.29966790900005, 0.0 ], [ 127.778378547000102, 2.299039299000071, 0.0 ] ] ] ] } },
{ "type": "Feature", "properties": { "OBJECTID": 37, "NAMOBJ": "Kepulauan Sula", "WADMPR": "Maluku Utara", "LUAS_KM": 1782.5792, "COLOR": "#e81482", "S_DATA": "Badan Informasi Geospasial (BIG)" }, "geometry": { "type": "MultiPolygon", "coordinates": [ [ [ [ 125.927507289000118, -1.977669286999969, 0.0 ], [ 125.92750868600001, -1.978465355999958, 0.0 ], [ 125.926241142000094, -1.977370379999968, 0.0 ], [ 125.927066696000111, -1.976930949999939, 0.0 ], [ 125.927507289000118, -1.977669286999969, 0.0 ] ] ], [ [ [ 125.92929704200003, -1.978010353999935, 0.0 ], [ 125.928145105000112, -1.97763608899993, 0.0 ], [ 125.928574362000063, -1.976448182999945, 0.0 ], [ 125.929430750000051, -1.977027577999934, 0.0 ], [ 125.92929704200003, -1.978010353999935, 0.0 ] ] ], [ [ [ 125.914127480000047, -1.977520864999974, 0.0 ], [ 125.913395920000085, -1.979035430999943, 0.0 ], [ 125.916456819000018, -1.980693892999966, 0.0 ], [ 125.920698008000045, -1.976576895999926, 0.0 ], [ 125.922645008000018, -1.97742448899993, 0.0 ], [ 125.921913920000065, -1.978934283999934, 0.0 ], [ 125.922992594000107, -1.980259162999971, 0.0 ], [ 125.926101406000043, -1.977623014999949, 0.0 ], [ 125.925935274000039, -1.979551097999945, 0.0 ], [ 125.929190466000023, -1.982263427999953, 0.0 ], [ 125.933778562000043, -1.97899810399997, 0.0 ], [ 125.934925956000029, -1.980768646999934, 0.0 ], [ 125.93741318800005, -1.981068234999952, 0.0 ], [ 125.936990834000085, -1.979729788999975, 0.0 ], [ 125.938466100000028, -1.978861285999926, 0.0 ], [ 125.935817304000011, -1.978224779999948, 0.0 ], [ 125.935905344000048, -1.977061222999964, 0.0 ], [ 125.944385742, -1.980140245999962, 0.0 ], [ 125.943419681000023, -1.98201050199998, 0.0 ], [ 125.944628448000117, -1.98458983699993, 0.0 ], [ 125.94230609400006, -1.984132980999959, 0.0 ], [ 125.942696325000043, -1.985056210999971, 0.0 ], [ 125.945247107000114, -1.985051452999926, 0.0 ], [ 125.947274409000102, -1.983695159999968, 0.0 ], [ 125.946950801000071, -1.986007995999955, 0.0 ], [ 125.952085678000117, -1.989915070999928, 0.0 ], [ 125.953380105000065, -1.989596223999968, 0.0 ], [ 125.953332516000046, -1.987921082999947, 0.0 ], [ 125.956354432000012, -1.987892528999964, 0.0 ], [ 125.957548921000011, -1.989229785999953, 0.0 ], [ 125.957139653000013, -1.991961407999952, 0.0 ], [ 125.959750909000036, -1.995712866999952, 0.0 ], [ 125.96987368900011, -2.000284285999953, 0.0 ], [ 125.970961938000073, -2.002950114999976, 0.0 ], [ 125.970175913000048, -2.005820165999978, 0.0 ], [ 125.97213380300002, -2.004547226999932, 0.0 ], [ 125.971795417000067, -2.006627589999937, 0.0 ], [ 125.974303458, -2.010015126999974, 0.0 ], [ 125.977545034000059, -2.009112742999946, 0.0 ], [ 125.975652867, -2.00730899399997, 0.0 ], [ 125.974484901000096, -2.007870510999965, 0.0 ], [ 125.97530809400007, -2.005853810999952, 0.0 ], [ 125.974114635000092, -2.004142000999934, 0.0 ], [ 125.977094210000018, -2.008138246999977, 0.0 ], [ 125.980992399000115, -2.010981755999978, 0.0 ], [ 125.982821911000087, -2.010990341999957, 0.0 ], [ 125.98478925400002, -2.01493101799997, 0.0 ], [ 125.987296783000033, -2.015416439999967, 0.0 ], [ 125.992440091000049, -2.028028591999941, 0.0 ], [ 125.992946938000046, -2.045167273999937, 0.0 ], [ 125.988020576000054, -2.053638793999937, 0.0 ], [ 125.981188090000046, -2.056077983999955, 0.0 ], [ 125.983934617000045, -2.061732287999973, 0.0 ], [ 125.982385473000022, -2.068117808999943, 0.0 ], [ 125.97826038900007, -2.073282204999941, 0.0 ], [ 125.978427445000079, -2.076210243999981, 0.0 ], [ 125.969760331000089, -2.094383403999927, 0.0 ], [ 125.960352480000097, -2.120381637999969, 0.0 ], [ 125.959420108000018, -2.134850950999976, 0.0 ], [ 125.957029223000063, -2.147018646999925, 0.0 ], [ 125.957947224, -2.159734519999972, 0.0 ], [ 125.963077862000091, -2.183065556999964, 0.0 ], [ 125.967290235000064, -2.193556343999944, 0.0 ], [ 125.97362225400002, -2.203975845999935, 0.0 ], [ 125.977896881000106, -2.216933281999957, 0.0 ], [ 125.984340282000062, -2.23057463799995, 0.0 ], [ 125.999606683000025, -2.254457404999926, 0.0 ], [ 126.00139204900006, -2.262925422999956, 0.0 ], [ 126.005476447000092, -2.26614877399993, 0.0 ], [ 126.010580846000039, -2.279945169999962, 0.0 ], [ 126.019983044000014, -2.298809498999958, 0.0 ], [ 126.02132309000001, -2.312221545999932, 0.0 ], [ 126.032448797000029, -2.332114236999928, 0.0 ], [ 126.032726807000017, -2.337640166999961, 0.0 ], [ 126.039033673000063, -2.348650761999977, 0.0 ], [ 126.039408241000046, -2.359196183999927, 0.0 ], [ 126.046698713000069, -2.367232099999967, 0.0 ], [ 126.049185219000037, -2.37465444399993, 0.0 ], [ 126.059365890000095, -2.391966323999952, 0.0 ], [ 126.060519279000118, -2.397690909999938, 0.0 ], [ 126.062472439000089, -2.399713488999964, 0.0 ], [ 126.064836990000117, -2.407175443999961, 0.0 ], [ 126.069259215000102, -2.412895680999952, 0.0 ], [ 126.072042138000029, -2.419808486999955, 0.0 ], [ 126.073737612000059, -2.429757729999949, 0.0 ], [ 126.072805318000064, -2.445144919999962, 0.0 ], [ 126.066416692000075, -2.458410166999954, 0.0 ], [ 126.058249393000096, -2.470198900999947, 0.0 ], [ 126.049863507000055, -2.477098711999929, 0.0 ], [ 126.042604649000054, -2.475484237999979, 0.0 ], [ 126.041239926000117, -2.473154410999939, 0.0 ], [ 126.035603288000061, -2.46925676799998, 0.0 ], [ 126.017671756000027, -2.45977450099997, 0.0 ], [ 125.997335052000039, -2.445994294999934, 0.0 ], [ 125.99052366, -2.439584031999971, 0.0 ], [ 125.978338845000053, -2.419119979999948, 0.0 ], [ 125.976466689000063, -2.417836669999929, 0.0 ], [ 125.97390400900008, -2.411897535999969, 0.0 ], [ 125.973618474000091, -2.403774055999975, 0.0 ], [ 125.966571879000071, -2.39546289499998, 0.0 ], [ 125.961645204000092, -2.376736536999942, 0.0 ], [ 125.960830240000064, -2.369961021999927, 0.0 ], [ 125.962019970000028, -2.367242486999942, 0.0 ], [ 125.959723790000112, -2.362888073999954, 0.0 ], [ 125.959551279000038, -2.359521136999945, 0.0 ], [ 125.961835561000044, -2.344363969999961, 0.0 ], [ 125.958956414000113, -2.334727151999971, 0.0 ], [ 125.958843389000094, -2.325964787999965, 0.0 ], [ 125.957498993000058, -2.322615695999957, 0.0 ], [ 125.951562239000054, -2.314745628999958, 0.0 ], [ 125.945486627000037, -2.30285324099998, 0.0 ], [ 125.930787506000115, -2.286881109999968, 0.0 ], [ 125.927129085000047, -2.275679795999963, 0.0 ], [ 125.922364215000016, -2.266994763999946, 0.0 ], [ 125.918991328000061, -2.26490083799996, 0.0 ], [ 125.915553008000074, -2.260445297999979, 0.0 ], [ 125.905547374000093, -2.242837286999929, 0.0 ], [ 125.900401790000046, -2.239018251999937, 0.0 ], [ 125.888094028000069, -2.224679618999971, 0.0 ], [ 125.879975306000119, -2.210141111999974, 0.0 ], [ 125.879889646000038, -2.193370671999958, 0.0 ], [ 125.883354141000041, -2.188545124999962, 0.0 ], [ 125.883596846000046, -2.185275744999956, 0.0 ], [ 125.887365254000088, -2.178318676999936, 0.0 ], [ 125.887465191000047, -2.174706655999955, 0.0 ], [ 125.885337954000079, -2.164277477999974, 0.0 ], [ 125.8817473470001, -2.156853558999956, 0.0 ], [ 125.880990679000092, -2.141420374999939, 0.0 ], [ 125.879477341000097, -2.13611655699998, 0.0 ], [ 125.867870330000073, -2.110661082999968, 0.0 ], [ 125.861181665000117, -2.102858829999946, 0.0 ], [ 125.860039524000058, -2.095956012999977, 0.0 ], [ 125.855835017000118, -2.091944242999944, 0.0 ], [ 125.856468310000082, -2.084303317999968, 0.0 ], [ 125.85770310700002, -2.082085420999931, 0.0 ], [ 125.858228968000049, -2.060839213999941, 0.0 ], [ 125.870834877000107, -2.02759780699995, 0.0 ], [ 125.874889478000114, -2.021982278999928, 0.0 ], [ 125.879548463000106, -2.020409454999935, 0.0 ], [ 125.889578027000084, -1.999547637999967, 0.0 ], [ 125.897441990000061, -1.995553217999941, 0.0 ], [ 125.898078007000095, -1.992390429999944, 0.0 ], [ 125.896819593000032, -1.989523850999944, 0.0 ], [ 125.89919666600008, -1.98326207599996, 0.0 ], [ 125.903757191000068, -1.98235155499998, 0.0 ], [ 125.905099119000056, -1.978619762999926, 0.0 ], [ 125.908680632000028, -1.97496173199994, 0.0 ], [ 125.914885026000093, -1.97455752999997, 0.0 ], [ 125.91572920200008, -1.976305981999928, 0.0 ], [ 125.914127480000047, -1.977520864999974, 0.0 ] ] ], [ [ [ 125.783980481000071, -1.941097032999949, 0.0 ], [ 125.785575539000092, -1.942020375999959, 0.0 ], [ 125.784600527000066, -1.943295022999962, 0.0 ], [ 125.782285845000047, -1.94145225099993, 0.0 ], [ 125.783980481000071, -1.941097032999949, 0.0 ] ] ], [ [ [ 125.784196743000052, -1.934245094999937, 0.0 ], [ 125.783833880000088, -1.934323956999947, 0.0 ], [ 125.783694264000019, -1.933506773999966, 0.0 ], [ 125.784290933000079, -1.93370579499998, 0.0 ], [ 125.784196743000052, -1.934245094999937, 0.0 ] ] ], [ [ [ 125.772715776000041, -1.92927321999997, 0.0 ], [ 125.772816426000077, -1.929788593999945, 0.0 ], [ 125.772069343000112, -1.928678396999942, 0.0 ], [ 125.772401961000014, -1.928617593999945, 0.0 ], [ 125.772715776000041, -1.92927321999997, 0.0 ] ] ], [ [ [ 125.807302683000103, -1.913710125999955, 0.0 ], [ 125.805977799000061, -1.917045178999956, 0.0 ], [ 125.802025990000061, -1.920323123999935, 0.0 ], [ 125.795892691000063, -1.921076936999953, 0.0 ], [ 125.795767055000056, -1.919660681999972, 0.0 ], [ 125.802357211000071, -1.913938553999969, 0.0 ], [ 125.806377548000114, -1.912613669999928, 0.0 ], [ 125.807302683000103, -1.913710125999955, 0.0 ] ] ], [ [ [ 125.418397312000025, -1.884203794999962, 0.0 ], [ 125.421697599000026, -1.885041022999928, 0.0 ], [ 125.419510248000051, -1.891472713999974, 0.0 ], [ 125.416774494000038, -1.893236773999945, 0.0 ], [ 125.416150650000077, -1.895877985999959, 0.0 ], [ 125.412698600000112, -1.895327975999976, 0.0 ], [ 125.411278899000081, -1.893120110999973, 0.0 ], [ 125.412007499000083, -1.890593543999955, 0.0 ], [ 125.418397312000025, -1.884203794999962, 0.0 ] ] ], [ [ [ 125.384765633000029, -1.880309952999937, 0.0 ], [ 125.387005144000113, -1.880622571999936, 0.0 ], [ 125.387507300000038, -1.888055158999975, 0.0 ], [ 125.386390625000104, -1.890158972999927, 0.0 ], [ 125.376623579000011, -1.890103094999972, 0.0 ], [ 125.374349786000039, -1.889073018999966, 0.0 ], [ 125.373043270000039, -1.88617609299996, 0.0 ], [ 125.375248318000104, -1.882088073999967, 0.0 ], [ 125.378641667000011, -1.881380265999951, 0.0 ], [ 125.381345474000113, -1.88226625599998, 0.0 ], [ 125.38294605100009, -1.879415578999954, 0.0 ], [ 125.384765633000029, -1.880309952999937, 0.0 ] ] ], [ [ [ 126.246762179000029, -1.87887664699997, 0.0 ], [ 126.246707927000102, -1.87885665999994, 0.0 ], [ 126.246703168000067, -1.878746252999974, 0.0 ], [ 126.246786925000038, -1.878786226999978, 0.0 ], [ 126.246762179000029, -1.87887664699997, 0.0 ] ] ], [ [ [ 126.247124650000046, -1.87866416199995, 0.0 ], [ 126.246996159000105, -1.878607054999975, 0.0 ], [ 126.247022334, -1.878473804999942, 0.0 ], [ 126.247129409000081, -1.878540428999941, 0.0 ], [ 126.247124650000046, -1.87866416199995, 0.0 ] ] ], [ [ [ 126.227713642000026, -1.876516696999943, 0.0 ], [ 126.227631788000053, -1.876400579999938, 0.0 ], [ 126.227677474000075, -1.876370122999958, 0.0 ], [ 126.227780266000082, -1.876465300999939, 0.0 ], [ 126.227713642000026, -1.876516696999943, 0.0 ] ] ], [ [ [ 126.477973125000062, -1.83647806099998, 0.0 ], [ 126.477415233000102, -1.83698592199994, 0.0 ], [ 126.475137660000087, -1.837075390999928, 0.0 ], [ 126.478467952000074, -1.835283734999962, 0.0 ], [ 126.477973125000062, -1.83647806099998, 0.0 ] ] ], [ [ [ 126.338729197000021, -1.834178908999945, 0.0 ], [ 126.337290310000071, -1.833602908999978, 0.0 ], [ 126.337200298000084, -1.83330729599993, 0.0 ], [ 126.337583524000024, -1.833203695999941, 0.0 ], [ 126.338729197000021, -1.834178908999945, 0.0 ] ] ], [ [ [ 126.352055741000072, -1.823249718999932, 0.0 ], [ 126.352274651000016, -1.823259235999956, 0.0 ], [ 126.352284169000086, -1.823342517999947, 0.0 ], [ 126.351882040000078, -1.823316342999931, 0.0 ], [ 126.352055741000072, -1.823249718999932, 0.0 ] ] ], [ [ [ 126.350758935000044, -1.823066499999925, 0.0 ], [ 126.350685171, -1.823083155999939, 0.0 ], [ 126.350728001000107, -1.822968941999932, 0.0 ], [ 126.35077797100007, -1.822966562999966, 0.0 ], [ 126.350758935000044, -1.823066499999925, 0.0 ] ] ], [ [ [ 126.349664382000014, -1.822959424999965, 0.0 ], [ 126.349466888000052, -1.823190231999945, 0.0 ], [ 126.349240838000014, -1.823206887999959, 0.0 ], [ 126.349217043000067, -1.823102191999965, 0.0 ], [ 126.349664382000014, -1.822959424999965, 0.0 ] ] ], [ [ [ 126.336387503000083, -1.823329544999979, 0.0 ], [ 126.33599936600001, -1.823211472999958, 0.0 ], [ 126.336243219000039, -1.822829169999977, 0.0 ], [ 126.336513169000114, -1.822879579999949, 0.0 ], [ 126.336387503000083, -1.823329544999979, 0.0 ] ] ], [ [ [ 126.345122751000076, -1.822748889999957, 0.0 ], [ 126.346769339000048, -1.823277129999951, 0.0 ], [ 126.342847987000027, -1.822434800999929, 0.0 ], [ 126.34364748500002, -1.822120711999958, 0.0 ], [ 126.345122751000076, -1.822748889999957, 0.0 ] ] ], [ [ [ 126.353948054000057, -1.815137707999952, 0.0 ], [ 126.354271660000109, -1.815608840999971, 0.0 ], [ 126.353272286000106, -1.815123430999961, 0.0 ], [ 126.353681554000104, -1.814909279999938, 0.0 ], [ 126.353948054000057, -1.815137707999952, 0.0 ] ] ], [ [ [ 126.267471064000119, -1.81438690899995, 0.0 ], [ 126.266669186000058, -1.814058542999931, 0.0 ], [ 126.266559731000029, -1.813570752999965, 0.0 ], [ 126.267085591000068, -1.813770628999976, 0.0 ], [ 126.267471064000119, -1.81438690899995, 0.0 ] ] ], [ [ [ 126.139407525000024, -1.810512296999946, 0.0 ], [ 126.13917909700001, -1.810319559999925, 0.0 ], [ 126.139497944000027, -1.810126823999951, 0.0 ], [ 126.139569328000107, -1.81030528399998, 0.0 ], [ 126.139407525000024, -1.810512296999946, 0.0 ] ] ], [ [ [ 126.190862445000107, -1.806732918999955, 0.0 ], [ 126.190610222000032, -1.806828097999926, 0.0 ], [ 126.190538839000055, -1.806547321999972, 0.0 ], [ 126.191067079000049, -1.806480695999937, 0.0 ], [ 126.190862445000107, -1.806732918999955, 0.0 ] ] ], [ [ [ 125.623250436000035, -1.810996045999957, 0.0 ], [ 125.621391965000043, -1.811007964999931, 0.0 ], [ 125.62039892700011, -1.808024668999963, 0.0 ], [ 125.622308995000026, -1.805691218999925, 0.0 ], [ 125.62395058200002, -1.807660231999932, 0.0 ], [ 125.623250436000035, -1.810996045999957, 0.0 ] ] ], [ [ [ 125.74948311300011, -1.800841471999945, 0.0 ], [ 125.750034552000102, -1.802126657999963, 0.0 ], [ 125.749435838000068, -1.803593742999965, 0.0 ], [ 125.747773521000113, -1.80189048699998, 0.0 ], [ 125.74948311300011, -1.800841471999945, 0.0 ] ] ], [ [ [ 126.456869065000092, -1.800856930999942, 0.0 ], [ 126.456922980000058, -1.800542700999927, 0.0 ], [ 126.458040150000102, -1.800418406999938, 0.0 ], [ 126.457909076000078, -1.800545803999967, 0.0 ], [ 126.456869065000092, -1.800856930999942, 0.0 ] ] ], [ [ [ 125.798110515000076, -1.80443581399993, 0.0 ], [ 125.796786502000032, -1.804845373999967, 0.0 ], [ 125.796057804000043, -1.802817439999956, 0.0 ], [ 125.797176060000083, -1.800268772999971, 0.0 ], [ 125.799076844000069, -1.801853424999933, 0.0 ], [ 125.798110515000076, -1.80443581399993, 0.0 ] ] ], [ [ [ 126.456466436000028, -1.80088740399998, 0.0 ], [ 126.453096389000052, -1.804007297999931, 0.0 ], [ 126.447963622000088, -1.805563140999936, 0.0 ], [ 126.446725106000031, -1.807794962999935, 0.0 ], [ 126.467559177000112, -1.804238096999939, 0.0 ], [ 126.475660727000104, -1.805730242999971, 0.0 ], [ 126.477488153000081, -1.804906949999975, 0.0 ], [ 126.478966657000115, -1.806310467999936, 0.0 ], [ 126.470861049000064, -1.808653106999941, 0.0 ], [ 126.463609244000054, -1.807114359999957, 0.0 ], [ 126.457108882000057, -1.808667507999928, 0.0 ], [ 126.456190785000103, -1.810238030999926, 0.0 ], [ 126.458573939000075, -1.811669809999955, 0.0 ], [ 126.460929539000063, -1.811191844999939, 0.0 ], [ 126.460484138000083, -1.809712214999934, 0.0 ], [ 126.463984174000075, -1.809280197999954, 0.0 ], [ 126.467184788000054, -1.810754516999964, 0.0 ], [ 126.469360440000059, -1.810016105999978, 0.0 ], [ 126.472641388000056, -1.812715018999938, 0.0 ], [ 126.477355034000084, -1.811517326999933, 0.0 ], [ 126.473039437000011, -1.814448593999941, 0.0 ], [ 126.468912815000067, -1.813864557999977, 0.0 ], [ 126.459058902000038, -1.824582663999934, 0.0 ], [ 126.45243718800009, -1.82477068999998, 0.0 ], [ 126.451009512000041, -1.825579705999928, 0.0 ], [ 126.458262109000088, -1.826250714999958, 0.0 ], [ 126.461860836000028, -1.825590081999962, 0.0 ], [ 126.461396528000023, -1.823736474999976, 0.0 ], [ 126.46742796400008, -1.823239759999979, 0.0 ], [ 126.463234919000115, -1.821307791999971, 0.0 ], [ 126.463601697000058, -1.82035129999997, 0.0 ], [ 126.466270899000051, -1.821512494999979, 0.0 ], [ 126.475602887000036, -1.821428694999952, 0.0 ], [ 126.483599479000077, -1.819284312999969, 0.0 ], [ 126.486710270000117, -1.819786195999939, 0.0 ], [ 126.485238166000045, -1.822517106999953, 0.0 ], [ 126.483689545000061, -1.822582775999933, 0.0 ], [ 126.480422431000079, -1.83206697199995, 0.0 ], [ 126.465981189000104, -1.837643371999945, 0.0 ], [ 126.453090886000041, -1.839094758999977, 0.0 ], [ 126.442964823000011, -1.835781957999927, 0.0 ], [ 126.439832645000024, -1.833559495999964, 0.0 ], [ 126.424648293000018, -1.829357963999939, 0.0 ], [ 126.421159706000026, -1.829659524999954, 0.0 ], [ 126.41283253000006, -1.827598585999965, 0.0 ], [ 126.400887029000046, -1.831993828999941, 0.0 ], [ 126.39743645100009, -1.835365085999968, 0.0 ], [ 126.392900865000115, -1.837324295999963, 0.0 ], [ 126.383355407000067, -1.838204024999925, 0.0 ], [ 126.382169021000095, -1.834418949999929, 0.0 ], [ 126.383356674000083, -1.830288006999979, 0.0 ], [ 126.376135336000061, -1.831038846999945, 0.0 ], [ 126.375902558, -1.82966169599996, 0.0 ], [ 126.378412553000089, -1.82674409599997, 0.0 ], [ 126.356165928000109, -1.830075905999934, 0.0 ], [ 126.350918954, -1.827979095999979, 0.0 ], [ 126.349573368000051, -1.825469953999971, 0.0 ], [ 126.352692841000021, -1.824695438999925, 0.0 ], [ 126.352741620000074, -1.823291557999937, 0.0 ], [ 126.357486265000034, -1.824176716999943, 0.0 ], [ 126.37705642200001, -1.821066351999946, 0.0 ], [ 126.379219216000024, -1.820111158999964, 0.0 ], [ 126.382555017000072, -1.815040256999964, 0.0 ], [ 126.389284132000057, -1.816953343999955, 0.0 ], [ 126.39431907200003, -1.814635748999933, 0.0 ], [ 126.40490568700011, -1.812682072999962, 0.0 ], [ 126.42518933100007, -1.812175989999957, 0.0 ], [ 126.438439529000107, -1.804377633999934, 0.0 ], [ 126.440288896000084, -1.801132217999964, 0.0 ], [ 126.445597316000089, -1.802491621999934, 0.0 ], [ 126.457411049000029, -1.799981522999929, 0.0 ], [ 126.456466436000028, -1.80088740399998, 0.0 ] ] ], [ [ [ 125.417578099000025, -1.797221363999938, 0.0 ], [ 125.417199262000054, -1.798322008999946, 0.0 ], [ 125.416145750000055, -1.79696617299993, 0.0 ], [ 125.417015264000042, -1.79395756599996, 0.0 ], [ 125.417578099000025, -1.797221363999938, 0.0 ] ] ], [ [ [ 125.409834829000033, -1.777861403999964, 0.0 ], [ 125.409279242000025, -1.781966160999957, 0.0 ], [ 125.412152374000016, -1.797261267999943, 0.0 ], [ 125.41358956800002, -1.798251123999933, 0.0 ], [ 125.414450933000012, -1.797227955999972, 0.0 ], [ 125.415121941000052, -1.798860265999963, 0.0 ], [ 125.419343105000053, -1.799907228999928, 0.0 ], [ 125.420256818000098, -1.800968467999951, 0.0 ], [ 125.419239361000109, -1.802643608999972, 0.0 ], [ 125.419760938000081, -1.805750233999959, 0.0 ], [ 125.424694988000056, -1.809256606999952, 0.0 ], [ 125.429941700000086, -1.808571083999936, 0.0 ], [ 125.429907436, -1.806020301999979, 0.0 ], [ 125.433634623000103, -1.805548216999966, 0.0 ], [ 125.443224803000021, -1.798478361999969, 0.0 ], [ 125.445661371000028, -1.801318486999946, 0.0 ], [ 125.44965886600005, -1.80050375999997, 0.0 ], [ 125.452998434000051, -1.793789279999942, 0.0 ], [ 125.453877520000106, -1.782834820999938, 0.0 ], [ 125.457494577000034, -1.778474303999928, 0.0 ], [ 125.464904218000015, -1.78044925699993, 0.0 ], [ 125.469661237000082, -1.779611685999953, 0.0 ], [ 125.473526672000048, -1.781890014999931, 0.0 ], [ 125.480166470000086, -1.779737830999977, 0.0 ], [ 125.486983554000062, -1.783281052999939, 0.0 ], [ 125.486888376000024, -1.786245860999941, 0.0 ], [ 125.481801088000111, -1.790890568999941, 0.0 ], [ 125.479730957000015, -1.795858883999927, 0.0 ], [ 125.4737823050001, -1.798866521999969, 0.0 ], [ 125.471464710000078, -1.801897955999948, 0.0 ], [ 125.472382094000068, -1.803625292999925, 0.0 ], [ 125.47629022000001, -1.804251300999965, 0.0 ], [ 125.477229232000013, -1.802657273999955, 0.0 ], [ 125.480671320000056, -1.803005832999929, 0.0 ], [ 125.482022846000064, -1.804300832999957, 0.0 ], [ 125.481384646000038, -1.806882131999942, 0.0 ], [ 125.483990977000076, -1.809724418999963, 0.0 ], [ 125.487650549000023, -1.809348690999968, 0.0 ], [ 125.485509125000021, -1.816286955999942, 0.0 ], [ 125.488473040000031, -1.819893986999944, 0.0 ], [ 125.492010402000119, -1.817055172999972, 0.0 ], [ 125.496620107000012, -1.80762638899995, 0.0 ], [ 125.497906705000105, -1.809968242999958, 0.0 ], [ 125.496571355000015, -1.816259429999945, 0.0 ], [ 125.49821603800001, -1.817135071999928, 0.0 ], [ 125.497568824000041, -1.820013267999968, 0.0 ], [ 125.4993505650001, -1.821810236999966, 0.0 ], [ 125.501916576000099, -1.821368608999933, 0.0 ], [ 125.503241459000037, -1.813413594999929, 0.0 ], [ 125.505333403, -1.814366658999973, 0.0 ], [ 125.50916346200006, -1.809366607999948, 0.0 ], [ 125.513058164000086, -1.811616625999932, 0.0 ], [ 125.513057358000083, -1.815843744999938, 0.0 ], [ 125.514374440000097, -1.817807355999946, 0.0 ], [ 125.516802969000082, -1.818244798999956, 0.0 ], [ 125.516974772000026, -1.810474597999928, 0.0 ], [ 125.514721675000033, -1.804856912999981, 0.0 ], [ 125.515908344000081, -1.804928734999976, 0.0 ], [ 125.515961013000037, -1.803404058999945, 0.0 ], [ 125.517404183000053, -1.804155166999976, 0.0 ], [ 125.518143054, -1.801186922999932, 0.0 ], [ 125.520990335000079, -1.80195411099993, 0.0 ], [ 125.524121706000074, -1.810603927999978, 0.0 ], [ 125.526411750000079, -1.811368023999933, 0.0 ], [ 125.526985625000066, -1.808902136999961, 0.0 ], [ 125.525603634000049, -1.807188924999934, 0.0 ], [ 125.527182218, -1.803438624999956, 0.0 ], [ 125.526143690000026, -1.798064856999929, 0.0 ], [ 125.532624376000058, -1.792275224999969, 0.0 ], [ 125.532590112000094, -1.789973809999935, 0.0 ], [ 125.539031789000092, -1.786501700999963, 0.0 ], [ 125.543132076, -1.793323329999964, 0.0 ], [ 125.539085089000082, -1.802959195999961, 0.0 ], [ 125.539321132000055, -1.804550577999976, 0.0 ], [ 125.541430286000036, -1.804272656999956, 0.0 ], [ 125.539876974000094, -1.808243501999925, 0.0 ], [ 125.541255157000023, -1.812423738999939, 0.0 ], [ 125.543234869000116, -1.812267646999942, 0.0 ], [ 125.543521118000058, -1.809284753999975, 0.0 ], [ 125.549414186000035, -1.802408302999936, 0.0 ], [ 125.55489646400008, -1.804264281999963, 0.0 ], [ 125.562731554000038, -1.802922265999939, 0.0 ], [ 125.563833720000048, -1.804458446999945, 0.0 ], [ 125.583649871000034, -1.809809377999954, 0.0 ], [ 125.587302821000094, -1.808274676999929, 0.0 ], [ 125.588407907000033, -1.805167062999942, 0.0 ], [ 125.587860185000068, -1.812736685999937, 0.0 ], [ 125.590567060000012, -1.814324261999957, 0.0 ], [ 125.593262513000013, -1.814175783999929, 0.0 ], [ 125.594412268000042, -1.810751263999975, 0.0 ], [ 125.597701636000011, -1.808535509999956, 0.0 ], [ 125.599123602000077, -1.811682108999946, 0.0 ], [ 125.601710171000036, -1.812517965999973, 0.0 ], [ 125.599425888000042, -1.816692492999948, 0.0 ], [ 125.60412580000002, -1.81988477699997, 0.0 ], [ 125.616552297000112, -1.820101783999974, 0.0 ], [ 125.617922866000072, -1.819273731999942, 0.0 ], [ 125.618808026000011, -1.814368234999961, 0.0 ], [ 125.622862627000018, -1.812752104999959, 0.0 ], [ 125.624141825000038, -1.817594783999937, 0.0 ], [ 125.628499348000105, -1.822403071999929, 0.0 ], [ 125.628870544000051, -1.828136620999942, 0.0 ], [ 125.637082540000051, -1.829941203999965, 0.0 ], [ 125.641531180000015, -1.82925591999998, 0.0 ], [ 125.647788060000039, -1.821216910999965, 0.0 ], [ 125.649969550000037, -1.822895858999971, 0.0 ], [ 125.652179593000028, -1.821953590999954, 0.0 ], [ 125.653955623000115, -1.823318449999931, 0.0 ], [ 125.670031261000076, -1.825682682999968, 0.0 ], [ 125.681018660000063, -1.825579889999972, 0.0 ], [ 125.688768089000064, -1.822884436999971, 0.0 ], [ 125.690155790000063, -1.823643960999959, 0.0 ], [ 125.691943242000093, -1.829297559999929, 0.0 ], [ 125.696974374000092, -1.830296933999932, 0.0 ], [ 125.702091167000049, -1.82520298399993, 0.0 ], [ 125.702862112000048, -1.821890773999939, 0.0 ], [ 125.70494080900005, -1.81954938399997, 0.0 ], [ 125.709148458000072, -1.819393671999933, 0.0 ], [ 125.715000029000066, -1.816801011999928, 0.0 ], [ 125.717242432000035, -1.818042138999942, 0.0 ], [ 125.718441681000058, -1.822782024999981, 0.0 ], [ 125.722737243000097, -1.822588732999975, 0.0 ], [ 125.724880661000043, -1.82586287099997, 0.0 ], [ 125.727660823000065, -1.827121130999956, 0.0 ], [ 125.732096138000088, -1.823367292999933, 0.0 ], [ 125.729808049000098, -1.819407869999964, 0.0 ], [ 125.730146884000078, -1.815730174999942, 0.0 ], [ 125.73586901200008, -1.81423777699996, 0.0 ], [ 125.742516274000081, -1.809802461999936, 0.0 ], [ 125.745329749, -1.806200909999973, 0.0 ], [ 125.748836122000057, -1.806844315999967, 0.0 ], [ 125.74868003000006, -1.813499192999927, 0.0 ], [ 125.750968120000039, -1.815387531999932, 0.0 ], [ 125.75474860700001, -1.813522034999949, 0.0 ], [ 125.754893278000054, -1.807716150999966, 0.0 ], [ 125.757055732000026, -1.806284666999943, 0.0 ], [ 125.762440804000107, -1.808562329999972, 0.0 ], [ 125.765435019000051, -1.805497356999979, 0.0 ], [ 125.767403483000066, -1.807942642999933, 0.0 ], [ 125.769140510000057, -1.806183322999971, 0.0 ], [ 125.77006115000006, -1.807589680999968, 0.0 ], [ 125.76929839200011, -1.810014667999951, 0.0 ], [ 125.771571615000084, -1.812857312999938, 0.0 ], [ 125.774978478000094, -1.809173508999947, 0.0 ], [ 125.773966602000087, -1.807773420999979, 0.0 ], [ 125.774711273000094, -1.805458643999941, 0.0 ], [ 125.77744868800005, -1.809561427999938, 0.0 ], [ 125.779712643000039, -1.809119714999952, 0.0 ], [ 125.780938541000069, -1.80738366099996, 0.0 ], [ 125.778791316000024, -1.799502884999924, 0.0 ], [ 125.780247257000042, -1.797866595999949, 0.0 ], [ 125.784908528000074, -1.799114179999947, 0.0 ], [ 125.783382906000043, -1.803872286999933, 0.0 ], [ 125.784163751000051, -1.805352285999959, 0.0 ], [ 125.789951940000037, -1.805508644999975, 0.0 ], [ 125.792127718000074, -1.807981380999934, 0.0 ], [ 125.793977988000051, -1.806485175999967, 0.0 ], [ 125.796770523000077, -1.806570835999935, 0.0 ], [ 125.80081180000002, -1.809589895999977, 0.0 ], [ 125.815233237000029, -1.811364022999953, 0.0 ], [ 125.82239827, -1.810397009999974, 0.0 ], [ 125.823464269000056, -1.807100028999969, 0.0 ], [ 125.826046495000014, -1.804559121999944, 0.0 ], [ 125.831450859000029, -1.80262272799996, 0.0 ], [ 125.837519268000051, -1.804915207999954, 0.0 ], [ 125.841991488000076, -1.802434825999967, 0.0 ], [ 125.843595460000074, -1.805105563999973, 0.0 ], [ 125.847408396000105, -1.804715311999928, 0.0 ], [ 125.849460356, -1.807433057999958, 0.0 ], [ 125.852264313000092, -1.806016802999977, 0.0 ], [ 125.852013042000067, -1.803658280999969, 0.0 ], [ 125.853446429000087, -1.802607510999962, 0.0 ], [ 125.858755661000032, -1.803130600999964, 0.0 ], [ 125.863891311000089, -1.80646033499994, 0.0 ], [ 125.873888855000018, -1.807092318999935, 0.0 ], [ 125.876904107000087, -1.805310577999933, 0.0 ], [ 125.877962491000062, -1.800269928999967, 0.0 ], [ 125.880246774000057, -1.801587197999936, 0.0 ], [ 125.882645271000115, -1.801031355999953, 0.0 ], [ 125.884770923000019, -1.794498284999975, 0.0 ], [ 125.906974149, -1.79720896699996, 0.0 ], [ 125.90915183200002, -1.796097281999948, 0.0 ], [ 125.910042702000055, -1.793805385999974, 0.0 ], [ 125.913438669000016, -1.793082029999937, 0.0 ], [ 125.952256244000068, -1.797863793999966, 0.0 ], [ 125.95761669400008, -1.795815553999944, 0.0 ], [ 125.994705828000065, -1.799142992999975, 0.0 ], [ 126.000286798000047, -1.797955050999974, 0.0 ], [ 126.05073311600006, -1.802391302999979, 0.0 ], [ 126.057285721000085, -1.801852559999929, 0.0 ], [ 126.089797883000074, -1.808255348999978, 0.0 ], [ 126.129949449000037, -1.812092295999946, 0.0 ], [ 126.134640275000038, -1.810641976999932, 0.0 ], [ 126.144707775000029, -1.810592007999958, 0.0 ], [ 126.15874038600009, -1.806190504999961, 0.0 ], [ 126.16082085000005, -1.806694703999938, 0.0 ], [ 126.162167038, -1.808974132999936, 0.0 ], [ 126.177262533000089, -1.810000391999949, 0.0 ], [ 126.179024329000072, -1.80909786899997, 0.0 ], [ 126.179665233000037, -1.807010343999934, 0.0 ], [ 126.187060067000061, -1.80846992599993, 0.0 ], [ 126.194666014000063, -1.806335310999941, 0.0 ], [ 126.196978360000116, -1.804454668999938, 0.0 ], [ 126.200481669000055, -1.807614702999956, 0.0 ], [ 126.203393282000093, -1.807734434999929, 0.0 ], [ 126.205263538000054, -1.806285342999956, 0.0 ], [ 126.204154709000022, -1.80813180499996, 0.0 ], [ 126.205154083000025, -1.813276198999972, 0.0 ], [ 126.208028472000024, -1.815079829999945, 0.0 ], [ 126.224715420000052, -1.81827029599998, 0.0 ], [ 126.249118707000093, -1.816666131999966, 0.0 ], [ 126.253356412000016, -1.818310315999952, 0.0 ], [ 126.261063286000081, -1.817589687999941, 0.0 ], [ 126.267237877000071, -1.815256838999971, 0.0 ], [ 126.273074196000039, -1.81822068699995, 0.0 ], [ 126.275238954000088, -1.82107363199998, 0.0 ], [ 126.282971221000025, -1.820900552999944, 0.0 ], [ 126.284051471000112, -1.819803480999951, 0.0 ], [ 126.289718279000112, -1.826651123999966, 0.0 ], [ 126.293548481000016, -1.826558409999961, 0.0 ], [ 126.298696298000095, -1.822193073999927, 0.0 ], [ 126.304854764000083, -1.828599169999961, 0.0 ], [ 126.315291197000079, -1.823832506999963, 0.0 ], [ 126.315264863000039, -1.819409507999978, 0.0 ], [ 126.312697902000082, -1.815370490999953, 0.0 ], [ 126.314562494000029, -1.817661162999968, 0.0 ], [ 126.317129660000091, -1.818482294999967, 0.0 ], [ 126.323953120000056, -1.817607935999945, 0.0 ], [ 126.327391032000037, -1.815858055999968, 0.0 ], [ 126.328306006000048, -1.814186268999947, 0.0 ], [ 126.32685919100004, -1.812051880999945, 0.0 ], [ 126.328867729000081, -1.811061199999926, 0.0 ], [ 126.329574951000041, -1.812144735999937, 0.0 ], [ 126.34005206300003, -1.811433242999954, 0.0 ], [ 126.344417931000066, -1.812936445999981, 0.0 ], [ 126.346603714000025, -1.812133625999934, 0.0 ], [ 126.346166917000119, -1.813731944999972, 0.0 ], [ 126.348631893000061, -1.815686878999941, 0.0 ], [ 126.353272286000106, -1.814847413999928, 0.0 ], [ 126.344214396000098, -1.820257785999956, 0.0 ], [ 126.342783649000012, -1.818616973999951, 0.0 ], [ 126.337342367000019, -1.819276466999952, 0.0 ], [ 126.334296600000016, -1.824482716999967, 0.0 ], [ 126.326052788000084, -1.832227186999944, 0.0 ], [ 126.323120777000099, -1.840277850999939, 0.0 ], [ 126.320112978000111, -1.843380897999964, 0.0 ], [ 126.312420254000017, -1.846552137999936, 0.0 ], [ 126.303785895000033, -1.847066364999932, 0.0 ], [ 126.295443873000067, -1.853349719999926, 0.0 ], [ 126.291045532000112, -1.855058993999933, 0.0 ], [ 126.274195643000098, -1.857150237999974, 0.0 ], [ 126.252359711000054, -1.875129091999952, 0.0 ], [ 126.245341114000098, -1.879253382999934, 0.0 ], [ 126.237524252000071, -1.87795798999997, 0.0 ], [ 126.230726640000057, -1.87922193299994, 0.0 ], [ 126.230587078000099, -1.877791136999974, 0.0 ], [ 126.21926750700004, -1.870212077999952, 0.0 ], [ 126.206312517000015, -1.866999313999941, 0.0 ], [ 126.197092779000059, -1.868660767999927, 0.0 ], [ 126.186992324000016, -1.875609912999948, 0.0 ], [ 126.177190209000059, -1.878146121999976, 0.0 ], [ 126.165795516000117, -1.883746827999971, 0.0 ], [ 126.138992684000073, -1.891130454999939, 0.0 ], [ 126.133968386000106, -1.888936943999965, 0.0 ], [ 126.124232197000083, -1.887882628999932, 0.0 ], [ 126.121156045000021, -1.885604745999956, 0.0 ], [ 126.117485939000062, -1.885802267999964, 0.0 ], [ 126.105693338000037, -1.881491491999952, 0.0 ], [ 126.100635674000046, -1.881104059999927, 0.0 ], [ 126.098077147000026, -1.878560811999932, 0.0 ], [ 126.089065289000018, -1.878723726999965, 0.0 ], [ 126.079929023000091, -1.882888511999965, 0.0 ], [ 126.065868216000013, -1.883180754999955, 0.0 ], [ 126.054975044000116, -1.885983759999931, 0.0 ], [ 126.038787570000068, -1.895213688999945, 0.0 ], [ 126.029705564000096, -1.895361215999969, 0.0 ], [ 126.008869101000073, -1.907738220999931, 0.0 ], [ 125.997759817000087, -1.909835111999939, 0.0 ], [ 125.985203705000117, -1.916326475999938, 0.0 ], [ 125.968583229000046, -1.919168045999925, 0.0 ], [ 125.958764461000101, -1.917709156999933, 0.0 ], [ 125.95052846100009, -1.919970559999967, 0.0 ], [ 125.941654548000088, -1.924817971999971, 0.0 ], [ 125.928358834000051, -1.934652029999938, 0.0 ], [ 125.919108082000093, -1.938815342999931, 0.0 ], [ 125.910564865000083, -1.937747440999942, 0.0 ], [ 125.903133437000065, -1.934836563999966, 0.0 ], [ 125.878718477, -1.912762465999947, 0.0 ], [ 125.866442361000054, -1.907158358999936, 0.0 ], [ 125.853302898000038, -1.898533209999925, 0.0 ], [ 125.842057566000108, -1.895025884999939, 0.0 ], [ 125.816857474000017, -1.903086701999939, 0.0 ], [ 125.806800624000061, -1.908523346999971, 0.0 ], [ 125.801940512000101, -1.913782565999952, 0.0 ], [ 125.795905215000062, -1.912416812999936, 0.0 ], [ 125.790389643000026, -1.914133436999975, 0.0 ], [ 125.787178406000066, -1.91678309699995, 0.0 ], [ 125.784848667000119, -1.922046390999981, 0.0 ], [ 125.786174116000097, -1.924658853999972, 0.0 ], [ 125.78404045000002, -1.927791120999927, 0.0 ], [ 125.783819495000103, -1.931067133999932, 0.0 ], [ 125.785346853000078, -1.932144255999958, 0.0 ], [ 125.784384837000061, -1.933078595999973, 0.0 ], [ 125.782832386000109, -1.930040529999928, 0.0 ], [ 125.779273529000079, -1.927593312999932, 0.0 ], [ 125.77622636600006, -1.926994567999941, 0.0 ], [ 125.774105613000074, -1.929107772999942, 0.0 ], [ 125.774752608000085, -1.923503986999947, 0.0 ], [ 125.767961626000101, -1.920634357999973, 0.0 ], [ 125.765439397000023, -1.921062660999951, 0.0 ], [ 125.764186881000114, -1.925863618999927, 0.0 ], [ 125.759189246000119, -1.929005491999931, 0.0 ], [ 125.748715615000037, -1.926570846999937, 0.0 ], [ 125.74168778, -1.929198406999944, 0.0 ], [ 125.732041955000113, -1.929959039999972, 0.0 ], [ 125.690733560000012, -1.928833078999958, 0.0 ], [ 125.670983843000045, -1.931669396999951, 0.0 ], [ 125.625291719000074, -1.930615961999933, 0.0 ], [ 125.601976809, -1.927943350999954, 0.0 ], [ 125.593387906000089, -1.930227633999948, 0.0 ], [ 125.577752250000117, -1.928973215999974, 0.0 ], [ 125.573590361000015, -1.931879161999973, 0.0 ], [ 125.572780554000019, -1.93526327099994, 0.0 ], [ 125.562488821000102, -1.935197502999927, 0.0 ], [ 125.555079948000071, -1.939422471999933, 0.0 ], [ 125.543738362000113, -1.941166437999925, 0.0 ], [ 125.528512934000105, -1.948007267999969, 0.0 ], [ 125.52189140400003, -1.948312925999971, 0.0 ], [ 125.519644116000109, -1.946877306999966, 0.0 ], [ 125.516907964000097, -1.949238131999948, 0.0 ], [ 125.513443763000055, -1.946976220999943, 0.0 ], [ 125.509991797000112, -1.948420410999972, 0.0 ], [ 125.505952761000117, -1.945215822999955, 0.0 ], [ 125.505476094000073, -1.942216316999975, 0.0 ], [ 125.501749946000018, -1.940735334999943, 0.0 ], [ 125.498103422000099, -1.935630453999977, 0.0 ], [ 125.49045107500001, -1.934117116999971, 0.0 ], [ 125.486592288000111, -1.935698791999926, 0.0 ], [ 125.485678575000065, -1.938801608999938, 0.0 ], [ 125.47549924000009, -1.939586830999929, 0.0 ], [ 125.446760110000014, -1.946929847999968, 0.0 ], [ 125.43756587300004, -1.946230285999945, 0.0 ], [ 125.433567972000105, -1.949480191999953, 0.0 ], [ 125.426209593000067, -1.948897200999966, 0.0 ], [ 125.422707519000028, -1.950368300999969, 0.0 ], [ 125.418357117000028, -1.94807256699994, 0.0 ], [ 125.418062465000048, -1.944111073999977, 0.0 ], [ 125.423751201000073, -1.939159573999973, 0.0 ], [ 125.426171352000097, -1.938986461999946, 0.0 ], [ 125.431560942000033, -1.935404505999941, 0.0 ], [ 125.440910800000097, -1.926768290999973, 0.0 ], [ 125.440789333000112, -1.924926961999972, 0.0 ], [ 125.43812484700004, -1.923280614999953, 0.0 ], [ 125.4377169710001, -1.920602642999938, 0.0 ], [ 125.434253557000034, -1.917068077999943, 0.0 ], [ 125.433309884000096, -1.91367338699996, 0.0 ], [ 125.438865172000078, -1.900499860999957, 0.0 ], [ 125.435661284000048, -1.895517978999976, 0.0 ], [ 125.436749650000024, -1.891941036999981, 0.0 ], [ 125.434902757000032, -1.888487819999966, 0.0 ], [ 125.435935795000091, -1.887840637999943, 0.0 ], [ 125.430831910000052, -1.883889756999963, 0.0 ], [ 125.421988123000119, -1.882598730999973, 0.0 ], [ 125.420091445000025, -1.877483351999956, 0.0 ], [ 125.417370128000016, -1.87764259599993, 0.0 ], [ 125.415252334000115, -1.875923581999928, 0.0 ], [ 125.412488327000119, -1.879622466999933, 0.0 ], [ 125.410692899000082, -1.878991183999972, 0.0 ], [ 125.410607543000083, -1.877412832999937, 0.0 ], [ 125.407910695000055, -1.878098186999978, 0.0 ], [ 125.405158621000055, -1.873163286999954, 0.0 ], [ 125.40640230200006, -1.870088327999952, 0.0 ], [ 125.40426109200007, -1.868620427999929, 0.0 ], [ 125.403228167000066, -1.869375214999934, 0.0 ], [ 125.401539250000042, -1.868408927999951, 0.0 ], [ 125.4020296220001, -1.870692264999946, 0.0 ], [ 125.401413108000042, -1.871781307999925, 0.0 ], [ 125.39966551100008, -1.871365178999952, 0.0 ], [ 125.400072711, -1.873660590999975, 0.0 ], [ 125.39662519400008, -1.872935889999951, 0.0 ], [ 125.396164086000113, -1.874694383999952, 0.0 ], [ 125.394677860000115, -1.87421810099994, 0.0 ], [ 125.397662561000061, -1.866692274999934, 0.0 ], [ 125.393499476000102, -1.864115001999949, 0.0 ], [ 125.392933820000053, -1.858866101999979, 0.0 ], [ 125.391068449000045, -1.859239351999975, 0.0 ], [ 125.389420426000015, -1.862159418999966, 0.0 ], [ 125.388726448000057, -1.867505721999976, 0.0 ], [ 125.385243865, -1.867223482999975, 0.0 ], [ 125.383826209000063, -1.864714167999978, 0.0 ], [ 125.380984074000025, -1.863450453999974, 0.0 ], [ 125.378670932000091, -1.857845118999933, 0.0 ], [ 125.377024235000022, -1.861781660999952, 0.0 ], [ 125.375752109000018, -1.86143659399994, 0.0 ], [ 125.374529844000108, -1.862825426999962, 0.0 ], [ 125.372561466000093, -1.85729134099995, 0.0 ], [ 125.374528117000068, -1.852636858999972, 0.0 ], [ 125.374629715000083, -1.848606735999965, 0.0 ], [ 125.373367103000078, -1.846467876999952, 0.0 ], [ 125.371000955000113, -1.845633963999944, 0.0 ], [ 125.367888875000062, -1.846917693999956, 0.0 ], [ 125.367834240000093, -1.850529225999935, 0.0 ], [ 125.365317303000097, -1.85250575799995, 0.0 ], [ 125.366851170000018, -1.861986771999966, 0.0 ], [ 125.366081071000053, -1.863793544999965, 0.0 ], [ 125.363918901000034, -1.864442225999937, 0.0 ], [ 125.364717067000015, -1.865852249999932, 0.0 ], [ 125.363267583000038, -1.866201007999962, 0.0 ], [ 125.36351185400008, -1.871115624999959, 0.0 ], [ 125.361719641000036, -1.872911832999932, 0.0 ], [ 125.359037325000031, -1.884503300999938, 0.0 ], [ 125.355938623000043, -1.886947070999952, 0.0 ], [ 125.345219666000048, -1.887990093999974, 0.0 ], [ 125.340670864000117, -1.881502686999966, 0.0 ], [ 125.332640846000118, -1.875833093999972, 0.0 ], [ 125.332477212000072, -1.868933099999936, 0.0 ], [ 125.329028171000118, -1.85810302799996, 0.0 ], [ 125.329489884000054, -1.838489976999938, 0.0 ], [ 125.32771402100002, -1.832785558999944, 0.0 ], [ 125.3317818700001, -1.826071352999975, 0.0 ], [ 125.335428639000042, -1.824619578999943, 0.0 ], [ 125.337719082000035, -1.822045455999955, 0.0 ], [ 125.341220154000098, -1.813609991999954, 0.0 ], [ 125.346625109000115, -1.811617807999937, 0.0 ], [ 125.346691356000065, -1.807683321999946, 0.0 ], [ 125.351262836000046, -1.80450833499998, 0.0 ], [ 125.35921410200001, -1.808469615999968, 0.0 ], [ 125.363835967000114, -1.809276728999976, 0.0 ], [ 125.366697665000061, -1.81208931499998, 0.0 ], [ 125.367790314000104, -1.807121000999928, 0.0 ], [ 125.375751038000089, -1.806713637999962, 0.0 ], [ 125.376337337000109, -1.802933149999944, 0.0 ], [ 125.373379191000026, -1.798836668999968, 0.0 ], [ 125.371011152000051, -1.799202154999932, 0.0 ], [ 125.361386708000055, -1.796392486999935, 0.0 ], [ 125.359841010000082, -1.797089193999966, 0.0 ], [ 125.360038981000116, -1.799247839999964, 0.0 ], [ 125.356890807000013, -1.796694207999963, 0.0 ], [ 125.360049244000038, -1.788929005999933, 0.0 ], [ 125.362993376000077, -1.786437818999957, 0.0 ], [ 125.365732175000062, -1.781422821999968, 0.0 ], [ 125.370026626000026, -1.779321281999955, 0.0 ], [ 125.383058839000114, -1.779245139999944, 0.0 ], [ 125.38714389800009, -1.780897436999965, 0.0 ], [ 125.391077622000012, -1.784574180999925, 0.0 ], [ 125.394058040000118, -1.77851093299995, 0.0 ], [ 125.401561908000076, -1.775312936999967, 0.0 ], [ 125.404788458000098, -1.775113062999935, 0.0 ], [ 125.409834829000033, -1.777861403999964, 0.0 ] ] ], [ [ [ 125.421935377000068, -1.767736375999959, 0.0 ], [ 125.42440716100009, -1.770110126999953, 0.0 ], [ 125.419125710000117, -1.775221208999938, 0.0 ], [ 125.416590156000098, -1.772788447999972, 0.0 ], [ 125.416239899000061, -1.770618379999974, 0.0 ], [ 125.421935377000068, -1.767736375999959, 0.0 ] ] ], [ [ [ 125.545424438000055, -1.769902694999928, 0.0 ], [ 125.546261743000059, -1.772792717999948, 0.0 ], [ 125.552075619000107, -1.776627033999944, 0.0 ], [ 125.551462459000049, -1.77846772099997, 0.0 ], [ 125.545309677000091, -1.781473840999979, 0.0 ], [ 125.540061148000063, -1.781781515999967, 0.0 ], [ 125.533477166000011, -1.78000428699994, 0.0 ], [ 125.532274971000106, -1.778616664999959, 0.0 ], [ 125.533596016000047, -1.775948920999951, 0.0 ], [ 125.527534615000036, -1.773569477999956, 0.0 ], [ 125.527145455000095, -1.771956824999961, 0.0 ], [ 125.521613084000023, -1.777015383999981, 0.0 ], [ 125.517709982000042, -1.776876111999968, 0.0 ], [ 125.514409930000056, -1.77964603099997, 0.0 ], [ 125.5087443970001, -1.779816507999954, 0.0 ], [ 125.507068340000046, -1.777547091999963, 0.0 ], [ 125.508469102000049, -1.773990548999961, 0.0 ], [ 125.515119455000104, -1.770839885999976, 0.0 ], [ 125.516857151000067, -1.765898762999939, 0.0 ], [ 125.521924339000066, -1.761242055999958, 0.0 ], [ 125.525122662000058, -1.762594282999942, 0.0 ], [ 125.52670919600007, -1.769787285999939, 0.0 ], [ 125.527900350000095, -1.769939045999934, 0.0 ], [ 125.531085878000113, -1.761833542999966, 0.0 ], [ 125.538143196000078, -1.756421556999953, 0.0 ], [ 125.54258457800006, -1.757451662999927, 0.0 ], [ 125.542136095000046, -1.766477858999963, 0.0 ], [ 125.545424438000055, -1.769902694999928, 0.0 ] ] ], [ [ [ 125.694717588000117, -1.762378484999942, 0.0 ], [ 125.688149205000059, -1.756084261999945, 0.0 ], [ 125.688103654000088, -1.753679356999953, 0.0 ], [ 125.694327733000023, -1.75238487799993, 0.0 ], [ 125.700073984000028, -1.755639647999942, 0.0 ], [ 125.700371766000103, -1.757715732999941, 0.0 ], [ 125.694717588000117, -1.762378484999942, 0.0 ] ] ] ] } },
{ "type": "Feature", "properties": { "OBJECTID": 58, "NAMOBJ": "Kota Ternate", "WADMPR": "Maluku Utara", "LUAS_KM": 162.2462, "COLOR": "#373ae0", "S_DATA": "Badan Informasi Geospasial (BIG)" }, "geometry": { "type": "MultiPolygon", "coordinates": [ [ [ [ 127.407317746000103, 0.480439868000076, 0.0 ], [ 127.418612876000111, 0.479195920000052, 0.0 ], [ 127.42083801900003, 0.473900936000064, 0.0 ], [ 127.42509856300012, 0.472343100000046, 0.0 ], [ 127.431584511000096, 0.464322143000061, 0.0 ], [ 127.432796594000024, 0.465010364000022, 0.0 ], [ 127.431994609000071, 0.463969287000054, 0.0 ], [ 127.433515996000096, 0.463281676000065, 0.0 ], [ 127.435471916000097, 0.459190297000021, 0.0 ], [ 127.434563288000049, 0.456665617000056, 0.0 ], [ 127.435888577000014, 0.455971974000022, 0.0 ], [ 127.435502577000079, 0.454805364000038, 0.0 ], [ 127.437053401000071, 0.455379992000076, 0.0 ], [ 127.439353826000115, 0.451916803000074, 0.0 ], [ 127.439182466000034, 0.447364317000051, 0.0 ], [ 127.43356119900011, 0.446561498000051, 0.0 ], [ 127.433437118000029, 0.443205470000066, 0.0 ], [ 127.42872254800011, 0.439487283000062, 0.0 ], [ 127.428197313000055, 0.436964957000043, 0.0 ], [ 127.420419707000065, 0.432931351000036, 0.0 ], [ 127.414911001000064, 0.434054833000062, 0.0 ], [ 127.407002143000113, 0.432796918000065, 0.0 ], [ 127.398907628000075, 0.433167042000036, 0.0 ], [ 127.392407536000064, 0.437877780000065, 0.0 ], [ 127.3911559390001, 0.440614160000052, 0.0 ], [ 127.39024698500009, 0.438762939000071, 0.0 ], [ 127.388247076000084, 0.43977995900002, 0.0 ], [ 127.382577972000036, 0.450183179000021, 0.0 ], [ 127.381713416000025, 0.454640447000031, 0.0 ], [ 127.38275990000011, 0.46037962500003, 0.0 ], [ 127.386000436000018, 0.46697529000005, 0.0 ], [ 127.386157899000068, 0.469204485000034, 0.0 ], [ 127.385276641000019, 0.468991410000058, 0.0 ], [ 127.386234933000082, 0.471475123000062, 0.0 ], [ 127.388693447000037, 0.472106776000032, 0.0 ], [ 127.394075890000067, 0.477083150000055, 0.0 ], [ 127.396771782000087, 0.476766543000053, 0.0 ], [ 127.404943616000082, 0.480975212000033, 0.0 ], [ 127.407317746000103, 0.480439868000076, 0.0 ] ] ], [ [ [ 127.306729873000108, 0.841461243000026, 0.0 ], [ 127.306677599000068, 0.84141336600004, 0.0 ], [ 127.306620543, 0.84143726800005, 0.0 ], [ 127.306677556000068, 0.841513861000067, 0.0 ], [ 127.306729873000108, 0.841461243000026, 0.0 ] ] ], [ [ [ 127.306358532000104, 0.842700508000064, 0.0 ], [ 127.306596263000074, 0.842619260000049, 0.0 ], [ 127.306506085000024, 0.84227945400005, 0.0 ], [ 127.306249331000117, 0.842379836000021, 0.0 ], [ 127.306358532000104, 0.842700508000064, 0.0 ] ] ], [ [ [ 127.326883689000056, 0.867827336000062, 0.0 ], [ 127.33094285300001, 0.866836152000076, 0.0 ], [ 127.330787336000071, 0.863258230000042, 0.0 ], [ 127.332826019000095, 0.865058477000048, 0.0 ], [ 127.336159469000108, 0.863021325000034, 0.0 ], [ 127.339838326000063, 0.864760086000047, 0.0 ], [ 127.345455418000029, 0.858780645000024, 0.0 ], [ 127.352027355000018, 0.854443016000062, 0.0 ], [ 127.359269142000016, 0.851215884000055, 0.0 ], [ 127.367724576000114, 0.844758962000071, 0.0 ], [ 127.370581863000098, 0.844544818000031, 0.0 ], [ 127.379459913000119, 0.839284385000042, 0.0 ], [ 127.386197373000073, 0.833542083000054, 0.0 ], [ 127.388736816000119, 0.828768041000046, 0.0 ], [ 127.390314515000114, 0.816778573000022, 0.0 ], [ 127.388573547000078, 0.813176174000034, 0.0 ], [ 127.387698638000074, 0.800893224000049, 0.0 ], [ 127.386442969000086, 0.800639415000035, 0.0 ], [ 127.38862442300001, 0.799312382000039, 0.0 ], [ 127.391491525000106, 0.790475450000031, 0.0 ], [ 127.388639947000115, 0.785203832000036, 0.0 ], [ 127.388610614000072, 0.78117813800003, 0.0 ], [ 127.386543654000093, 0.776699485000051, 0.0 ], [ 127.380460067000058, 0.772826709000071, 0.0 ], [ 127.377180417000091, 0.765646919000062, 0.0 ], [ 127.373186463000025, 0.762557005000076, 0.0 ], [ 127.373346861000073, 0.761174443000073, 0.0 ], [ 127.370936697000047, 0.760579396000026, 0.0 ], [ 127.370799947000023, 0.75903362400004, 0.0 ], [ 127.356611899000086, 0.760488628000076, 0.0 ], [ 127.349830624000106, 0.758825949000027, 0.0 ], [ 127.336662214000057, 0.752972406000026, 0.0 ], [ 127.332831138000074, 0.755048533000036, 0.0 ], [ 127.322876221000115, 0.754563578000045, 0.0 ], [ 127.316293681000047, 0.757351475000064, 0.0 ], [ 127.314811663000114, 0.756875716000025, 0.0 ], [ 127.305685654000058, 0.765381922000074, 0.0 ], [ 127.302488205000031, 0.772673634000057, 0.0 ], [ 127.301606481000022, 0.778358359000038, 0.0 ], [ 127.299156990000029, 0.78152052400003, 0.0 ], [ 127.297091231000081, 0.787946487000056, 0.0 ], [ 127.293985728000052, 0.791022220000059, 0.0 ], [ 127.294140927000058, 0.795118589000026, 0.0 ], [ 127.292628190000073, 0.79759679600005, 0.0 ], [ 127.29505886000004, 0.805555937000065, 0.0 ], [ 127.29327038100007, 0.808018956000069, 0.0 ], [ 127.293474628000013, 0.816913905000035, 0.0 ], [ 127.294292578000068, 0.821855183000025, 0.0 ], [ 127.296140508, 0.822173009000039, 0.0 ], [ 127.295343169000034, 0.824685005000049, 0.0 ], [ 127.296959239000103, 0.825259949000042, 0.0 ], [ 127.299779781000098, 0.830124343000023, 0.0 ], [ 127.3021757570001, 0.841157769000063, 0.0 ], [ 127.30661111500001, 0.841250633000072, 0.0 ], [ 127.306915229000083, 0.841566604000036, 0.0 ], [ 127.306924016000039, 0.843236723000075, 0.0 ], [ 127.312964753000074, 0.846723170000075, 0.0 ], [ 127.31472696600008, 0.850183823000066, 0.0 ], [ 127.318253184000014, 0.852984866000043, 0.0 ], [ 127.317936970000119, 0.858612428000072, 0.0 ], [ 127.319219751000105, 0.860421901000052, 0.0 ], [ 127.318462379000039, 0.863819242000034, 0.0 ], [ 127.320497919000104, 0.862357092000025, 0.0 ], [ 127.322440289000042, 0.86422428700007, 0.0 ], [ 127.322492994000072, 0.86599493500006, 0.0 ], [ 127.326883689000056, 0.867827336000062, 0.0 ] ] ], [ [ [ 127.314742323000019, 0.914067720000048, 0.0 ], [ 127.31682325700001, 0.911819539000021, 0.0 ], [ 127.317044598000052, 0.908655260000046, 0.0 ], [ 127.321353281000029, 0.907915531000071, 0.0 ], [ 127.329302475000077, 0.901781851000067, 0.0 ], [ 127.330973614000072, 0.896348699000043, 0.0 ], [ 127.331089534000057, 0.892314583000029, 0.0 ], [ 127.328759525, 0.888214749000042, 0.0 ], [ 127.323413359000028, 0.883524941000076, 0.0 ], [ 127.3177308490001, 0.881519640000022, 0.0 ], [ 127.313879424000106, 0.883061194000049, 0.0 ], [ 127.307337190000112, 0.889970758000061, 0.0 ], [ 127.305230718000075, 0.89616452000007, 0.0 ], [ 127.302548522000052, 0.898230571000056, 0.0 ], [ 127.305134766000037, 0.90320623100007, 0.0 ], [ 127.308298456000102, 0.903406310000037, 0.0 ], [ 127.310021059000064, 0.904968367000038, 0.0 ], [ 127.310512102000075, 0.909676275000038, 0.0 ], [ 127.313037012000109, 0.91109515200003, 0.0 ], [ 127.313540955, 0.913613731000055, 0.0 ], [ 127.314742323000019, 0.914067720000048, 0.0 ] ] ], [ [ [ 127.310218274000022, 0.91388779600004, 0.0 ], [ 127.309747375000029, 0.912962503000074, 0.0 ], [ 127.308717651000052, 0.91328158400006, 0.0 ], [ 127.309061660000111, 0.913914159000058, 0.0 ], [ 127.310218274000022, 0.91388779600004, 0.0 ] ] ], [ [ [ 127.311646988, 0.914893659000029, 0.0 ], [ 127.311433023000063, 0.914965339000048, 0.0 ], [ 127.311486358000025, 0.91528240100007, 0.0 ], [ 127.311676541000111, 0.915234636000037, 0.0 ], [ 127.311646988, 0.914893659000029, 0.0 ] ] ], [ [ [ 127.310784918000081, 0.915754630000038, 0.0 ], [ 127.31066012000008, 0.915766535000046, 0.0 ], [ 127.310618419000093, 0.91598784200005, 0.0 ], [ 127.310790760000032, 0.915969978000021, 0.0 ], [ 127.310784918000081, 0.915754630000038, 0.0 ] ] ], [ [ [ 126.138348525000083, 0.982937611000068, 0.0 ], [ 126.147968772000013, 0.978014512000073, 0.0 ], [ 126.154601089000039, 0.976901290000058, 0.0 ], [ 126.155904956000086, 0.974176890000024, 0.0 ], [ 126.153496014000098, 0.969163735000052, 0.0 ], [ 126.151726618000112, 0.971906865000051, 0.0 ], [ 126.144647682000027, 0.973172737000027, 0.0 ], [ 126.148699860000079, 0.966466053000033, 0.0 ], [ 126.146269319000112, 0.964570500000036, 0.0 ], [ 126.150575427000035, 0.961695625000061, 0.0 ], [ 126.151942624000071, 0.962748723000061, 0.0 ], [ 126.150070264000078, 0.963665209000055, 0.0 ], [ 126.150392381000074, 0.964746117000061, 0.0 ], [ 126.156169123000041, 0.964234573000056, 0.0 ], [ 126.161482113000034, 0.961609147000047, 0.0 ], [ 126.161922895000089, 0.958263627000065, 0.0 ], [ 126.157316540000011, 0.956547965000027, 0.0 ], [ 126.150836614000013, 0.957250226000042, 0.0 ], [ 126.141245476000108, 0.963496436000071, 0.0 ], [ 126.13644801800001, 0.972225370000046, 0.0 ], [ 126.131592453000053, 0.973254021000059, 0.0 ], [ 126.127304823000031, 0.976759952000066, 0.0 ], [ 126.128782592000107, 0.981791346000023, 0.0 ], [ 126.138348525000083, 0.982937611000068, 0.0 ] ] ], [ [ [ 126.151038700000072, 0.985874866000074, 0.0 ], [ 126.15023217800001, 0.984669214000064, 0.0 ], [ 126.149376120000056, 0.985854306000022, 0.0 ], [ 126.144825916000059, 0.985209651000048, 0.0 ], [ 126.144541878000041, 0.984061833000055, 0.0 ], [ 126.14389523400007, 0.984778508000034, 0.0 ], [ 126.147377997000035, 0.98938137600004, 0.0 ], [ 126.15055282000003, 0.987461931000041, 0.0 ], [ 126.151038700000072, 0.985874866000074, 0.0 ] ] ], [ [ [ 126.382374481000056, 1.351548741000045, 0.0 ], [ 126.38830628200003, 1.350129981000066, 0.0 ], [ 126.387737094000045, 1.349163297000075, 0.0 ], [ 126.389651233000109, 1.345501952000063, 0.0 ], [ 126.394128774000023, 1.344272876000048, 0.0 ], [ 126.398866828000109, 1.339351927000052, 0.0 ], [ 126.403465502000017, 1.340428135000025, 0.0 ], [ 126.411041799000031, 1.338733605000073, 0.0 ], [ 126.415217447000032, 1.335418901000025, 0.0 ], [ 126.416446185000041, 1.332789758000047, 0.0 ], [ 126.415225741000086, 1.32746062700005, 0.0 ], [ 126.399441674000059, 1.316759718000071, 0.0 ], [ 126.399543004000066, 1.30143649200005, 0.0 ], [ 126.397468175000085, 1.295130929000038, 0.0 ], [ 126.397511363000035, 1.290051899000048, 0.0 ], [ 126.394740967000075, 1.28549606100006, 0.0 ], [ 126.39391915300007, 1.280569198000023, 0.0 ], [ 126.392444861000058, 1.281811148000031, 0.0 ], [ 126.392746909000039, 1.283848818000024, 0.0 ], [ 126.390498942000022, 1.288915990000021, 0.0 ], [ 126.386056752000059, 1.29290958200005, 0.0 ], [ 126.382667640000022, 1.298645065000073, 0.0 ], [ 126.38340692700001, 1.300568401000021, 0.0 ], [ 126.37754712800006, 1.306062128000065, 0.0 ], [ 126.37640985400003, 1.312182500000063, 0.0 ], [ 126.364779245000022, 1.31975512300005, 0.0 ], [ 126.358051481000075, 1.319174047000047, 0.0 ], [ 126.356821822000029, 1.322702142000026, 0.0 ], [ 126.358323569000049, 1.331445987000052, 0.0 ], [ 126.364841145000014, 1.342003050000073, 0.0 ], [ 126.369739858000116, 1.346752547000051, 0.0 ], [ 126.382374481000056, 1.351548741000045, 0.0 ] ] ] ] } },
{ "type": "Feature", "properties": { "OBJECTID": 59, "NAMOBJ": "Kota Tidore Kepulauan", "WADMPR": "Maluku Utara", "LUAS_KM": 1702.882, "COLOR": "#42e13d", "S_DATA": "Badan Informasi Geospasial (BIG)" }, "geometry": { "type": "MultiPolygon", "coordinates": [ [ [ [ 127.620428655000069, 0.352715636000028, 0.0 ], [ 127.61908814100002, 0.352915284000062, 0.0 ], [ 127.619473182000092, 0.356722840000032, 0.0 ], [ 127.622180324000055, 0.357261571000038, 0.0 ], [ 127.624041679000015, 0.354934202000038, 0.0 ], [ 127.620428655000069, 0.352715636000028, 0.0 ] ] ], [ [ [ 127.641615376000118, 0.357642193000061, 0.0 ], [ 127.643432675000099, 0.35684489700003, 0.0 ], [ 127.645028592000017, 0.357319260000054, 0.0 ], [ 127.645719414000041, 0.355392556000027, 0.0 ], [ 127.641761385000109, 0.353870373000063, 0.0 ], [ 127.637647775000119, 0.35528363800006, 0.0 ], [ 127.638180767000108, 0.357464404000041, 0.0 ], [ 127.641615376000118, 0.357642193000061, 0.0 ] ] ], [ [ [ 127.59147254800007, 0.380035602000021, 0.0 ], [ 127.590538258000038, 0.380731362000063, 0.0 ], [ 127.591110485000058, 0.382470012000056, 0.0 ], [ 127.594682074000048, 0.384395791000031, 0.0 ], [ 127.59484507500008, 0.381403567000064, 0.0 ], [ 127.59147254800007, 0.380035602000021, 0.0 ] ] ], [ [ [ 127.607648117000053, 0.388990608000029, 0.0 ], [ 127.6090844470001, 0.387817578000067, 0.0 ], [ 127.608260914000084, 0.38637256200002, 0.0 ], [ 127.602485460000025, 0.383093212000063, 0.0 ], [ 127.60059762800006, 0.38401716900006, 0.0 ], [ 127.602922534000072, 0.388658518000057, 0.0 ], [ 127.607648117000053, 0.388990608000029, 0.0 ] ] ], [ [ [ 127.587744075000046, 0.388686273000076, 0.0 ], [ 127.584427051000034, 0.388844666000068, 0.0 ], [ 127.588003446000016, 0.393245130000025, 0.0 ], [ 127.589134493000074, 0.392030188000035, 0.0 ], [ 127.587744075000046, 0.388686273000076, 0.0 ] ] ], [ [ [ 127.584133780000116, 0.399314245000028, 0.0 ], [ 127.586533970000119, 0.399016477000032, 0.0 ], [ 127.583073720000016, 0.39392842500007, 0.0 ], [ 127.58012649200009, 0.394612927000026, 0.0 ], [ 127.578225054000086, 0.397046709000051, 0.0 ], [ 127.578282097000056, 0.399290352000037, 0.0 ], [ 127.580195126000035, 0.400487751000071, 0.0 ], [ 127.584133780000116, 0.399314245000028, 0.0 ] ] ], [ [ [ 127.395139172000086, 0.585187565000069, 0.0 ], [ 127.39830621200008, 0.585984092000047, 0.0 ], [ 127.399679583000079, 0.583549782000034, 0.0 ], [ 127.403345413000011, 0.585668490000046, 0.0 ], [ 127.408402663000061, 0.584611106000068, 0.0 ], [ 127.410578479000037, 0.581375405000074, 0.0 ], [ 127.410996479000119, 0.574053420000041, 0.0 ], [ 127.408928769000113, 0.57321534700003, 0.0 ], [ 127.406108753000012, 0.568077133000031, 0.0 ], [ 127.402835507000077, 0.568822787000045, 0.0 ], [ 127.397360467000112, 0.563681464000069, 0.0 ], [ 127.390543923000109, 0.561971097000026, 0.0 ], [ 127.385408983000048, 0.564891296000042, 0.0 ], [ 127.383020805000115, 0.562650956000027, 0.0 ], [ 127.381788351000068, 0.558422517000054, 0.0 ], [ 127.379497904000118, 0.56382723300004, 0.0 ], [ 127.381892180000023, 0.569757287000073, 0.0 ], [ 127.385242823000112, 0.572636788000068, 0.0 ], [ 127.385948830000075, 0.576648543000033, 0.0 ], [ 127.391425957000024, 0.582590282000069, 0.0 ], [ 127.392940120000048, 0.586562804000039, 0.0 ], [ 127.394033427000068, 0.586844277000068, 0.0 ], [ 127.395139172000086, 0.585187565000069, 0.0 ] ] ], [ [ [ 127.458739137000066, 0.709233737000034, 0.0 ], [ 127.458424101000105, 0.709460956000044, 0.0 ], [ 127.458655761000045, 0.709772110000074, 0.0 ], [ 127.458917290000045, 0.709616660000052, 0.0 ], [ 127.458739137000066, 0.709233737000034, 0.0 ] ] ], [ [ [ 127.479778166000074, 0.712831321000067, 0.0 ], [ 127.479202807000092, 0.713146995000045, 0.0 ], [ 127.479768353000054, 0.71375977100007, 0.0 ], [ 127.480163022000056, 0.71353975300002, 0.0 ], [ 127.479778166000074, 0.712831321000067, 0.0 ] ] ], [ [ [ 127.461036964000073, 0.71521077500006, 0.0 ], [ 127.460971661000031, 0.715013338000063, 0.0 ], [ 127.46051998400003, 0.715114885000048, 0.0 ], [ 127.46085865200007, 0.715306431000045, 0.0 ], [ 127.461036964000073, 0.71521077500006, 0.0 ] ] ], [ [ [ 127.369000641000071, 0.741540109000027, 0.0 ], [ 127.37361093200002, 0.74070884200006, 0.0 ], [ 127.378523819000065, 0.735926426000049, 0.0 ], [ 127.379031345000044, 0.732132247000038, 0.0 ], [ 127.376538992000064, 0.726744769000049, 0.0 ], [ 127.369598830000086, 0.723803281000073, 0.0 ], [ 127.366101649000029, 0.725275831000033, 0.0 ], [ 127.361964481000086, 0.732789626000056, 0.0 ], [ 127.364939463000042, 0.739746620000062, 0.0 ], [ 127.369000641000071, 0.741540109000027, 0.0 ] ] ], [ [ [ 127.406327045000012, 0.756998268000075, 0.0 ], [ 127.405082999000115, 0.752020251000033, 0.0 ], [ 127.408963338000035, 0.747712045000071, 0.0 ], [ 127.414744587000087, 0.749573834000046, 0.0 ], [ 127.414811570000097, 0.751410626000052, 0.0 ], [ 127.416555544000062, 0.752229617000069, 0.0 ], [ 127.418292205000057, 0.750779719000036, 0.0 ], [ 127.421258149000096, 0.751771557000041, 0.0 ], [ 127.425375723000116, 0.748995896000054, 0.0 ], [ 127.42981507200011, 0.749786696000058, 0.0 ], [ 127.431886336000048, 0.747396133000052, 0.0 ], [ 127.446484480000095, 0.746069270000021, 0.0 ], [ 127.449207006000051, 0.744447844000035, 0.0 ], [ 127.451484606, 0.739979930000061, 0.0 ], [ 127.451170874000013, 0.736426379000022, 0.0 ], [ 127.454637019000074, 0.731875111000022, 0.0 ], [ 127.454556878000062, 0.722889770000052, 0.0 ], [ 127.458646624000039, 0.719355663000044, 0.0 ], [ 127.460436900000104, 0.714773869000055, 0.0 ], [ 127.457509557000094, 0.707570261000058, 0.0 ], [ 127.455826067000089, 0.694683959000031, 0.0 ], [ 127.455939530000023, 0.692979059000038, 0.0 ], [ 127.457056609000119, 0.693398182000067, 0.0 ], [ 127.455571260000056, 0.692446519000043, 0.0 ], [ 127.455769589000056, 0.685543083000027, 0.0 ], [ 127.454302572000074, 0.683012122000036, 0.0 ], [ 127.454713462000086, 0.680350160000046, 0.0 ], [ 127.455616571000064, 0.680876888000057, 0.0 ], [ 127.456960559000095, 0.677862273000073, 0.0 ], [ 127.456438135000099, 0.673048632000075, 0.0 ], [ 127.450825648000091, 0.664799992000042, 0.0 ], [ 127.447509743000069, 0.653672879000055, 0.0 ], [ 127.442913854000039, 0.648863614000049, 0.0 ], [ 127.440043629000115, 0.643434461000027, 0.0 ], [ 127.432148609000023, 0.636054053000066, 0.0 ], [ 127.431990093000081, 0.63244889200007, 0.0 ], [ 127.430189773000052, 0.632193319000066, 0.0 ], [ 127.428871420000064, 0.629261658000075, 0.0 ], [ 127.42540175900001, 0.626778012000045, 0.0 ], [ 127.412567400000057, 0.62236529300003, 0.0 ], [ 127.407094224000048, 0.623069519000069, 0.0 ], [ 127.401657244000035, 0.62202099600006, 0.0 ], [ 127.388386938000053, 0.62527714700002, 0.0 ], [ 127.385266612, 0.627208379000024, 0.0 ], [ 127.383377088000088, 0.626747175000048, 0.0 ], [ 127.382193930000085, 0.628804623000065, 0.0 ], [ 127.378485344000069, 0.630639943000062, 0.0 ], [ 127.373467526000013, 0.638630317000036, 0.0 ], [ 127.368920303000095, 0.642888040000059, 0.0 ], [ 127.365227085000015, 0.652380243000039, 0.0 ], [ 127.365170914000032, 0.660665258000051, 0.0 ], [ 127.36355921300003, 0.66471451600006, 0.0 ], [ 127.363943473000063, 0.670738487000051, 0.0 ], [ 127.362122654000018, 0.678113636000035, 0.0 ], [ 127.365983183000026, 0.684037105000073, 0.0 ], [ 127.36582777700005, 0.686705012000061, 0.0 ], [ 127.368499460000066, 0.693692887000054, 0.0 ], [ 127.378970102000039, 0.705585772000063, 0.0 ], [ 127.379706500000111, 0.712631136000027, 0.0 ], [ 127.385797273000094, 0.723618406000071, 0.0 ], [ 127.386370404000104, 0.72803099500004, 0.0 ], [ 127.38398772000005, 0.734794903000022, 0.0 ], [ 127.386424997000063, 0.738130903000069, 0.0 ], [ 127.386732584000015, 0.741046807000032, 0.0 ], [ 127.384602566000012, 0.746749632000046, 0.0 ], [ 127.388906417000044, 0.749765896000042, 0.0 ], [ 127.388927297, 0.752070243000048, 0.0 ], [ 127.394818515000111, 0.751888594000036, 0.0 ], [ 127.396554704000096, 0.75308687200004, 0.0 ], [ 127.397265594000032, 0.755858845000034, 0.0 ], [ 127.405063629000097, 0.758526158000052, 0.0 ], [ 127.406327045000012, 0.756998268000075, 0.0 ] ] ], [ [ [ 127.596291849000067, 0.770823935000067, 0.0 ], [ 127.594284838000021, 0.772708986000055, 0.0 ], [ 127.596271634000118, 0.774470930000064, 0.0 ], [ 127.597032539000111, 0.773906425000064, 0.0 ], [ 127.596291849000067, 0.770823935000067, 0.0 ] ] ], [ [ [ 127.618734683000071, 0.787617791000059, 0.0 ], [ 127.61980147700001, 0.787645069000064, 0.0 ], [ 127.620719751000024, 0.785312505000036, 0.0 ], [ 127.623545038000088, 0.78640501600006, 0.0 ], [ 127.623372434000089, 0.783792300000073, 0.0 ], [ 127.625489625000114, 0.782611815000053, 0.0 ], [ 127.623182923000059, 0.781437200000028, 0.0 ], [ 127.623936532000016, 0.777936383000053, 0.0 ], [ 127.628472204000104, 0.77704552900002, 0.0 ], [ 127.635771865000038, 0.770454541000049, 0.0 ], [ 127.647064841000088, 0.769011191000061, 0.0 ], [ 127.648028502000102, 0.769487972000036, 0.0 ], [ 127.648276883000108, 0.773621909000042, 0.0 ], [ 127.651408544000105, 0.774051432000022, 0.0 ], [ 127.651488653000115, 0.775859849000028, 0.0 ], [ 127.657226239000011, 0.772448311000062, 0.0 ], [ 127.658022200000119, 0.775519768000038, 0.0 ], [ 127.661610676, 0.77563585300004, 0.0 ], [ 127.66289718400003, 0.774562120000041, 0.0 ], [ 127.662981576000107, 0.771131263000029, 0.0 ], [ 127.66623447500001, 0.770592018000059, 0.0 ], [ 127.66652332000001, 0.766933014000074, 0.0 ], [ 127.672517213000106, 0.770909446000076, 0.0 ], [ 127.674162495000019, 0.766203434000033, 0.0 ], [ 127.681607328000041, 0.758235085000024, 0.0 ], [ 127.688439878000054, 0.758024095000053, 0.0 ], [ 127.692260969000017, 0.755515608000053, 0.0 ], [ 127.69622149700001, 0.756726277000041, 0.0 ], [ 127.69879137700002, 0.755101459000059, 0.0 ], [ 127.699280954000074, 0.756094227000062, 0.0 ], [ 127.700496894000025, 0.755487523000056, 0.0 ], [ 127.700518603000091, 0.760339244000022, 0.0 ], [ 127.702705479000088, 0.762528743000075, 0.0 ], [ 127.706798074000062, 0.761248906000048, 0.0 ], [ 127.711255612000059, 0.761775311000065, 0.0 ], [ 127.713761557000112, 0.760220876000062, 0.0 ], [ 127.716436066000028, 0.764643676000048, 0.0 ], [ 127.718563967000023, 0.761549797000043, 0.0 ], [ 127.720913800000062, 0.760532581000064, 0.0 ], [ 127.722148422000032, 0.761727708000024, 0.0 ], [ 127.722887934000028, 0.759724272000028, 0.0 ], [ 127.725305354000056, 0.760245632000021, 0.0 ], [ 127.727417241000012, 0.757508087000076, 0.0 ], [ 127.731329040000105, 0.759566297000049, 0.0 ], [ 127.737291551000112, 0.755678380000063, 0.0 ], [ 127.751756201000035, 0.757244574000026, 0.0 ], [ 127.757882656000106, 0.750612383000032, 0.0 ], [ 127.758577843000012, 0.747239866000029, 0.0 ], [ 127.756920186000116, 0.744474210000021, 0.0 ], [ 127.757310367000059, 0.742499253000062, 0.0 ], [ 127.760315842000068, 0.740160158000037, 0.0 ], [ 127.762542717000088, 0.735073514000021, 0.0 ], [ 127.765694511000106, 0.733794953000029, 0.0 ], [ 127.766993809000041, 0.73186920400002, 0.0 ], [ 127.765959025000029, 0.721594958000026, 0.0 ], [ 127.767276424000102, 0.719462901000043, 0.0 ], [ 127.766898376000086, 0.710951879000049, 0.0 ], [ 127.768016163000084, 0.707130104000044, 0.0 ], [ 127.77525640600004, 0.698850898000046, 0.0 ], [ 127.78300002200001, 0.692341065000051, 0.0 ], [ 127.780906245000097, 0.68423625600002, 0.0 ], [ 127.782154874000071, 0.672275156000069, 0.0 ], [ 127.785363957000072, 0.665646340000023, 0.0 ], [ 127.788189661000047, 0.663629980000053, 0.0 ], [ 127.787914704000059, 0.656086542000025, 0.0 ], [ 127.792496338000092, 0.646859200000051, 0.0 ], [ 127.79091389700011, 0.638273379000054, 0.0 ], [ 127.79185966700004, 0.631284108000045, 0.0 ], [ 127.7966267810001, 0.62650951300003, 0.0 ], [ 127.797793879000096, 0.623154529000033, 0.0 ], [ 127.806834024000068, 0.618628633000071, 0.0 ], [ 127.809948701000053, 0.614541577000068, 0.0 ], [ 127.808912781000117, 0.610001346000047, 0.0 ], [ 127.811055538000119, 0.604219551000028, 0.0 ], [ 127.810216135000019, 0.597852279000051, 0.0 ], [ 127.820714407000082, 0.592056121000041, 0.0 ], [ 127.824935628000048, 0.582844756000043, 0.0 ], [ 127.828863768000019, 0.58025707500002, 0.0 ], [ 127.828961886000116, 0.577241647000051, 0.0 ], [ 127.831570151000051, 0.575573617000032, 0.0 ], [ 127.830158672000039, 0.570095120000076, 0.0 ], [ 127.822764972000073, 0.567253271000027, 0.0 ], [ 127.823149286000103, 0.562496798000041, 0.0 ], [ 127.821178210000085, 0.560546640000041, 0.0 ], [ 127.821437564, 0.556517202000066, 0.0 ], [ 127.82531903600011, 0.55071502800007, 0.0 ], [ 127.825867, 0.542441406000023, 0.0 ], [ 127.819659688000115, 0.537617107000074, 0.0 ], [ 127.815943092000111, 0.537226428000054, 0.0 ], [ 127.813506696000104, 0.532523544000071, 0.0 ], [ 127.806555082000045, 0.526147524000066, 0.0 ], [ 127.812284090000048, 0.521664230000056, 0.0 ], [ 127.81276846500009, 0.518234469000049, 0.0 ], [ 127.811588123000092, 0.515409828000031, 0.0 ], [ 127.808078484000021, 0.514594110000075, 0.0 ], [ 127.805516057000091, 0.512210247000041, 0.0 ], [ 127.803575458000068, 0.508117182000035, 0.0 ], [ 127.806357909000099, 0.502563425000062, 0.0 ], [ 127.805028042000117, 0.49652534300003, 0.0 ], [ 127.806044897000106, 0.490069098000049, 0.0 ], [ 127.801396458000113, 0.484919036000065, 0.0 ], [ 127.800281277000067, 0.480953446000058, 0.0 ], [ 127.795634139000072, 0.482263945000057, 0.0 ], [ 127.793115942000099, 0.486728503000052, 0.0 ], [ 127.786836200000039, 0.486522729000058, 0.0 ], [ 127.784479609000073, 0.488349236000033, 0.0 ], [ 127.779456941000035, 0.485507200000029, 0.0 ], [ 127.777709538000067, 0.483544600000073, 0.0 ], [ 127.777549705000069, 0.479296287000068, 0.0 ], [ 127.775376030000075, 0.476239812000074, 0.0 ], [ 127.777054985000063, 0.474236828000073, 0.0 ], [ 127.77667339300001, 0.470533850000038, 0.0 ], [ 127.779564805000064, 0.467912796000064, 0.0 ], [ 127.775994781, 0.466670974000067, 0.0 ], [ 127.772613669000066, 0.458427438000058, 0.0 ], [ 127.768620887000111, 0.454337817000066, 0.0 ], [ 127.769788788000028, 0.45288542000003, 0.0 ], [ 127.769583165000086, 0.450069748000033, 0.0 ], [ 127.773511018000022, 0.448425558000054, 0.0 ], [ 127.772216287000106, 0.446588220000024, 0.0 ], [ 127.774343226000042, 0.44395096300002, 0.0 ], [ 127.774712200000067, 0.436534020000067, 0.0 ], [ 127.772311590000072, 0.432786012000065, 0.0 ], [ 127.772292751, 0.429631896000046, 0.0 ], [ 127.77502727600006, 0.418670210000073, 0.0 ], [ 127.775104185000032, 0.412850965000075, 0.0 ], [ 127.790131830000064, 0.397436427000059, 0.0 ], [ 127.791046246000064, 0.393769876000022, 0.0 ], [ 127.788905675000024, 0.390451413000051, 0.0 ], [ 127.79021242400006, 0.387943943000039, 0.0 ], [ 127.792242269000099, 0.388550930000065, 0.0 ], [ 127.798545960000069, 0.385671031000072, 0.0 ], [ 127.799946419000094, 0.381286786000032, 0.0 ], [ 127.803438140000026, 0.380692708000026, 0.0 ], [ 127.806545996000068, 0.373654416000022, 0.0 ], [ 127.801381975000027, 0.368059143000039, 0.0 ], [ 127.800734980000016, 0.36193184900003, 0.0 ], [ 127.803980540000111, 0.353828194000073, 0.0 ], [ 127.807226022, 0.33997892800005, 0.0 ], [ 127.801949130000025, 0.330994920000023, 0.0 ], [ 127.801200739000024, 0.324655618000065, 0.0 ], [ 127.798555761000102, 0.317434712000022, 0.0 ], [ 127.799691896000013, 0.315212466000048, 0.0 ], [ 127.799506534000102, 0.310901331000025, 0.0 ], [ 127.802409744000101, 0.307197703000043, 0.0 ], [ 127.802035843000112, 0.300953107000055, 0.0 ], [ 127.803577215000018, 0.296932286000072, 0.0 ], [ 127.812145702000066, 0.28427943500003, 0.0 ], [ 127.817321455000069, 0.279577951000022, 0.0 ], [ 127.819521071000054, 0.272591804000058, 0.0 ], [ 127.815381229000081, 0.272254835000069, 0.0 ], [ 127.811597711000104, 0.269584018000046, 0.0 ], [ 127.807340114000112, 0.256790967000029, 0.0 ], [ 127.804753854000069, 0.256401539000024, 0.0 ], [ 127.797316205000016, 0.25, 0.0 ], [ 127.797265272000118, 0.248489393000057, 0.0 ], [ 127.799079341000038, 0.245260600000051, 0.0 ], [ 127.799063556000078, 0.24056282600003, 0.0 ], [ 127.801288388000103, 0.236763120000035, 0.0 ], [ 127.805560756000091, 0.233812144000069, 0.0 ], [ 127.814388307000058, 0.23050975700005, 0.0 ], [ 127.812763798000105, 0.229717356000037, 0.0 ], [ 127.812984877000076, 0.225910301000056, 0.0 ], [ 127.811835989000087, 0.223812526000074, 0.0 ], [ 127.812790671000016, 0.221416561000069, 0.0 ], [ 127.81460904100004, 0.220941564000043, 0.0 ], [ 127.816902048000088, 0.215853293000066, 0.0 ], [ 127.820656106000115, 0.213492795000036, 0.0 ], [ 127.823669881000114, 0.209353738000061, 0.0 ], [ 127.821633012, 0.207676932000027, 0.0 ], [ 127.822891669000114, 0.205010092000066, 0.0 ], [ 127.821920902000102, 0.201322469000047, 0.0 ], [ 127.809536274000038, 0.195919710000055, 0.0 ], [ 127.804811742000084, 0.190363059000049, 0.0 ], [ 127.802533873000016, 0.183195503000036, 0.0 ], [ 127.798639245000118, 0.178840231000038, 0.0 ], [ 127.798210422000011, 0.174731860000065, 0.0 ], [ 127.795566372000053, 0.17394428700004, 0.0 ], [ 127.793985339000074, 0.16743535300003, 0.0 ], [ 127.790470537000033, 0.162409232000073, 0.0 ], [ 127.790577528000085, 0.158882600000027, 0.0 ], [ 127.78771387900008, 0.154647542000021, 0.0 ], [ 127.796574029000112, 0.13986645600005, 0.0 ], [ 127.799141439000095, 0.131659286000058, 0.0 ], [ 127.796507187000088, -0.024322830999949, 0.0 ], [ 127.758888888000115, -0.01061744499998, 0.0 ], [ 127.697622546000048, 0.007066136000049, 0.0 ], [ 127.699823040000069, 0.016389340000046, 0.0 ], [ 127.707987633000016, 0.027642877000062, 0.0 ], [ 127.710118329000011, 0.03247972600002, 0.0 ], [ 127.712825703000021, 0.039764390000073, 0.0 ], [ 127.711027860000058, 0.040776308000034, 0.0 ], [ 127.711035413000104, 0.042077343000074, 0.0 ], [ 127.713222615000063, 0.041230485000028, 0.0 ], [ 127.716016151000076, 0.04235379000005, 0.0 ], [ 127.716804987000046, 0.045030896000071, 0.0 ], [ 127.715045847000056, 0.047864375000074, 0.0 ], [ 127.717651133000118, 0.051425460000075, 0.0 ], [ 127.720427475000065, 0.059399566000025, 0.0 ], [ 127.722081644000014, 0.07230359700003, 0.0 ], [ 127.721118772000068, 0.076636409000059, 0.0 ], [ 127.716560929000025, 0.078289154000061, 0.0 ], [ 127.717207287000065, 0.085439963000056, 0.0 ], [ 127.71216912400007, 0.090714629000047, 0.0 ], [ 127.712091279000106, 0.096276040000021, 0.0 ], [ 127.713641039000095, 0.09997114600003, 0.0 ], [ 127.712176569, 0.103656562000026, 0.0 ], [ 127.708239970000022, 0.104776399000059, 0.0 ], [ 127.704474701000095, 0.101703429000054, 0.0 ], [ 127.700138783000057, 0.10215316700004, 0.0 ], [ 127.691400517000034, 0.100381882000022, 0.0 ], [ 127.688224781000031, 0.097720581000033, 0.0 ], [ 127.684678082000119, 0.098553253000034, 0.0 ], [ 127.689945556000112, 0.104325724000034, 0.0 ], [ 127.688980146000063, 0.108878400000037, 0.0 ], [ 127.690234429000043, 0.111986331000026, 0.0 ], [ 127.695637733000012, 0.116207237000026, 0.0 ], [ 127.696743581000078, 0.115818700000034, 0.0 ], [ 127.697494727000048, 0.117128960000059, 0.0 ], [ 127.696401708000053, 0.119131338000045, 0.0 ], [ 127.699638871000047, 0.120607956000072, 0.0 ], [ 127.701804587000083, 0.125108279000074, 0.0 ], [ 127.701282817000106, 0.130200309000031, 0.0 ], [ 127.698554016000116, 0.13409467200006, 0.0 ], [ 127.69841124900006, 0.13803506000005, 0.0 ], [ 127.69354751700007, 0.140763925000044, 0.0 ], [ 127.691807163000021, 0.145918661000053, 0.0 ], [ 127.69599847500001, 0.159102388000065, 0.0 ], [ 127.694420556000068, 0.167599836000022, 0.0 ], [ 127.696238938000079, 0.171848545000046, 0.0 ], [ 127.695975720000092, 0.18522936200003, 0.0 ], [ 127.699830950000091, 0.190591277000067, 0.0 ], [ 127.701410498000087, 0.195284741000023, 0.0 ], [ 127.700249267000117, 0.198836646000075, 0.0 ], [ 127.70684312700007, 0.207285580000075, 0.0 ], [ 127.708642331000078, 0.21305531500002, 0.0 ], [ 127.706497513000045, 0.222325029000046, 0.0 ], [ 127.708507546000078, 0.230749022000055, 0.0 ], [ 127.712113407000061, 0.235380750000047, 0.0 ], [ 127.714797113000031, 0.242435757000067, 0.0 ], [ 127.71729477000008, 0.256543301000022, 0.0 ], [ 127.715877759000023, 0.264191811000046, 0.0 ], [ 127.723767861000056, 0.273513467000043, 0.0 ], [ 127.733967214000018, 0.301958552000031, 0.0 ], [ 127.733983496000064, 0.312477358000024, 0.0 ], [ 127.725259078000022, 0.333919274000039, 0.0 ], [ 127.71831940300001, 0.345881503000044, 0.0 ], [ 127.715050383000062, 0.348704994000059, 0.0 ], [ 127.710367108000014, 0.350283836000074, 0.0 ], [ 127.709142501000088, 0.352880246000041, 0.0 ], [ 127.694302852000078, 0.345064536000052, 0.0 ], [ 127.69152637600007, 0.344652532000055, 0.0 ], [ 127.690299263000043, 0.348251649000019, 0.0 ], [ 127.688019662000102, 0.349233134000031, 0.0 ], [ 127.685021967000012, 0.348193474000027, 0.0 ], [ 127.677074110000035, 0.349809314000026, 0.0 ], [ 127.664780141000051, 0.345232715000066, 0.0 ], [ 127.661614189000034, 0.342374888000052, 0.0 ], [ 127.658319255000038, 0.343982595000057, 0.0 ], [ 127.65115783300007, 0.354520811000043, 0.0 ], [ 127.65130023200004, 0.356100282000057, 0.0 ], [ 127.648903826000037, 0.357880396000041, 0.0 ], [ 127.643350963000103, 0.357171214000061, 0.0 ], [ 127.637845269000081, 0.359084867000036, 0.0 ], [ 127.634878915000058, 0.357141234000039, 0.0 ], [ 127.621737806000056, 0.36017367900007, 0.0 ], [ 127.617913130000034, 0.37511543200003, 0.0 ], [ 127.622276488000011, 0.381500850000066, 0.0 ], [ 127.623254122000048, 0.392260280000073, 0.0 ], [ 127.622473810000088, 0.396031638000068, 0.0 ], [ 127.616625930000055, 0.397169758000075, 0.0 ], [ 127.616292561000023, 0.400606150000044, 0.0 ], [ 127.614191603000108, 0.398193581000044, 0.0 ], [ 127.611557676000075, 0.398757898000042, 0.0 ], [ 127.610293320000096, 0.397197405000043, 0.0 ], [ 127.607497889000115, 0.396967198000027, 0.0 ], [ 127.602942935000101, 0.399570069000049, 0.0 ], [ 127.601632805, 0.40308224100005, 0.0 ], [ 127.597351826000022, 0.400689057000022, 0.0 ], [ 127.595706835000101, 0.40095679500007, 0.0 ], [ 127.593908578000082, 0.407810169000072, 0.0 ], [ 127.585778807000111, 0.408651084000041, 0.0 ], [ 127.581670278000047, 0.413972462000061, 0.0 ], [ 127.57873208500007, 0.41468984100004, 0.0 ], [ 127.578874050000081, 0.41837513400003, 0.0 ], [ 127.581992679000109, 0.418902170000024, 0.0 ], [ 127.585614613000075, 0.422990138000046, 0.0 ], [ 127.581440397000051, 0.423324395000066, 0.0 ], [ 127.581353994000096, 0.427861570000061, 0.0 ], [ 127.580014822000066, 0.429157023000073, 0.0 ], [ 127.574486208000053, 0.427707300000066, 0.0 ], [ 127.573148432000039, 0.428836344000047, 0.0 ], [ 127.574953386000061, 0.432548995000047, 0.0 ], [ 127.572635270000092, 0.435491541000033, 0.0 ], [ 127.57489557800011, 0.438982331000034, 0.0 ], [ 127.573072809000109, 0.44067112800002, 0.0 ], [ 127.576681580000013, 0.444016479000027, 0.0 ], [ 127.574886856000035, 0.44560823300003, 0.0 ], [ 127.571506201000034, 0.445996485000023, 0.0 ], [ 127.571574228000031, 0.447308853000038, 0.0 ], [ 127.574782603000017, 0.449054163000028, 0.0 ], [ 127.574574379000069, 0.450284896000028, 0.0 ], [ 127.568869791000111, 0.454730213000062, 0.0 ], [ 127.570346587000017, 0.458513538000034, 0.0 ], [ 127.567839709000054, 0.467973904000075, 0.0 ], [ 127.569849685, 0.471385259000044, 0.0 ], [ 127.567058750000115, 0.475248021000027, 0.0 ], [ 127.566672937000021, 0.478438554000036, 0.0 ], [ 127.567965725000022, 0.484241843000063, 0.0 ], [ 127.567649558000085, 0.490613530000076, 0.0 ], [ 127.564777223000078, 0.494422591000045, 0.0 ], [ 127.561834414000032, 0.515949489000036, 0.0 ], [ 127.558229392000044, 0.521940760000064, 0.0 ], [ 127.549271155000042, 0.527949899000021, 0.0 ], [ 127.543527759000085, 0.52955663900002, 0.0 ], [ 127.539191048000021, 0.533508828000038, 0.0 ], [ 127.538057851000076, 0.540706660000069, 0.0 ], [ 127.536165066000081, 0.54334805600007, 0.0 ], [ 127.534139487000061, 0.543611343000066, 0.0 ], [ 127.526900247000071, 0.55436300100007, 0.0 ], [ 127.527693906000081, 0.558399390000034, 0.0 ], [ 127.534989642000028, 0.567325463000032, 0.0 ], [ 127.536751651000031, 0.574390004000065, 0.0 ], [ 127.535826905000022, 0.583885126000041, 0.0 ], [ 127.5303351660001, 0.604405863000068, 0.0 ], [ 127.529591302000085, 0.612570499000071, 0.0 ], [ 127.533563253000011, 0.621904221000023, 0.0 ], [ 127.538436312000044, 0.627160122000021, 0.0 ], [ 127.540786879000052, 0.63194721800005, 0.0 ], [ 127.540443593000077, 0.635450456000058, 0.0 ], [ 127.539150070000119, 0.636771017000058, 0.0 ], [ 127.541173309000101, 0.644074998000065, 0.0 ], [ 127.539926758000092, 0.647367390000056, 0.0 ], [ 127.54019078500005, 0.655053744000043, 0.0 ], [ 127.545390044000101, 0.661602497000047, 0.0 ], [ 127.546671109000044, 0.670437813000035, 0.0 ], [ 127.551079530000038, 0.682423269000026, 0.0 ], [ 127.551940862000038, 0.695508456000027, 0.0 ], [ 127.547885707000091, 0.704100787000073, 0.0 ], [ 127.548417041000107, 0.71369413900004, 0.0 ], [ 127.550202594000098, 0.720289809000064, 0.0 ], [ 127.547573998000075, 0.729282623000074, 0.0 ], [ 127.558384198000113, 0.741156062000073, 0.0 ], [ 127.560702983000056, 0.741054340000062, 0.0 ], [ 127.562946339000064, 0.744361791000074, 0.0 ], [ 127.568761742000106, 0.747788215000071, 0.0 ], [ 127.574985222, 0.753880825000067, 0.0 ], [ 127.578319442000065, 0.753230042000041, 0.0 ], [ 127.585156823000034, 0.755766547000064, 0.0 ], [ 127.588963961000104, 0.755546447000029, 0.0 ], [ 127.597399150000115, 0.76002578300006, 0.0 ], [ 127.598289068000099, 0.758042502000023, 0.0 ], [ 127.601587001000098, 0.758849139000063, 0.0 ], [ 127.596682132000069, 0.754872016000036, 0.0 ], [ 127.596555069000033, 0.750779866000073, 0.0 ], [ 127.599379553000063, 0.749746981000044, 0.0 ], [ 127.600277733000098, 0.751053875000025, 0.0 ], [ 127.599220970000033, 0.755030782000063, 0.0 ], [ 127.602215451, 0.757659324000031, 0.0 ], [ 127.602228792000119, 0.760530991000053, 0.0 ], [ 127.604381495000098, 0.763891540000031, 0.0 ], [ 127.603525245000014, 0.765255300000035, 0.0 ], [ 127.605707439000071, 0.76562933200006, 0.0 ], [ 127.602882378000118, 0.768370845000049, 0.0 ], [ 127.602339285000085, 0.771687436000036, 0.0 ], [ 127.600590119000117, 0.770184021000034, 0.0 ], [ 127.599153313000102, 0.773083921000023, 0.0 ], [ 127.60299301200007, 0.778991249000057, 0.0 ], [ 127.610552225000106, 0.779732755000055, 0.0 ], [ 127.615406326000084, 0.782314470000074, 0.0 ], [ 127.618169213000101, 0.789216483000075, 0.0 ], [ 127.619411085000024, 0.788859781000042, 0.0 ], [ 127.618734683000071, 0.787617791000059, 0.0 ] ] ] ] } },
{ "type": "Feature", "properties": { "OBJECTID": 73, "NAMOBJ": "Maluku Utara", "WADMPR": "Maluku Utara", "LUAS_KM": 0.0064, "COLOR": "#ab82d7", "S_DATA": "Badan Informasi Geospasial (BIG)" }, "geometry": { "type": "MultiPolygon", "coordinates": [ [ [ [ 129.132033062000119, 0.730191321000063, 0.0 ], [ 129.132342195000092, 0.730275094000035, 0.0 ], [ 129.133507333000011, 0.728575488000047, 0.0 ], [ 129.132002635000049, 0.730127755000069, 0.0 ], [ 129.13180326600002, 0.730651369000043, 0.0 ], [ 129.132033062000119, 0.730191321000063, 0.0 ] ] ] ] } },
{ "type": "Feature", "properties": { "OBJECTID": 74, "NAMOBJ": "Maluku Utara", "WADMPR": "Maluku Utara", "LUAS_KM": 0.009, "COLOR": "#ab82d7", "S_DATA": "Badan Informasi Geospasial (BIG)" }, "geometry": { "type": "MultiPolygon", "coordinates": [ [ [ [ 129.140756551000095, 0.725624640000035, 0.0 ], [ 129.140724628000044, 0.726664846000062, 0.0 ], [ 129.141562198000088, 0.727254952000067, 0.0 ], [ 129.141523466000081, 0.726677871000049, 0.0 ], [ 129.140756551000095, 0.725624640000035, 0.0 ] ] ] ] } },
{ "type": "Feature", "properties": { "OBJECTID": 75, "NAMOBJ": "Maluku Utara", "WADMPR": "Maluku Utara", "LUAS_KM": 0.0117, "COLOR": "#ab82d7", "S_DATA": "Badan Informasi Geospasial (BIG)" }, "geometry": { "type": "MultiPolygon", "coordinates": [ [ [ [ 127.922472861000074, 0.175305500000036, 0.0 ], [ 127.921758490000116, 0.175772748000043, 0.0 ], [ 127.92223578200003, 0.176524755000059, 0.0 ], [ 127.922871895000071, 0.176058843000021, 0.0 ], [ 127.922472861000074, 0.175305500000036, 0.0 ] ] ] ] } },
{ "type": "Feature", "properties": { "OBJECTID": 76, "NAMOBJ": "Maluku Utara", "WADMPR": "Maluku Utara", "LUAS_KM": 0.163, "COLOR": "#ab82d7", "S_DATA": "Badan Informasi Geospasial (BIG)" }, "geometry": { "type": "MultiPolygon", "coordinates": [ [ [ [ 129.13472600700004, 0.728494651000062, 0.0 ], [ 129.136084679000078, 0.726845685000058, 0.0 ], [ 129.137400333000073, 0.727841029000047, 0.0 ], [ 129.139877540000043, 0.727333474000034, 0.0 ], [ 129.139927810000017, 0.725144906000025, 0.0 ], [ 129.135292319000087, 0.72576065100003, 0.0 ], [ 129.133620423000025, 0.727678896000043, 0.0 ], [ 129.13472600700004, 0.728494651000062, 0.0 ] ] ] ] } },
{ "type": "Feature", "properties": { "OBJECTID": 96, "NAMOBJ": "Pulau Morotai", "WADMPR": "Maluku Utara", "LUAS_KM": 2335.6896, "COLOR": "#c84cca", "S_DATA": "Badan Informasi Geospasial (BIG)" }, "geometry": { "type": "MultiPolygon", "coordinates": [ [ [ [ 128.228847930000029, 1.962637422000057, 0.0 ], [ 128.227058166, 1.964417375000039, 0.0 ], [ 128.229587875000107, 1.967606729000067, 0.0 ], [ 128.231823487000042, 1.968871549000028, 0.0 ], [ 128.234155393000037, 1.967656715000032, 0.0 ], [ 128.233975729, 1.965167361000056, 0.0 ], [ 128.228847930000029, 1.962637422000057, 0.0 ] ] ], [ [ [ 128.213803847, 1.999949798000046, 0.0 ], [ 128.213554004000116, 2.000348358000053, 0.0 ], [ 128.214119126000014, 2.00048517700003, 0.0 ], [ 128.214166715000033, 2.000223436000056, 0.0 ], [ 128.213803847, 1.999949798000046, 0.0 ] ] ], [ [ [ 128.224753832000033, 2.01961766900007, 0.0 ], [ 128.223185017000105, 2.016830855000023, 0.0 ], [ 128.221229349000055, 2.01711713800006, 0.0 ], [ 128.221314077000102, 2.019041569000024, 0.0 ], [ 128.224753832000033, 2.01961766900007, 0.0 ] ] ], [ [ [ 128.255504096000095, 2.04150773300006, 0.0 ], [ 128.25559751000003, 2.042112096000039, 0.0 ], [ 128.255715531000078, 2.042203467000036, 0.0 ], [ 128.255862106000109, 2.042007400000045, 0.0 ], [ 128.255504096000095, 2.04150773300006, 0.0 ] ] ], [ [ [ 128.257163005000052, 2.045110217000058, 0.0 ], [ 128.257046887000115, 2.045146385000066, 0.0 ], [ 128.257227725, 2.045532809000065, 0.0 ], [ 128.257233437000082, 2.045260599000073, 0.0 ], [ 128.257163005000052, 2.045110217000058, 0.0 ] ] ], [ [ [ 128.255274286000031, 2.052681149000023, 0.0 ], [ 128.25555324600009, 2.052688598000032, 0.0 ], [ 128.255582276000041, 2.052429582000059, 0.0 ], [ 128.25520981000011, 2.052374548000046, 0.0 ], [ 128.255274286000031, 2.052681149000023, 0.0 ] ] ], [ [ [ 128.25496066200003, 2.052759197000057, 0.0 ], [ 128.25480303300003, 2.052690623000046, 0.0 ], [ 128.254705542000011, 2.052830952000022, 0.0 ], [ 128.254911924000112, 2.052924555000061, 0.0 ], [ 128.25496066200003, 2.052759197000057, 0.0 ] ] ], [ [ [ 128.255128296000066, 2.052961365000044, 0.0 ], [ 128.254980553000109, 2.053046238000036, 0.0 ], [ 128.255178962000059, 2.053203581000048, 0.0 ], [ 128.255247965000081, 2.053053825000063, 0.0 ], [ 128.255128296000066, 2.052961365000044, 0.0 ] ] ], [ [ [ 128.270113475000016, 2.05447521800005, 0.0 ], [ 128.273431880000089, 2.046729198000037, 0.0 ], [ 128.272725287000071, 2.043993335000039, 0.0 ], [ 128.270177267, 2.045686646000036, 0.0 ], [ 128.268130793000068, 2.051914385000032, 0.0 ], [ 128.268199982000056, 2.055019082000058, 0.0 ], [ 128.270113475000016, 2.05447521800005, 0.0 ] ] ], [ [ [ 128.213600777000011, 2.053325184000073, 0.0 ], [ 128.209741185000098, 2.054484362000039, 0.0 ], [ 128.209518865000064, 2.058038060000058, 0.0 ], [ 128.211272879000035, 2.057337732000065, 0.0 ], [ 128.213600777000011, 2.053325184000073, 0.0 ] ] ], [ [ [ 128.278276358000085, 2.059284346000027, 0.0 ], [ 128.280605004000108, 2.056414914000072, 0.0 ], [ 128.278468486000065, 2.053604693000068, 0.0 ], [ 128.275580707000017, 2.054941540000073, 0.0 ], [ 128.274116202000073, 2.057702679000045, 0.0 ], [ 128.276274610000087, 2.060781855000073, 0.0 ], [ 128.278276358000085, 2.059284346000027, 0.0 ] ] ], [ [ [ 128.248093615000016, 2.06192575700004, 0.0 ], [ 128.250504975000013, 2.058962676000021, 0.0 ], [ 128.252915764000022, 2.060150071000066, 0.0 ], [ 128.255087950000075, 2.059103999000058, 0.0 ], [ 128.256464290000054, 2.055694930000072, 0.0 ], [ 128.255088865000062, 2.053359063000073, 0.0 ], [ 128.25275578500009, 2.053774073000056, 0.0 ], [ 128.251461935000066, 2.057665863000068, 0.0 ], [ 128.248591488000102, 2.054976151000062, 0.0 ], [ 128.244827978000103, 2.057270302000063, 0.0 ], [ 128.24443980500007, 2.061089312000036, 0.0 ], [ 128.248093615000016, 2.06192575700004, 0.0 ] ] ], [ [ [ 128.268426393000027, 2.067861085000061, 0.0 ], [ 128.272407390000012, 2.065207803000021, 0.0 ], [ 128.273236539000095, 2.063230404000024, 0.0 ], [ 128.270854672000041, 2.06190349000002, 0.0 ], [ 128.268429394, 2.063343416000066, 0.0 ], [ 128.266767287000107, 2.066972849000024, 0.0 ], [ 128.268426393000027, 2.067861085000061, 0.0 ] ] ], [ [ [ 128.271246819000112, 2.078186318000064, 0.0 ], [ 128.273204474000067, 2.07750496400007, 0.0 ], [ 128.273756320000075, 2.075337533000038, 0.0 ], [ 128.270159401000114, 2.07630021500006, 0.0 ], [ 128.269586851000099, 2.077869341000053, 0.0 ], [ 128.271246819000112, 2.078186318000064, 0.0 ] ] ], [ [ [ 128.195040031000076, 2.075691229000029, 0.0 ], [ 128.19369939, 2.077477800000054, 0.0 ], [ 128.194390572000088, 2.079209065000043, 0.0 ], [ 128.194503433000023, 2.077742046000026, 0.0 ], [ 128.195040031000076, 2.075691229000029, 0.0 ] ] ], [ [ [ 128.280761538000093, 2.083026764000067, 0.0 ], [ 128.281120765000082, 2.080368369000041, 0.0 ], [ 128.279235979000077, 2.079953821000061, 0.0 ], [ 128.278502608000053, 2.081736488000047, 0.0 ], [ 128.280761538000093, 2.083026764000067, 0.0 ] ] ], [ [ [ 128.189312615000063, 2.094331675000035, 0.0 ], [ 128.193265310000015, 2.090490403000047, 0.0 ], [ 128.194640547000063, 2.08541578300003, 0.0 ], [ 128.193633925000086, 2.082567552000057, 0.0 ], [ 128.191326470000035, 2.086873612000034, 0.0 ], [ 128.185942398000066, 2.088577662000034, 0.0 ], [ 128.184952034000048, 2.09211934700005, 0.0 ], [ 128.183349994000082, 2.092967742000042, 0.0 ], [ 128.183886613000027, 2.094179494000059, 0.0 ], [ 128.184872981000012, 2.092416056000047, 0.0 ], [ 128.187918665000097, 2.092697165000061, 0.0 ], [ 128.189312615000063, 2.094331675000035, 0.0 ] ] ], [ [ [ 128.207329394000112, 2.123576215000071, 0.0 ], [ 128.210804624000048, 2.121582083000021, 0.0 ], [ 128.213563863000104, 2.12097224300004, 0.0 ], [ 128.209589111000014, 2.121335990000034, 0.0 ], [ 128.207329394000112, 2.123576215000071, 0.0 ] ] ], [ [ [ 128.226127340000062, 2.124262183000042, 0.0 ], [ 128.226816699000096, 2.121676110000067, 0.0 ], [ 128.225492456000097, 2.116374508000035, 0.0 ], [ 128.223257494000109, 2.117208264000055, 0.0 ], [ 128.222712723000086, 2.120017032000021, 0.0 ], [ 128.22336675400004, 2.122563614000057, 0.0 ], [ 128.226127340000062, 2.124262183000042, 0.0 ] ] ], [ [ [ 128.194466229000113, 2.125971379000021, 0.0 ], [ 128.192353507, 2.121588956000039, 0.0 ], [ 128.187684215000104, 2.125615938000067, 0.0 ], [ 128.195899045000033, 2.126811214000043, 0.0 ], [ 128.194466229000113, 2.125971379000021, 0.0 ] ] ], [ [ [ 128.185266420000062, 2.126908338000021, 0.0 ], [ 128.18415445800008, 2.125857344000053, 0.0 ], [ 128.183431632000065, 2.126213094000036, 0.0 ], [ 128.184072440000023, 2.128216618000067, 0.0 ], [ 128.185266420000062, 2.126908338000021, 0.0 ] ] ], [ [ [ 128.224777117000031, 2.140909437000062, 0.0 ], [ 128.22737762700001, 2.139230051000027, 0.0 ], [ 128.231978216000016, 2.132539669000039, 0.0 ], [ 128.224672595000015, 2.126611599000057, 0.0 ], [ 128.221992103000048, 2.129095756000027, 0.0 ], [ 128.221343021000052, 2.135401018000039, 0.0 ], [ 128.22180481700002, 2.139345678000041, 0.0 ], [ 128.224777117000031, 2.140909437000062, 0.0 ] ] ], [ [ [ 128.219483876000027, 2.171183908000046, 0.0 ], [ 128.217947466000055, 2.171737882000059, 0.0 ], [ 128.21765972500009, 2.174218151000048, 0.0 ], [ 128.221321201000023, 2.171876764000046, 0.0 ], [ 128.219483876000027, 2.171183908000046, 0.0 ] ] ], [ [ [ 128.235764109000115, 2.207186272000058, 0.0 ], [ 128.236357547000011, 2.204811790000065, 0.0 ], [ 128.235297869000078, 2.203713266000022, 0.0 ], [ 128.233298628000057, 2.207076051000058, 0.0 ], [ 128.233897248000062, 2.208160878000058, 0.0 ], [ 128.235764109000115, 2.207186272000058, 0.0 ] ] ], [ [ [ 128.210895100000016, 2.191961151000044, 0.0 ], [ 128.207019372000104, 2.19391407300003, 0.0 ], [ 128.205267946000049, 2.200794208000048, 0.0 ], [ 128.20626396800003, 2.204939362000061, 0.0 ], [ 128.210528503000091, 2.209438204000037, 0.0 ], [ 128.214289756000085, 2.20099644000004, 0.0 ], [ 128.214037101000031, 2.197963793000042, 0.0 ], [ 128.210895100000016, 2.191961151000044, 0.0 ] ] ], [ [ [ 128.209406674000093, 2.21498490700003, 0.0 ], [ 128.209366703000114, 2.214127511000072, 0.0 ], [ 128.208404262000045, 2.213769495000065, 0.0 ], [ 128.208542197000043, 2.214959477000036, 0.0 ], [ 128.209406674000093, 2.21498490700003, 0.0 ] ] ], [ [ [ 128.158773389000089, 2.286934885000051, 0.0 ], [ 128.16010678400005, 2.285308106000059, 0.0 ], [ 128.15918557100008, 2.283943282000052, 0.0 ], [ 128.150900084000114, 2.282825419000062, 0.0 ], [ 128.15258174600001, 2.285788339000021, 0.0 ], [ 128.158773389000089, 2.286934885000051, 0.0 ] ] ], [ [ [ 128.64914168700011, 2.293804703000035, 0.0 ], [ 128.648598960000072, 2.294537038000044, 0.0 ], [ 128.648691565000036, 2.295355702000052, 0.0 ], [ 128.649455525, 2.294910665000032, 0.0 ], [ 128.64914168700011, 2.293804703000035, 0.0 ] ] ], [ [ [ 128.186273325000116, 2.364327512000045, 0.0 ], [ 128.185321541, 2.364464331000022, 0.0 ], [ 128.185379370000078, 2.365264334000074, 0.0 ], [ 128.186074640000015, 2.365130580000027, 0.0 ], [ 128.186273325000116, 2.364327512000045, 0.0 ] ] ], [ [ [ 128.185587842000018, 2.366510172000062, 0.0 ], [ 128.185411762000058, 2.366619627000034, 0.0 ], [ 128.185806753000065, 2.367162144000076, 0.0 ], [ 128.186001869000052, 2.366895644000067, 0.0 ], [ 128.185587842000018, 2.366510172000062, 0.0 ] ] ], [ [ [ 128.683718469000041, 2.380915689000062, 0.0 ], [ 128.681279354000026, 2.380340638000064, 0.0 ], [ 128.680880687000013, 2.380597868000052, 0.0 ], [ 128.683384865000107, 2.382836553000061, 0.0 ], [ 128.683718469000041, 2.380915689000062, 0.0 ] ] ], [ [ [ 128.173850344000016, 2.392517873000031, 0.0 ], [ 128.17788706500005, 2.386862114000053, 0.0 ], [ 128.17821106100007, 2.38221655600006, 0.0 ], [ 128.176259634000075, 2.374532302000034, 0.0 ], [ 128.179959063000069, 2.371755676000021, 0.0 ], [ 128.182146360000047, 2.366831181000066, 0.0 ], [ 128.184666580000112, 2.366308498000024, 0.0 ], [ 128.182088093000061, 2.356606167000052, 0.0 ], [ 128.181963383000038, 2.350114954000048, 0.0 ], [ 128.179580692000059, 2.347442417000025, 0.0 ], [ 128.181683698000029, 2.34004059800003, 0.0 ], [ 128.177961818000085, 2.332513290000065, 0.0 ], [ 128.179457018000107, 2.326848783000059, 0.0 ], [ 128.177716329000077, 2.325002386000051, 0.0 ], [ 128.179608939000104, 2.323359167000035, 0.0 ], [ 128.178182715000048, 2.320859534000022, 0.0 ], [ 128.178976593000016, 2.318217587000049, 0.0 ], [ 128.176537634000056, 2.314159204000021, 0.0 ], [ 128.181423092000045, 2.309157263000031, 0.0 ], [ 128.18636949100005, 2.309906888000057, 0.0 ], [ 128.188470155000118, 2.306368119000069, 0.0 ], [ 128.179372037, 2.291798478000032, 0.0 ], [ 128.171109733000094, 2.291566313000033, 0.0 ], [ 128.160945847000107, 2.288059901000054, 0.0 ], [ 128.158701268000073, 2.29151715200004, 0.0 ], [ 128.151675989000069, 2.291794218000064, 0.0 ], [ 128.146695137000052, 2.295183984000062, 0.0 ], [ 128.144119492000073, 2.295128583000064, 0.0 ], [ 128.138715904000037, 2.29914035500002, 0.0 ], [ 128.135701406000067, 2.306743746000052, 0.0 ], [ 128.129908547000014, 2.31494377100006, 0.0 ], [ 128.130736419000073, 2.323004249000064, 0.0 ], [ 128.12570146500002, 2.327052046000063, 0.0 ], [ 128.125022140000056, 2.332836600000064, 0.0 ], [ 128.128256195000063, 2.341816469000037, 0.0 ], [ 128.131534177000049, 2.339405910000039, 0.0 ], [ 128.134838846000093, 2.340025475000061, 0.0 ], [ 128.136215253000046, 2.342137360000038, 0.0 ], [ 128.135633743000085, 2.347522284000036, 0.0 ], [ 128.131114118000028, 2.349192493000032, 0.0 ], [ 128.131689148000078, 2.354333998000072, 0.0 ], [ 128.137222265000105, 2.364540773000044, 0.0 ], [ 128.141190373000086, 2.365979325000069, 0.0 ], [ 128.143365349000078, 2.369664218000025, 0.0 ], [ 128.144952944000011, 2.376651727000024, 0.0 ], [ 128.141488762000108, 2.379866379000021, 0.0 ], [ 128.141642476000015, 2.385251766000067, 0.0 ], [ 128.145335740000064, 2.392570897000041, 0.0 ], [ 128.152276012000016, 2.401708702000064, 0.0 ], [ 128.153829562000055, 2.406068177000066, 0.0 ], [ 128.160261663000028, 2.410417543000051, 0.0 ], [ 128.166278291000026, 2.412625652000031, 0.0 ], [ 128.170645003000118, 2.404492900000037, 0.0 ], [ 128.173850344000016, 2.392517873000031, 0.0 ] ] ], [ [ [ 128.167997386000025, 2.414845464000052, 0.0 ], [ 128.167762400000015, 2.413868781000076, 0.0 ], [ 128.165628287000118, 2.413242769000021, 0.0 ], [ 128.165991423000037, 2.414786784000057, 0.0 ], [ 128.168132503000038, 2.415700019000042, 0.0 ], [ 128.167997386000025, 2.414845464000052, 0.0 ] ] ], [ [ [ 128.669987645000106, 2.502838370000063, 0.0 ], [ 128.669660328000077, 2.503125530000034, 0.0 ], [ 128.67062412700011, 2.503472858000066, 0.0 ], [ 128.670582551000052, 2.503179621000072, 0.0 ], [ 128.669987645000106, 2.502838370000063, 0.0 ] ] ], [ [ [ 128.591893526000035, 2.611850804000028, 0.0 ], [ 128.594099675000052, 2.612612707000039, 0.0 ], [ 128.598321063000071, 2.608240846000058, 0.0 ], [ 128.609974352000108, 2.584561577000045, 0.0 ], [ 128.61098938400005, 2.580913939000027, 0.0 ], [ 128.607733572000029, 2.580417444000034, 0.0 ], [ 128.606105434000028, 2.577451949000022, 0.0 ], [ 128.606821626000055, 2.572446724000031, 0.0 ], [ 128.610240465000061, 2.568981745000031, 0.0 ], [ 128.612004118000073, 2.569207830000039, 0.0 ], [ 128.615164679000031, 2.565507636000063, 0.0 ], [ 128.621841609000057, 2.562619277000067, 0.0 ], [ 128.625358440000014, 2.561620958000049, 0.0 ], [ 128.629314495000017, 2.564386809000041, 0.0 ], [ 128.630451366000102, 2.563028729000052, 0.0 ], [ 128.631823342000075, 2.550965, 0.0 ], [ 128.635806359000071, 2.542432680000047, 0.0 ], [ 128.635021577000089, 2.540200353000046, 0.0 ], [ 128.630774116000111, 2.537099329000057, 0.0 ], [ 128.632488711000065, 2.533617020000065, 0.0 ], [ 128.634166597000103, 2.533695293000051, 0.0 ], [ 128.637321114000088, 2.530087714000047, 0.0 ], [ 128.639736428000106, 2.531506645000036, 0.0 ], [ 128.639837220000118, 2.532805244000031, 0.0 ], [ 128.644037678000018, 2.533763883000063, 0.0 ], [ 128.651650499000084, 2.523550926000041, 0.0 ], [ 128.653155808000065, 2.523700935000022, 0.0 ], [ 128.653428799000039, 2.526375948000066, 0.0 ], [ 128.655552879000084, 2.526651790000074, 0.0 ], [ 128.658825955000111, 2.524462437000068, 0.0 ], [ 128.660974589000034, 2.521823965000067, 0.0 ], [ 128.661493089000032, 2.518532784000058, 0.0 ], [ 128.660994474000063, 2.513948747000029, 0.0 ], [ 128.659596278000095, 2.513780823000047, 0.0 ], [ 128.659013340000115, 2.513176265000027, 0.0 ], [ 128.661321841000017, 2.513488048000056, 0.0 ], [ 128.667332792000025, 2.507565227000043, 0.0 ], [ 128.669463822000012, 2.503759807000051, 0.0 ], [ 128.670208782000032, 2.498870888000056, 0.0 ], [ 128.673945299000025, 2.498937653000041, 0.0 ], [ 128.678542949000075, 2.505587264000042, 0.0 ], [ 128.687629358000095, 2.501933110000039, 0.0 ], [ 128.690208174000077, 2.491245888000037, 0.0 ], [ 128.692589925000107, 2.459393973000033, 0.0 ], [ 128.689634239000043, 2.458794862000047, 0.0 ], [ 128.688758133000078, 2.460120764000067, 0.0 ], [ 128.687359512000057, 2.456874586000026, 0.0 ], [ 128.692241280000076, 2.443729556000051, 0.0 ], [ 128.690277163000019, 2.436514506000037, 0.0 ], [ 128.687635842000077, 2.435159063000071, 0.0 ], [ 128.688593208000043, 2.432253340000045, 0.0 ], [ 128.686856035000119, 2.43176462200006, 0.0 ], [ 128.689231560000053, 2.429826282000022, 0.0 ], [ 128.689726351000104, 2.430774299000063, 0.0 ], [ 128.690344986000014, 2.431315417000064, 0.0 ], [ 128.690773319000073, 2.431483074000028, 0.0 ], [ 128.689488646000086, 2.429553460000022, 0.0 ], [ 128.692863791000036, 2.427189264000049, 0.0 ], [ 128.693735640000114, 2.423498384000027, 0.0 ], [ 128.691152118000105, 2.419208292000064, 0.0 ], [ 128.688577541000086, 2.417503390000036, 0.0 ], [ 128.689006518000042, 2.414822550000054, 0.0 ], [ 128.68693638000002, 2.413519902000075, 0.0 ], [ 128.688616856000067, 2.412069711000072, 0.0 ], [ 128.686613339000019, 2.410838889000047, 0.0 ], [ 128.685471700000107, 2.407932679000055, 0.0 ], [ 128.68327763100001, 2.407472579000057, 0.0 ], [ 128.683744409000042, 2.406007747000046, 0.0 ], [ 128.678033640000081, 2.402851517000045, 0.0 ], [ 128.676515987000016, 2.400074473000075, 0.0 ], [ 128.668555960000049, 2.398631555000065, 0.0 ], [ 128.664637361000018, 2.394946706000042, 0.0 ], [ 128.66400322100003, 2.389776179000023, 0.0 ], [ 128.666344947000084, 2.389611589000026, 0.0 ], [ 128.666666354000085, 2.389037181000049, 0.0 ], [ 128.664338903000044, 2.389216138000052, 0.0 ], [ 128.665668828000094, 2.380857696000021, 0.0 ], [ 128.663991831000089, 2.377862780000044, 0.0 ], [ 128.657059943000036, 2.376647465000076, 0.0 ], [ 128.649943826000026, 2.369967283000051, 0.0 ], [ 128.647026833000041, 2.35836912700006, 0.0 ], [ 128.647135472000059, 2.352200623000044, 0.0 ], [ 128.644010298000012, 2.345313188000034, 0.0 ], [ 128.64545974400005, 2.34443746900007, 0.0 ], [ 128.645046668000077, 2.340509324000038, 0.0 ], [ 128.642512949000093, 2.338009668000041, 0.0 ], [ 128.640850774000114, 2.333226656000022, 0.0 ], [ 128.643109295000045, 2.322886507000021, 0.0 ], [ 128.653877906000048, 2.310142800000051, 0.0 ], [ 128.648639608000053, 2.303470297000047, 0.0 ], [ 128.647426963000044, 2.29957067600003, 0.0 ], [ 128.648506524000027, 2.293028991000028, 0.0 ], [ 128.645609449000062, 2.28785072300002, 0.0 ], [ 128.64371780700003, 2.287326034000046, 0.0 ], [ 128.641043320000108, 2.277056443000049, 0.0 ], [ 128.638152683000044, 2.274901397000065, 0.0 ], [ 128.634150147000014, 2.265880972000048, 0.0 ], [ 128.630175225000016, 2.260745501000031, 0.0 ], [ 128.629093285000067, 2.253872827000066, 0.0 ], [ 128.627933352000014, 2.253531430000066, 0.0 ], [ 128.627530113000034, 2.248486634000074, 0.0 ], [ 128.624694235000106, 2.241837445000044, 0.0 ], [ 128.623827959000096, 2.233034445000044, 0.0 ], [ 128.621609712, 2.230574362000027, 0.0 ], [ 128.621760256000016, 2.223411300000066, 0.0 ], [ 128.624509666000108, 2.218995656000061, 0.0 ], [ 128.623475564000046, 2.215171479000048, 0.0 ], [ 128.618980168, 2.208162813000058, 0.0 ], [ 128.611421237000059, 2.20133885100006, 0.0 ], [ 128.610036171000047, 2.197652217000041, 0.0 ], [ 128.60483745800002, 2.19634628600005, 0.0 ], [ 128.602381243000082, 2.194287066000072, 0.0 ], [ 128.600973251000028, 2.187422812000023, 0.0 ], [ 128.592790482000055, 2.174584678000031, 0.0 ], [ 128.593880741000021, 2.168259678000027, 0.0 ], [ 128.586197259000073, 2.161208209000051, 0.0 ], [ 128.583725973000014, 2.149221199000067, 0.0 ], [ 128.579848242000025, 2.147002990000033, 0.0 ], [ 128.576060974000029, 2.140332564000062, 0.0 ], [ 128.574962933000052, 2.135407103000034, 0.0 ], [ 128.579366864, 2.127371556000071, 0.0 ], [ 128.579488581000078, 2.117192485000032, 0.0 ], [ 128.577717483000015, 2.111722453000027, 0.0 ], [ 128.573311243000035, 2.106616733000067, 0.0 ], [ 128.568791309000062, 2.104084173000047, 0.0 ], [ 128.565549660000102, 2.103682328000048, 0.0 ], [ 128.56211702600001, 2.105596299000069, 0.0 ], [ 128.560951566000085, 2.104225593000024, 0.0 ], [ 128.560986735000029, 2.106080697000039, 0.0 ], [ 128.548864840000078, 2.104341808000072, 0.0 ], [ 128.544625016000055, 2.10013370300004, 0.0 ], [ 128.542587220000087, 2.091797168000028, 0.0 ], [ 128.53750264700011, 2.08815131700004, 0.0 ], [ 128.533162409000056, 2.081794855000055, 0.0 ], [ 128.531211712000072, 2.080878698000049, 0.0 ], [ 128.52745819200004, 2.081852987000048, 0.0 ], [ 128.525156750000065, 2.080314366000039, 0.0 ], [ 128.522519346000081, 2.068530783000028, 0.0 ], [ 128.51003687900004, 2.060687739000059, 0.0 ], [ 128.505082706000053, 2.059106388000032, 0.0 ], [ 128.49480514000004, 2.05749940000004, 0.0 ], [ 128.489182840000012, 2.062183163000043, 0.0 ], [ 128.485923267000089, 2.062469345000068, 0.0 ], [ 128.481772074000105, 2.060983932000056, 0.0 ], [ 128.479114726000034, 2.056716392000055, 0.0 ], [ 128.471127505000027, 2.05415255500003, 0.0 ], [ 128.466737498000043, 2.05550349300006, 0.0 ], [ 128.456150431000083, 2.054883541000038, 0.0 ], [ 128.449736890000054, 2.059860086000072, 0.0 ], [ 128.445775127000047, 2.061175201000026, 0.0 ], [ 128.435057011000026, 2.061129525000069, 0.0 ], [ 128.431411610000055, 2.059261193000054, 0.0 ], [ 128.426807869000072, 2.059468977000051, 0.0 ], [ 128.425565292000101, 2.057984481000062, 0.0 ], [ 128.418725112000061, 2.058317095000064, 0.0 ], [ 128.413432035000028, 2.05686700800004, 0.0 ], [ 128.400691533000099, 2.057376873000067, 0.0 ], [ 128.383052256000042, 2.052098201000035, 0.0 ], [ 128.374060957000097, 2.047492993000049, 0.0 ], [ 128.360996014000079, 2.044617093000056, 0.0 ], [ 128.345868661000054, 2.037933347000035, 0.0 ], [ 128.333417762000067, 2.038094425000054, 0.0 ], [ 128.323563191000062, 2.034683261000055, 0.0 ], [ 128.309036860000106, 2.034307570000067, 0.0 ], [ 128.300515518000111, 2.036032078000062, 0.0 ], [ 128.297262550000028, 2.034766663000028, 0.0 ], [ 128.293010920000029, 2.029791770000031, 0.0 ], [ 128.294152286000099, 2.013306345000046, 0.0 ], [ 128.290349676000119, 2.012847866000072, 0.0 ], [ 128.292376473000104, 2.00891335700004, 0.0 ], [ 128.280841024000097, 1.999130459000071, 0.0 ], [ 128.276892621000115, 1.993105520000029, 0.0 ], [ 128.270937494, 1.989111151000031, 0.0 ], [ 128.269833127000084, 1.986601778000022, 0.0 ], [ 128.259842814000081, 1.980553806000046, 0.0 ], [ 128.270410547000097, 1.997057078000068, 0.0 ], [ 128.278044353000041, 2.005642945000034, 0.0 ], [ 128.279927347000012, 2.013647563000063, 0.0 ], [ 128.283546965000028, 2.018918798000072, 0.0 ], [ 128.287591926000118, 2.02948325400007, 0.0 ], [ 128.28764177700009, 2.037137843000039, 0.0 ], [ 128.291737982000086, 2.045607327000027, 0.0 ], [ 128.290479456000071, 2.050892845000021, 0.0 ], [ 128.29312544600009, 2.05447663700005, 0.0 ], [ 128.291481526000098, 2.062219968000022, 0.0 ], [ 128.284494943000027, 2.070077906000051, 0.0 ], [ 128.284099018, 2.074303176000058, 0.0 ], [ 128.286033613000086, 2.076806370000043, 0.0 ], [ 128.282096932000059, 2.081449027000076, 0.0 ], [ 128.2789136130001, 2.087915258000066, 0.0 ], [ 128.275051104000113, 2.086702815000024, 0.0 ], [ 128.271574658000077, 2.082449931000042, 0.0 ], [ 128.270182526000099, 2.082415549000075, 0.0 ], [ 128.253270093000083, 2.093804033000026, 0.0 ], [ 128.254431154000031, 2.102050005000024, 0.0 ], [ 128.249475741000083, 2.110558968000021, 0.0 ], [ 128.250875404000112, 2.117890103000036, 0.0 ], [ 128.245899536000024, 2.124251747000073, 0.0 ], [ 128.248270405000085, 2.14301462800006, 0.0 ], [ 128.245701408000059, 2.147330693000072, 0.0 ], [ 128.246602177000113, 2.14855506300006, 0.0 ], [ 128.245346132, 2.148595392000061, 0.0 ], [ 128.244410131000109, 2.150989310000057, 0.0 ], [ 128.243530059000022, 2.162960013000031, 0.0 ], [ 128.248266474000047, 2.173931484000036, 0.0 ], [ 128.249172393000094, 2.190229578000071, 0.0 ], [ 128.247449081000013, 2.192625277000047, 0.0 ], [ 128.248634223000067, 2.196712408000053, 0.0 ], [ 128.247444914000084, 2.197268112000074, 0.0 ], [ 128.247998072000087, 2.198902743000076, 0.0 ], [ 128.242220573000054, 2.202008500000034, 0.0 ], [ 128.239735135000046, 2.205012127000032, 0.0 ], [ 128.244911385000023, 2.213054140000054, 0.0 ], [ 128.244084631000078, 2.221609292000039, 0.0 ], [ 128.245867788000055, 2.233999747000041, 0.0 ], [ 128.246737864000011, 2.235316975000046, 0.0 ], [ 128.248061673000052, 2.234901553000043, 0.0 ], [ 128.249508702000071, 2.238049833000048, 0.0 ], [ 128.248801972000024, 2.242846103000034, 0.0 ], [ 128.245575305000102, 2.243361436000043, 0.0 ], [ 128.249104076000094, 2.247652467000023, 0.0 ], [ 128.246658505000028, 2.246846975000039, 0.0 ], [ 128.245411383000032, 2.24750694200003, 0.0 ], [ 128.24598112700005, 2.250044377000052, 0.0 ], [ 128.241003575000036, 2.249898170000051, 0.0 ], [ 128.235158927000043, 2.251704603000064, 0.0 ], [ 128.233994039000095, 2.25889412600003, 0.0 ], [ 128.230663047, 2.258653004000053, 0.0 ], [ 128.228292913000018, 2.263333127000067, 0.0 ], [ 128.228727423, 2.265063873000031, 0.0 ], [ 128.222586372000023, 2.269297093000034, 0.0 ], [ 128.224490104000097, 2.273333588000071, 0.0 ], [ 128.222017917000016, 2.277777006000065, 0.0 ], [ 128.219397550000053, 2.278989091000028, 0.0 ], [ 128.218662967000114, 2.27778236100005, 0.0 ], [ 128.217419847000087, 2.279777871000022, 0.0 ], [ 128.21535661900009, 2.280315281000071, 0.0 ], [ 128.211631600000032, 2.278266786000074, 0.0 ], [ 128.204336981000097, 2.277200038000046, 0.0 ], [ 128.197219259, 2.27898401300007, 0.0 ], [ 128.200941338, 2.286295847000076, 0.0 ], [ 128.199877509000089, 2.28672608200003, 0.0 ], [ 128.201383552000038, 2.286935160000041, 0.0 ], [ 128.204193297000074, 2.291841017000024, 0.0 ], [ 128.208667415000036, 2.29466545400004, 0.0 ], [ 128.216756743000019, 2.304665229000022, 0.0 ], [ 128.223293800000079, 2.30769183600006, 0.0 ], [ 128.227569495000012, 2.308010121000052, 0.0 ], [ 128.230858520000083, 2.311271885000053, 0.0 ], [ 128.23206234700001, 2.316026067000053, 0.0 ], [ 128.241012524000098, 2.31861592000007, 0.0 ], [ 128.241967440000053, 2.321682539000051, 0.0 ], [ 128.246199294, 2.324025683000059, 0.0 ], [ 128.24968082800001, 2.327876339000056, 0.0 ], [ 128.24840146400004, 2.330848414000059, 0.0 ], [ 128.2490002830001, 2.332385380000062, 0.0 ], [ 128.255078940000089, 2.338750632000028, 0.0 ], [ 128.262465862000113, 2.341583713000034, 0.0 ], [ 128.262028778000058, 2.344699862000027, 0.0 ], [ 128.265531100000089, 2.349922015000061, 0.0 ], [ 128.275092466000046, 2.358428893000053, 0.0 ], [ 128.275673982000058, 2.363119580000046, 0.0 ], [ 128.284521492000067, 2.371874991000027, 0.0 ], [ 128.288305507000018, 2.380254365000042, 0.0 ], [ 128.287466248000101, 2.383442133000074, 0.0 ], [ 128.286047697000072, 2.384034994000046, 0.0 ], [ 128.286787178000054, 2.389770314000032, 0.0 ], [ 128.298452057000077, 2.409786222000037, 0.0 ], [ 128.298551366000083, 2.413352664000058, 0.0 ], [ 128.296313545000089, 2.415170599000021, 0.0 ], [ 128.295788069000082, 2.418952133000062, 0.0 ], [ 128.297344771000098, 2.422806560000026, 0.0 ], [ 128.295474945000024, 2.426240326000027, 0.0 ], [ 128.293593810000061, 2.427144579000071, 0.0 ], [ 128.298844535000057, 2.434174790000043, 0.0 ], [ 128.296653243000037, 2.43796502400005, 0.0 ], [ 128.297841110000036, 2.441795325000044, 0.0 ], [ 128.305197398000018, 2.445293757000059, 0.0 ], [ 128.30659520200004, 2.448166747000073, 0.0 ], [ 128.308013467000023, 2.448272800000041, 0.0 ], [ 128.309239849000051, 2.451318038000068, 0.0 ], [ 128.310524917000066, 2.451299555000048, 0.0 ], [ 128.310038607000024, 2.452946070000053, 0.0 ], [ 128.312225530000092, 2.457715165000025, 0.0 ], [ 128.317172574000097, 2.463299495000058, 0.0 ], [ 128.319904616000031, 2.463157287000058, 0.0 ], [ 128.319075904000101, 2.464248324000039, 0.0 ], [ 128.321341178000011, 2.464766495000049, 0.0 ], [ 128.321149904000094, 2.466528058000051, 0.0 ], [ 128.324327973000095, 2.469114731000047, 0.0 ], [ 128.322689868000111, 2.470731940000064, 0.0 ], [ 128.324963878000062, 2.472829864000062, 0.0 ], [ 128.328333778000115, 2.472582652000028, 0.0 ], [ 128.330379601000118, 2.474163443000066, 0.0 ], [ 128.33318823500008, 2.473197865000031, 0.0 ], [ 128.333985416000019, 2.478061994000029, 0.0 ], [ 128.336754237000036, 2.480600572000071, 0.0 ], [ 128.341133082000056, 2.480593197000076, 0.0 ], [ 128.342670541000075, 2.483994431000042, 0.0 ], [ 128.352425560000029, 2.488553049000075, 0.0 ], [ 128.352734263000116, 2.48993549100004, 0.0 ], [ 128.350044478000086, 2.491118979000021, 0.0 ], [ 128.349435988000096, 2.494445744000075, 0.0 ], [ 128.353474656000117, 2.496703689000071, 0.0 ], [ 128.356179882000106, 2.500486874000046, 0.0 ], [ 128.361425603000043, 2.504307207000068, 0.0 ], [ 128.361751498000103, 2.507065966000027, 0.0 ], [ 128.364244104000022, 2.507689516000028, 0.0 ], [ 128.368671400000039, 2.506135843000038, 0.0 ], [ 128.372865368000021, 2.507280804000061, 0.0 ], [ 128.373818234000055, 2.505348444000049, 0.0 ], [ 128.375555380000037, 2.505678395000075, 0.0 ], [ 128.377392311000108, 2.508886678000067, 0.0 ], [ 128.376118412000096, 2.51029230000006, 0.0 ], [ 128.376730271000042, 2.512315173000047, 0.0 ], [ 128.380513572000041, 2.513818957000069, 0.0 ], [ 128.3819871500001, 2.517960565000067, 0.0 ], [ 128.385729685000115, 2.517633225000054, 0.0 ], [ 128.389512080000031, 2.521147605000067, 0.0 ], [ 128.394134533000056, 2.522244845000046, 0.0 ], [ 128.397821828000019, 2.525633500000026, 0.0 ], [ 128.402432798000063, 2.525880984000025, 0.0 ], [ 128.403538471000047, 2.528047699000069, 0.0 ], [ 128.408400468000082, 2.525817905000054, 0.0 ], [ 128.413337741000078, 2.528177851000066, 0.0 ], [ 128.412509169000032, 2.531618275000028, 0.0 ], [ 128.410545459000105, 2.532209795000028, 0.0 ], [ 128.413478606000012, 2.532474429000047, 0.0 ], [ 128.414167982000095, 2.534263958000054, 0.0 ], [ 128.416613053000106, 2.53496519600003, 0.0 ], [ 128.415398653000011, 2.536370886000043, 0.0 ], [ 128.417277761000037, 2.538705500000049, 0.0 ], [ 128.416919180000036, 2.54224786900005, 0.0 ], [ 128.420071534000044, 2.544672819000027, 0.0 ], [ 128.419350687000019, 2.546707054000024, 0.0 ], [ 128.420748213000024, 2.54827549700002, 0.0 ], [ 128.420360588000108, 2.550244060000068, 0.0 ], [ 128.427761021000038, 2.553119716000026, 0.0 ], [ 128.426962124000056, 2.556739686000071, 0.0 ], [ 128.430445070000019, 2.565184693000049, 0.0 ], [ 128.429884548000018, 2.567943072000048, 0.0 ], [ 128.433418070000016, 2.569727889000035, 0.0 ], [ 128.433607014000017, 2.573031152000055, 0.0 ], [ 128.435702024000079, 2.571673713000052, 0.0 ], [ 128.435821947000022, 2.569573374000072, 0.0 ], [ 128.439702602000011, 2.56673267900004, 0.0 ], [ 128.445723133000115, 2.568793824000068, 0.0 ], [ 128.447608435, 2.570787328000051, 0.0 ], [ 128.447738278000088, 2.573246821000055, 0.0 ], [ 128.445659815000113, 2.577632210000047, 0.0 ], [ 128.447236442000076, 2.577962021000076, 0.0 ], [ 128.448193114000105, 2.58095445500004, 0.0 ], [ 128.452256571000021, 2.582018387000062, 0.0 ], [ 128.452778376000083, 2.586231375000068, 0.0 ], [ 128.454284692000101, 2.584041869000032, 0.0 ], [ 128.455902908000098, 2.584545226000046, 0.0 ], [ 128.461296182000069, 2.595602462000045, 0.0 ], [ 128.466734018000011, 2.597088824000025, 0.0 ], [ 128.468478024000092, 2.595647406000069, 0.0 ], [ 128.468652524000049, 2.590985903000046, 0.0 ], [ 128.470069369000043, 2.58928463500007, 0.0 ], [ 128.475746711000056, 2.587102826000034, 0.0 ], [ 128.476929883000025, 2.589317419000054, 0.0 ], [ 128.475506054000107, 2.593547557000022, 0.0 ], [ 128.477142105000098, 2.594152628000074, 0.0 ], [ 128.48449425900003, 2.585053894000055, 0.0 ], [ 128.486183979000089, 2.585353785000052, 0.0 ], [ 128.484849461000067, 2.589530122000042, 0.0 ], [ 128.486890206000112, 2.589931887000034, 0.0 ], [ 128.489253789000031, 2.586521925000056, 0.0 ], [ 128.496805560000098, 2.58393385100004, 0.0 ], [ 128.498924749000025, 2.581547045000036, 0.0 ], [ 128.49969971500002, 2.577843204000033, 0.0 ], [ 128.502847582000072, 2.575536552000074, 0.0 ], [ 128.50639878800007, 2.577655908000054, 0.0 ], [ 128.507367805000058, 2.579876383000055, 0.0 ], [ 128.511800338000057, 2.580727841000055, 0.0 ], [ 128.519388505000052, 2.576134957000022, 0.0 ], [ 128.526337984000065, 2.576897555000073, 0.0 ], [ 128.530686219000017, 2.580501607000031, 0.0 ], [ 128.530614047000086, 2.582602003000034, 0.0 ], [ 128.528864835000036, 2.582224353000072, 0.0 ], [ 128.528787366000074, 2.582541482000067, 0.0 ], [ 128.530173578000017, 2.583026711000059, 0.0 ], [ 128.53110026100012, 2.587233885000046, 0.0 ], [ 128.541057194000018, 2.597512274000053, 0.0 ], [ 128.54668300600008, 2.606275069000048, 0.0 ], [ 128.543639164000069, 2.61525612600002, 0.0 ], [ 128.5490496110001, 2.627441763000036, 0.0 ], [ 128.559386748000065, 2.640718268000057, 0.0 ], [ 128.566722132000109, 2.64519100800004, 0.0 ], [ 128.571825262000061, 2.643598328000053, 0.0 ], [ 128.57655348000003, 2.640224902000057, 0.0 ], [ 128.584582401000034, 2.631459651000057, 0.0 ], [ 128.593491885000049, 2.615262294000047, 0.0 ], [ 128.593663818000095, 2.613517370000068, 0.0 ], [ 128.591893526000035, 2.611850804000028, 0.0 ] ] ] ] } },
{ "type": "Feature", "properties": { "OBJECTID": 97, "NAMOBJ": "Pulau Taliabu", "WADMPR": "Maluku Utara", "LUAS_KM": 3000.0788, "COLOR": "#cd3a3c", "S_DATA": "Badan Informasi Geospasial (BIG)" }, "geometry": { "type": "MultiPolygon", "coordinates": [ [ [ [ 124.392494887000112, -2.032676950999928, 0.0 ], [ 124.405165810000085, -2.042317662999949, 0.0 ], [ 124.405598872000041, -2.046914781999931, 0.0 ], [ 124.401765399000055, -2.057457122999949, 0.0 ], [ 124.396735324000019, -2.058569552999927, 0.0 ], [ 124.395345822000081, -2.057435660999943, 0.0 ], [ 124.396724338000013, -2.056795679999937, 0.0 ], [ 124.397246098000096, -2.05504284899996, 0.0 ], [ 124.395606702, -2.05655924499996, 0.0 ], [ 124.393123672000115, -2.053237568999975, 0.0 ], [ 124.390019296000105, -2.054417392999937, 0.0 ], [ 124.38862731100005, -2.061216702999957, 0.0 ], [ 124.390209653000056, -2.061329726999929, 0.0 ], [ 124.390980423000087, -2.058315682999933, 0.0 ], [ 124.394182749000038, -2.061365390999924, 0.0 ], [ 124.394598789000042, -2.063400037999941, 0.0 ], [ 124.387781056000108, -2.073423257999934, 0.0 ], [ 124.3861154330001, -2.068551312999944, 0.0 ], [ 124.374797742000055, -2.059584735999977, 0.0 ], [ 124.373147111000094, -2.054385528999944, 0.0 ], [ 124.373457273000099, -2.047358746999976, 0.0 ], [ 124.378993706000074, -2.03693184499997, 0.0 ], [ 124.382076795000103, -2.036548704999973, 0.0 ], [ 124.382384650000063, -2.039606628999934, 0.0 ], [ 124.380587987000013, -2.042089781999948, 0.0 ], [ 124.379481741000063, -2.04241860299993, 0.0 ], [ 124.379372820000071, -2.042531753999924, 0.0 ], [ 124.379367408, -2.042576981999957, 0.0 ], [ 124.381520344000023, -2.042394229999957, 0.0 ], [ 124.385938312, -2.039264384999967, 0.0 ], [ 124.385177930000054, -2.03608814699993, 0.0 ], [ 124.383489817000054, -2.037709511999935, 0.0 ], [ 124.385245859000065, -2.035014771999954, 0.0 ], [ 124.392494887000112, -2.032676950999928, 0.0 ] ] ], [ [ [ 124.31195196300007, -1.985630512999933, 0.0 ], [ 124.311889145, -1.984956649999958, 0.0 ], [ 124.312677223000037, -1.984722510999973, 0.0 ], [ 124.312311738000062, -1.985390663999965, 0.0 ], [ 124.31195196300007, -1.985630512999933, 0.0 ] ] ], [ [ [ 124.310828613000012, -1.972654959999943, 0.0 ], [ 124.310562114000049, -1.972378941999978, 0.0 ], [ 124.310666810000043, -1.972212379999974, 0.0 ], [ 124.31104752400006, -1.972483637999972, 0.0 ], [ 124.310828613000012, -1.972654959999943, 0.0 ] ] ], [ [ [ 124.698747517000015, -1.972053548999952, 0.0 ], [ 124.699609977000023, -1.97369643899998, 0.0 ], [ 124.698169166000071, -1.974008969999943, 0.0 ], [ 124.697425524000096, -1.972358777999943, 0.0 ], [ 124.698747517000015, -1.972053548999952, 0.0 ] ] ], [ [ [ 124.310818144000109, -1.969911916999934, 0.0 ], [ 124.310928551000075, -1.970536286999959, 0.0 ], [ 124.309934888000043, -1.970307858999945, 0.0 ], [ 124.31020138800011, -1.969938566999929, 0.0 ], [ 124.310818144000109, -1.969911916999934, 0.0 ] ] ], [ [ [ 124.317371423000054, -1.970862625999928, 0.0 ], [ 124.316600478000055, -1.970223026999975, 0.0 ], [ 124.317948204000118, -1.969754749999936, 0.0 ], [ 124.317925362000096, -1.970599933999949, 0.0 ], [ 124.317371423000054, -1.970862625999928, 0.0 ] ] ], [ [ [ 124.312679263000064, -1.967521871999963, 0.0 ], [ 124.312898174000111, -1.968188120999969, 0.0 ], [ 124.312555531000044, -1.968545039999981, 0.0 ], [ 124.312065362000112, -1.968154808999941, 0.0 ], [ 124.312679263000064, -1.967521871999963, 0.0 ] ] ], [ [ [ 124.333495415000016, -1.965818252999952, 0.0 ], [ 124.333369780000112, -1.967343011999958, 0.0 ], [ 124.337595702000044, -1.969090487999949, 0.0 ], [ 124.335477030000106, -1.972065765999957, 0.0 ], [ 124.338657893000118, -1.975069596999958, 0.0 ], [ 124.342675564000047, -1.973264253999957, 0.0 ], [ 124.342804668000099, -1.971127335999938, 0.0 ], [ 124.344253900000012, -1.970306483999934, 0.0 ], [ 124.342460380000034, -1.97001398499998, 0.0 ], [ 124.342900856000028, -1.968724756999961, 0.0 ], [ 124.350705994, -1.968396196999947, 0.0 ], [ 124.355567029000099, -1.972598072999972, 0.0 ], [ 124.36026408500004, -1.970033966999949, 0.0 ], [ 124.361900202000015, -1.971013352999933, 0.0 ], [ 124.366328855, -1.970233840999924, 0.0 ], [ 124.370566199000109, -1.976883958999963, 0.0 ], [ 124.369172787000025, -1.97951659499995, 0.0 ], [ 124.370977370000105, -1.982523280999942, 0.0 ], [ 124.37009506600009, -1.985241576999954, 0.0 ], [ 124.374024032000079, -1.987328840999965, 0.0 ], [ 124.375404119000109, -1.989974801999949, 0.0 ], [ 124.372438359000057, -1.994147423999948, 0.0 ], [ 124.372076681000067, -1.997360647999926, 0.0 ], [ 124.369369806, -1.999016752999978, 0.0 ], [ 124.369906479000065, -2.001747644999966, 0.0 ], [ 124.367856336000045, -2.004208958999925, 0.0 ], [ 124.367759254000021, -2.00682446299993, 0.0 ], [ 124.370054958000082, -2.009080191999942, 0.0 ], [ 124.369438201000094, -2.012963471999967, 0.0 ], [ 124.365269386000023, -2.015464760999976, 0.0 ], [ 124.364532705000101, -2.017166551999935, 0.0 ], [ 124.36822182100002, -2.022306187999959, 0.0 ], [ 124.365429286000108, -2.02562981899996, 0.0 ], [ 124.367862046000027, -2.026383631999977, 0.0 ], [ 124.369997851000107, -2.03102643699998, 0.0 ], [ 124.368393142000059, -2.031837356999972, 0.0 ], [ 124.364903900000058, -2.02717741999993, 0.0 ], [ 124.364589812000077, -2.032785333999925, 0.0 ], [ 124.363202110000088, -2.032928101999971, 0.0 ], [ 124.362456863000034, -2.036420198999963, 0.0 ], [ 124.367239580000046, -2.040017943999942, 0.0 ], [ 124.368952518000015, -2.037001640999961, 0.0 ], [ 124.373314069000116, -2.038957557999936, 0.0 ], [ 124.366785795000055, -2.041016316999958, 0.0 ], [ 124.363356026000019, -2.043804518999934, 0.0 ], [ 124.358794599000021, -2.041441713999973, 0.0 ], [ 124.352655589000051, -2.029377847999967, 0.0 ], [ 124.347351771000035, -2.024944910999977, 0.0 ], [ 124.334888154000055, -2.020797510999955, 0.0 ], [ 124.333646076000036, -2.017556684999931, 0.0 ], [ 124.328595645000064, -2.015122228999928, 0.0 ], [ 124.321318088000112, -2.013630574999979, 0.0 ], [ 124.317206380000016, -2.01564359899993, 0.0 ], [ 124.317977324000026, -2.013901832999977, 0.0 ], [ 124.315807257000074, -2.012823936999951, 0.0 ], [ 124.320832678000102, -2.010318364999932, 0.0 ], [ 124.319769059, -2.00936182099997, 0.0 ], [ 124.31527187800009, -2.011446229999933, 0.0 ], [ 124.313865616000044, -2.010803774999943, 0.0 ], [ 124.314943512000013, -2.009426066999936, 0.0 ], [ 124.314436686000022, -2.007677162999926, 0.0 ], [ 124.319189891000065, -2.001458947999936, 0.0 ], [ 124.318917187000011, -2.000344585999926, 0.0 ], [ 124.315262335000057, -1.999744962999955, 0.0 ], [ 124.315453003000016, -1.997640535999949, 0.0 ], [ 124.309783626000012, -1.998883596999974, 0.0 ], [ 124.309069015000091, -2.001132133999931, 0.0 ], [ 124.310466948000112, -2.005373522999946, 0.0 ], [ 124.308920299000079, -2.010275212999943, 0.0 ], [ 124.305059624000023, -2.007943341999976, 0.0 ], [ 124.305416543000092, -2.005352108999944, 0.0 ], [ 124.304145911000091, -2.003353360999938, 0.0 ], [ 124.305984579000096, -2.000122106999925, 0.0 ], [ 124.304390340000054, -1.999893678999968, 0.0 ], [ 124.303962037000019, -1.997069257999954, 0.0 ], [ 124.305596727000079, -1.990573329999961, 0.0 ], [ 124.308586519000073, -1.98688873499998, 0.0 ], [ 124.309800044000099, -1.988105233999931, 0.0 ], [ 124.311786894000079, -1.98682032499994, 0.0 ], [ 124.31221052, -1.993057299999975, 0.0 ], [ 124.315901633000067, -1.987299578999966, 0.0 ], [ 124.314761630000021, -1.982487086999924, 0.0 ], [ 124.312602983000033, -1.982315765999942, 0.0 ], [ 124.311472264000031, -1.98084240299994, 0.0 ], [ 124.30780599000002, -1.980773874999954, 0.0 ], [ 124.311380893000091, -1.978763705999938, 0.0 ], [ 124.310444337000035, -1.975702767999962, 0.0 ], [ 124.316703271000051, -1.971545373999959, 0.0 ], [ 124.319182178000119, -1.972435213999972, 0.0 ], [ 124.322616519, -1.969042897999941, 0.0 ], [ 124.323748020000039, -1.970029046999969, 0.0 ], [ 124.325671748000104, -1.969490236999945, 0.0 ], [ 124.333495415000016, -1.965818252999952, 0.0 ] ] ], [ [ [ 124.345008943000039, -1.909667131999925, 0.0 ], [ 124.344624423000027, -1.910573229999954, 0.0 ], [ 124.34332999600008, -1.909377788999961, 0.0 ], [ 124.344951836000064, -1.909206467999979, 0.0 ], [ 124.345008943000039, -1.909667131999925, 0.0 ] ] ], [ [ [ 124.34069050800008, -1.906178746999956, 0.0 ], [ 124.342015391000018, -1.906178746999956, 0.0 ], [ 124.343020476000106, -1.908767599999976, 0.0 ], [ 124.340043294000111, -1.906704131999959, 0.0 ], [ 124.339845323000077, -1.90515081999996, 0.0 ], [ 124.34069050800008, -1.906178746999956, 0.0 ] ] ], [ [ [ 124.338937321000117, -1.905397807999975, 0.0 ], [ 124.337915104000103, -1.904352747999951, 0.0 ], [ 124.33786370700011, -1.90374170299998, 0.0 ], [ 124.33888592400001, -1.90479247199994, 0.0 ], [ 124.338937321000117, -1.905397807999975, 0.0 ] ] ], [ [ [ 125.107644371000106, -1.896785855999951, 0.0 ], [ 125.107323344000065, -1.89705380099997, 0.0 ], [ 125.106795691000116, -1.896849607999968, 0.0 ], [ 125.107968324000012, -1.896535828999959, 0.0 ], [ 125.107644371000106, -1.896785855999951, 0.0 ] ] ], [ [ [ 125.108276995000097, -1.896485778999931, 0.0 ], [ 125.108580781000114, -1.895967032999977, 0.0 ], [ 125.10937117800006, -1.895431476999931, 0.0 ], [ 125.109370898000066, -1.895556856999974, 0.0 ], [ 125.108276995000097, -1.896485778999931, 0.0 ] ] ], [ [ [ 124.335008354000024, -1.895836181999925, 0.0 ], [ 124.339639737000084, -1.901238509999928, 0.0 ], [ 124.336658749000094, -1.900992948999942, 0.0 ], [ 124.337064209000118, -1.903831170999979, 0.0 ], [ 124.331604774000084, -1.897732135999945, 0.0 ], [ 124.331901730000027, -1.895784785999979, 0.0 ], [ 124.335008354000024, -1.895836181999925, 0.0 ] ] ], [ [ [ 124.340548089000094, -1.824588528999925, 0.0 ], [ 124.339643894000119, -1.827020338999944, 0.0 ], [ 124.340914526, -1.827829354999949, 0.0 ], [ 124.337868815000093, -1.827348702999927, 0.0 ], [ 124.33681114500007, -1.824208131999967, 0.0 ], [ 124.337839072000065, -1.821912428999951, 0.0 ], [ 124.340660162000063, -1.82031914199996, 0.0 ], [ 124.340548089000094, -1.824588528999925, 0.0 ] ] ], [ [ [ 124.316111905000071, -1.790139421999925, 0.0 ], [ 124.315856826000072, -1.792305683999928, 0.0 ], [ 124.313682951000033, -1.792888175999963, 0.0 ], [ 124.314889813000036, -1.793824730999972, 0.0 ], [ 124.309887235000019, -1.797620447999975, 0.0 ], [ 124.308113109000033, -1.80083037299994, 0.0 ], [ 124.305223491000106, -1.799979476999965, 0.0 ], [ 124.304789477000099, -1.79674721799995, 0.0 ], [ 124.305874512000059, -1.795725000999937, 0.0 ], [ 124.309746370000084, -1.795888200999968, 0.0 ], [ 124.311040798000022, -1.793615338999928, 0.0 ], [ 124.310294599000031, -1.792298068999969, 0.0 ], [ 124.31152811100003, -1.78583354999995, 0.0 ], [ 124.314760371000034, -1.785502328999939, 0.0 ], [ 124.316111905000071, -1.790139421999925, 0.0 ] ] ], [ [ [ 124.296593186000109, -1.780365056999926, 0.0 ], [ 124.296286235000025, -1.780600622999941, 0.0 ], [ 124.296069704000047, -1.779948650999927, 0.0 ], [ 124.296521802000029, -1.780117592999943, 0.0 ], [ 124.296593186000109, -1.780365056999926, 0.0 ] ] ], [ [ [ 124.29723135800009, -1.779729264999958, 0.0 ], [ 124.299207262000095, -1.781745143999956, 0.0 ], [ 124.298504845000025, -1.783149976999937, 0.0 ], [ 124.297636817000011, -1.782653145999973, 0.0 ], [ 124.29723135800009, -1.779729264999958, 0.0 ] ] ], [ [ [ 124.31338181600006, -1.771521378999978, 0.0 ], [ 124.312986826000042, -1.771383369999967, 0.0 ], [ 124.312986826000042, -1.770912236999948, 0.0 ], [ 124.313719700000092, -1.771278673999973, 0.0 ], [ 124.31338181600006, -1.771521378999978, 0.0 ] ] ], [ [ [ 124.314387864000082, -1.769018470999924, 0.0 ], [ 124.314493163000066, -1.769282820999933, 0.0 ], [ 124.314235425000106, -1.769956714999978, 0.0 ], [ 124.313558543000113, -1.769242098999939, 0.0 ], [ 124.314387864000082, -1.769018470999924, 0.0 ] ] ], [ [ [ 124.314891955, -1.768135578999932, 0.0 ], [ 124.314159081000071, -1.767783418999954, 0.0 ], [ 124.314373233000083, -1.767402703999949, 0.0 ], [ 124.314939544000026, -1.767754864999972, 0.0 ], [ 124.314891955, -1.768135578999932, 0.0 ] ] ], [ [ [ 124.315020446000062, -1.767483606999974, 0.0 ], [ 124.314715875000047, -1.766907776999972, 0.0 ], [ 124.314763464000066, -1.766665071999967, 0.0 ], [ 124.315344053000103, -1.76703626799997, 0.0 ], [ 124.315020446000062, -1.767483606999974, 0.0 ] ] ], [ [ [ 125.076913748000038, -1.76650357099993, 0.0 ], [ 125.076551983000058, -1.766428172999952, 0.0 ], [ 125.076555407000114, -1.766210264999927, 0.0 ], [ 125.076914293000073, -1.766243864999979, 0.0 ], [ 125.076913748000038, -1.76650357099993, 0.0 ] ] ], [ [ [ 124.314947936000067, -1.766156346999935, 0.0 ], [ 124.314708776000089, -1.766501508999966, 0.0 ], [ 124.313098076000074, -1.766630539999937, 0.0 ], [ 124.314276495000058, -1.765410333999966, 0.0 ], [ 124.314947936000067, -1.766156346999935, 0.0 ] ] ], [ [ [ 124.360911056000077, -1.758848863999958, 0.0 ], [ 124.359619649000024, -1.758778018999976, 0.0 ], [ 124.359775404000061, -1.757112326999959, 0.0 ], [ 124.360667509000109, -1.757506529999944, 0.0 ], [ 124.360911056000077, -1.758848863999958, 0.0 ] ] ], [ [ [ 124.345687686000019, -1.75712253699993, 0.0 ], [ 124.347225769000033, -1.757419493999976, 0.0 ], [ 124.349190253000074, -1.760510889999978, 0.0 ], [ 124.350469451000095, -1.768566792999934, 0.0 ], [ 124.34902273900002, -1.775663297999927, 0.0 ], [ 124.344576001000064, -1.778122708999945, 0.0 ], [ 124.341522677000057, -1.771224174999929, 0.0 ], [ 124.343951631000095, -1.769168320999938, 0.0 ], [ 124.345786672000031, -1.771399302999953, 0.0 ], [ 124.342325983000023, -1.763354059999926, 0.0 ], [ 124.344461788000103, -1.757632693999938, 0.0 ], [ 124.345687686000019, -1.75712253699993, 0.0 ] ] ], [ [ [ 124.311466007000035, -1.755723476999947, 0.0 ], [ 124.311762964000081, -1.755706344999965, 0.0 ], [ 124.311808650000103, -1.75577487299995, 0.0 ], [ 124.311214736000011, -1.755871955999964, 0.0 ], [ 124.311466007000035, -1.755723476999947, 0.0 ] ] ], [ [ [ 124.312922237000066, -1.755352281999933, 0.0 ], [ 124.312768048000066, -1.75562068499994, 0.0 ], [ 124.31175725300011, -1.755375124999944, 0.0 ], [ 124.312345456000116, -1.75514669599994, 0.0 ], [ 124.312922237000066, -1.755352281999933, 0.0 ] ] ], [ [ [ 124.313973008000062, -1.755563577999965, 0.0 ], [ 124.313807396000016, -1.755500759999961, 0.0 ], [ 124.313875925000048, -1.755118141999958, 0.0 ], [ 124.314207146000058, -1.75546649599994, 0.0 ], [ 124.313973008000062, -1.755563577999965, 0.0 ] ] ], [ [ [ 124.313230615000066, -1.755437941999958, 0.0 ], [ 124.313019319000091, -1.75500392899994, 0.0 ], [ 124.313573258000019, -1.75484402799998, 0.0 ], [ 124.313276301000087, -1.755083877999937, 0.0 ], [ 124.313230615000066, -1.755437941999958, 0.0 ] ] ], [ [ [ 124.343404165000038, -1.747172106999926, 0.0 ], [ 124.34356406500001, -1.747750791999977, 0.0 ], [ 124.339505656000028, -1.74705027899995, 0.0 ], [ 124.341036125000073, -1.746319308999944, 0.0 ], [ 124.343404165000038, -1.747172106999926, 0.0 ] ] ], [ [ [ 124.353562560000114, -1.746449702999939, 0.0 ], [ 124.35183792600003, -1.74663815599996, 0.0 ], [ 124.351558102000013, -1.745895764999943, 0.0 ], [ 124.3530257540001, -1.745615939999936, 0.0 ], [ 124.353562560000114, -1.746449702999939, 0.0 ] ] ], [ [ [ 124.292984479000097, -1.744440517999976, 0.0 ], [ 124.290802989000099, -1.746130885999946, 0.0 ], [ 124.290523165000081, -1.750528129999964, 0.0 ], [ 124.288644343000101, -1.750271147999968, 0.0 ], [ 124.288067561000048, -1.751276232999942, 0.0 ], [ 124.289666559000011, -1.75363475499995, 0.0 ], [ 124.292783268000107, -1.753099175999978, 0.0 ], [ 124.29720906600005, -1.754912325999953, 0.0 ], [ 124.303376629000013, -1.760537372999977, 0.0 ], [ 124.302063166000039, -1.767019023999978, 0.0 ], [ 124.30694582000001, -1.768803620999961, 0.0 ], [ 124.307773873000087, -1.772230044999958, 0.0 ], [ 124.31002960100011, -1.773300802999927, 0.0 ], [ 124.312842125000088, -1.777826537999943, 0.0 ], [ 124.314131225000096, -1.783718755999928, 0.0 ], [ 124.312395170000059, -1.784957979999945, 0.0 ], [ 124.307255149000071, -1.78504344299995, 0.0 ], [ 124.304385519000107, -1.779880011999978, 0.0 ], [ 124.299440999000012, -1.780284519999952, 0.0 ], [ 124.297185270000114, -1.777257844999951, 0.0 ], [ 124.294742299000063, -1.777354871999933, 0.0 ], [ 124.28993115500009, -1.772704706999946, 0.0 ], [ 124.285210304000088, -1.763514276999956, 0.0 ], [ 124.283196328000031, -1.754668391999928, 0.0 ], [ 124.2850009120001, -1.751224836999938, 0.0 ], [ 124.2933670970001, -1.742955733999963, 0.0 ], [ 124.292984479000097, -1.744440517999976, 0.0 ] ] ], [ [ [ 124.359390336000047, -1.744947787999934, 0.0 ], [ 124.35820250800009, -1.742811982999967, 0.0 ], [ 124.358670786000062, -1.742149540999947, 0.0 ], [ 124.360087042000032, -1.743074674999946, 0.0 ], [ 124.359390336000047, -1.744947787999934, 0.0 ] ] ], [ [ [ 124.318366297000011, -1.740438973999971, 0.0 ], [ 124.318374237000057, -1.741889825999976, 0.0 ], [ 124.319401138000103, -1.743312058999948, 0.0 ], [ 124.31756995100011, -1.741611380999927, 0.0 ], [ 124.318366297000011, -1.740438973999971, 0.0 ] ] ], [ [ [ 124.321502174000102, -1.73978660299997, 0.0 ], [ 124.321970452000073, -1.739988380999932, 0.0 ], [ 124.321355599000071, -1.740306276999945, 0.0 ], [ 124.321161435000022, -1.740003608999928, 0.0 ], [ 124.321502174000102, -1.73978660299997, 0.0 ] ] ], [ [ [ 124.319565467000075, -1.73910307999995, 0.0 ], [ 124.320601383000053, -1.741112563999934, 0.0 ], [ 124.319556268000042, -1.742973946999939, 0.0 ], [ 124.318455523000011, -1.74179012999997, 0.0 ], [ 124.318596196000044, -1.73888239799993, 0.0 ], [ 124.319565467000075, -1.73910307999995, 0.0 ] ] ], [ [ [ 124.320202730000119, -1.738798465999935, 0.0 ], [ 124.32040978100008, -1.739010109999924, 0.0 ], [ 124.319774607000113, -1.738730562999933, 0.0 ], [ 124.31999203700002, -1.738479132999942, 0.0 ], [ 124.320202730000119, -1.738798465999935, 0.0 ] ] ], [ [ [ 124.354561819000082, -1.73883596099995, 0.0 ], [ 124.355452689000117, -1.740229372999977, 0.0 ], [ 124.354527555000118, -1.742433705999929, 0.0 ], [ 124.352391751000027, -1.74042353699997, 0.0 ], [ 124.354561819000082, -1.73883596099995, 0.0 ] ] ], [ [ [ 124.359378223000022, -1.741180500999974, 0.0 ], [ 124.357518517000017, -1.740645839999956, 0.0 ], [ 124.357217042000116, -1.738232259999961, 0.0 ], [ 124.359873435000054, -1.739395842999954, 0.0 ], [ 124.359378223000022, -1.741180500999974, 0.0 ] ] ], [ [ [ 124.371805965000021, -1.738542954999957, 0.0 ], [ 124.371663197000089, -1.73969651799996, 0.0 ], [ 124.370446817000015, -1.73969651799996, 0.0 ], [ 124.370486792000065, -1.738337369999954, 0.0 ], [ 124.371805965000021, -1.738542954999957, 0.0 ] ] ], [ [ [ 124.319055606, -1.738105809999979, 0.0 ], [ 124.31769271600001, -1.73992358199996, 0.0 ], [ 124.316352666000057, -1.739964896999936, 0.0 ], [ 124.317153127000097, -1.737105879999945, 0.0 ], [ 124.319055606, -1.738105809999979, 0.0 ] ] ], [ [ [ 124.367930501000046, -1.734971762999976, 0.0 ], [ 124.369006300000024, -1.735820236999928, 0.0 ], [ 124.367460872000038, -1.741056513999979, 0.0 ], [ 124.363425746000075, -1.740687175999938, 0.0 ], [ 124.362845907000064, -1.738209620999953, 0.0 ], [ 124.364739956000108, -1.735439428999939, 0.0 ], [ 124.367930501000046, -1.734971762999976, 0.0 ] ] ], [ [ [ 124.319636169000091, -1.732684379999966, 0.0 ], [ 124.31959048300007, -1.731896301999939, 0.0 ], [ 124.320469932000037, -1.732398843999931, 0.0 ], [ 124.320338585000059, -1.732564454999931, 0.0 ], [ 124.319636169000091, -1.732684379999966, 0.0 ] ] ], [ [ [ 124.320110157000045, -1.731359495999925, 0.0 ], [ 124.319984522000027, -1.731679294999935, 0.0 ], [ 124.319116495000117, -1.731913433999978, 0.0 ], [ 124.319978811000055, -1.730902638999964, 0.0 ], [ 124.320110157000045, -1.731359495999925, 0.0 ] ] ], [ [ [ 124.359156465000069, -1.736426023999968, 0.0 ], [ 124.356270468000048, -1.736156522999977, 0.0 ], [ 124.356060715000012, -1.733148312999958, 0.0 ], [ 124.357336335000014, -1.731476083999951, 0.0 ], [ 124.360647150000091, -1.730658932999972, 0.0 ], [ 124.360940050000067, -1.733802868999931, 0.0 ], [ 124.359156465000069, -1.736426023999968, 0.0 ] ] ], [ [ [ 124.308540777000076, -1.732428862999939, 0.0 ], [ 124.307798386000059, -1.729859045999945, 0.0 ], [ 124.308066788000019, -1.728351418999978, 0.0 ], [ 124.308871998000086, -1.729253710999956, 0.0 ], [ 124.308540777000076, -1.732428862999939, 0.0 ] ] ], [ [ [ 124.304121642000041, -1.726569678999965, 0.0 ], [ 124.304435731000012, -1.729082389999974, 0.0 ], [ 124.30356008900003, -1.729415513999925, 0.0 ], [ 124.30316034000009, -1.727607123999974, 0.0 ], [ 124.304121642000041, -1.726569678999965, 0.0 ] ] ], [ [ [ 124.34203303400011, -1.725205702999972, 0.0 ], [ 124.341452446000062, -1.725691112999925, 0.0 ], [ 124.340833786000076, -1.725429371999951, 0.0 ], [ 124.342128212000034, -1.724967756999945, 0.0 ], [ 124.34203303400011, -1.725205702999972, 0.0 ] ] ], [ [ [ 124.334416855000086, -1.725964275999956, 0.0 ], [ 124.3334507940001, -1.727520442999946, 0.0 ], [ 124.33224202800011, -1.726977925999961, 0.0 ], [ 124.333829604000016, -1.724571814999933, 0.0 ], [ 124.334416855000086, -1.725964275999956, 0.0 ] ] ], [ [ [ 124.341038419000029, -1.725015345999964, 0.0 ], [ 124.340919446000044, -1.72458228499994, 0.0 ], [ 124.341262089000111, -1.724401444999955, 0.0 ], [ 124.341571419000047, -1.72478691799995, 0.0 ], [ 124.341038419000029, -1.725015345999964, 0.0 ] ] ], [ [ [ 124.340695777000064, -1.725072452999939, 0.0 ], [ 124.34021988500001, -1.725172389999955, 0.0 ], [ 124.340472108000085, -1.724368132999928, 0.0 ], [ 124.340491143, -1.724729809999928, 0.0 ], [ 124.340695777000064, -1.725072452999939, 0.0 ] ] ], [ [ [ 124.36707234000005, -1.724445226999933, 0.0 ], [ 124.366843912000036, -1.72424059399998, 0.0 ], [ 124.366910537000081, -1.723997888999975, 0.0 ], [ 124.367119930000058, -1.724264387999938, 0.0 ], [ 124.36707234000005, -1.724445226999933, 0.0 ] ] ], [ [ [ 124.366866755000046, -1.724918739999964, 0.0 ], [ 124.366067256000065, -1.726574844999959, 0.0 ], [ 124.366319479000026, -1.725028195999926, 0.0 ], [ 124.363930500000038, -1.725385113999948, 0.0 ], [ 124.365410524000026, -1.724752176999971, 0.0 ], [ 124.366067256000065, -1.72376232199997, 0.0 ], [ 124.366866755000046, -1.724918739999964, 0.0 ] ] ], [ [ [ 124.341461963000029, -1.723454419999939, 0.0 ], [ 124.341895025000099, -1.723578151999959, 0.0 ], [ 124.341956891000109, -1.724030248999952, 0.0 ], [ 124.341262089000111, -1.723649535999925, 0.0 ], [ 124.341461963000029, -1.723454419999939, 0.0 ] ] ], [ [ [ 124.345675037000092, -1.722365101999969, 0.0 ], [ 124.34623849400009, -1.722235658999978, 0.0 ], [ 124.346512607000022, -1.72238794499998, 0.0 ], [ 124.345210567000095, -1.723035158999949, 0.0 ], [ 124.344966910000039, -1.721953931999963, 0.0 ], [ 124.345675037000092, -1.722365101999969, 0.0 ] ] ], [ [ [ 124.364036148000082, -1.71865837799993, 0.0 ], [ 124.366339466000113, -1.723502960999951, 0.0 ], [ 124.363488872000062, -1.72508768199998, 0.0 ], [ 124.361975535000056, -1.72259876499993, 0.0 ], [ 124.364036148000082, -1.71865837799993, 0.0 ] ] ], [ [ [ 124.316872584000066, -1.718506503999947, 0.0 ], [ 124.319536628000037, -1.722743847999936, 0.0 ], [ 124.318268851000084, -1.727083984999979, 0.0 ], [ 124.319550191000076, -1.730609394999931, 0.0 ], [ 124.318347136000057, -1.733358147999979, 0.0 ], [ 124.316599659000076, -1.730061166999974, 0.0 ], [ 124.31471512600001, -1.729402530999948, 0.0 ], [ 124.315918182000019, -1.727723583999932, 0.0 ], [ 124.313355978000118, -1.727114441999959, 0.0 ], [ 124.314368677000061, -1.724323810999977, 0.0 ], [ 124.313009529000055, -1.726707077999947, 0.0 ], [ 124.31289912200009, -1.729292124999972, 0.0 ], [ 124.315369954000062, -1.731682054999965, 0.0 ], [ 124.314589491000106, -1.73277184899996, 0.0 ], [ 124.314018420000025, -1.731082431999937, 0.0 ], [ 124.313742402000116, -1.731410796999967, 0.0 ], [ 124.315282152, -1.736780764999935, 0.0 ], [ 124.312429654000084, -1.730227728999978, 0.0 ], [ 124.311658708000095, -1.720542370999965, 0.0 ], [ 124.313289115000089, -1.718763485999943, 0.0 ], [ 124.316872584000066, -1.718506503999947, 0.0 ] ] ], [ [ [ 124.349736301, -1.71502884299997, 0.0 ], [ 124.349645882000118, -1.715014566999969, 0.0 ], [ 124.34965064000005, -1.71484324599993, 0.0 ], [ 124.349736301, -1.714833726999927, 0.0 ], [ 124.349736301, -1.71502884299997, 0.0 ] ] ], [ [ [ 124.350107497000067, -1.715052637999975, 0.0 ], [ 124.349979006000012, -1.714852762999953, 0.0 ], [ 124.350188399000103, -1.714795655999978, 0.0 ], [ 124.350202676000094, -1.714914628999963, 0.0 ], [ 124.350107497000067, -1.715052637999975, 0.0 ] ] ], [ [ [ 124.349945693000109, -1.714676682999936, 0.0 ], [ 124.349631605000013, -1.714524396999934, 0.0 ], [ 124.349807685000087, -1.71410085399998, 0.0 ], [ 124.350040872000022, -1.714248379999958, 0.0 ], [ 124.349945693000109, -1.714676682999936, 0.0 ] ] ], [ [ [ 124.350531041000067, -1.714624334999939, 0.0 ], [ 124.350326408000114, -1.714576745999977, 0.0 ], [ 124.350235988, -1.713786763999963, 0.0 ], [ 124.350588148000043, -1.714191272999926, 0.0 ], [ 124.350531041000067, -1.714624334999939, 0.0 ] ] ], [ [ [ 124.349131918000012, -1.713729656999931, 0.0 ], [ 124.349079570000072, -1.713805799999932, 0.0 ], [ 124.348865419000049, -1.713658273999954, 0.0 ], [ 124.349079570000072, -1.713496469999939, 0.0 ], [ 124.349131918000012, -1.713729656999931, 0.0 ] ] ], [ [ [ 124.339869152, -1.712885836999931, 0.0 ], [ 124.339646435000077, -1.713022894999938, 0.0 ], [ 124.339132471000084, -1.712720226999977, 0.0 ], [ 124.339891995000016, -1.712406137999949, 0.0 ], [ 124.339869152, -1.712885836999931, 0.0 ] ] ], [ [ [ 124.989963289000116, -1.710360125999955, 0.0 ], [ 124.991899218000071, -1.711079674999951, 0.0 ], [ 124.99085987, -1.712935653999978, 0.0 ], [ 124.989980421000041, -1.712770043999967, 0.0 ], [ 124.989963289000116, -1.710360125999955, 0.0 ] ] ], [ [ [ 124.33917435, -1.707823105999978, 0.0 ], [ 124.340083303000029, -1.710102629999938, 0.0 ], [ 124.339905320000071, -1.711886273999937, 0.0 ], [ 124.338991607000025, -1.70784880399998, 0.0 ], [ 124.336536003000106, -1.709270769999932, 0.0 ], [ 124.338466222000079, -1.711543630999927, 0.0 ], [ 124.336501739000028, -1.715032872999927, 0.0 ], [ 124.337204156000098, -1.720064004999927, 0.0 ], [ 124.336033461000056, -1.720241036999937, 0.0 ], [ 124.338041726000029, -1.721476453999969, 0.0 ], [ 124.335272034000013, -1.722656664999931, 0.0 ], [ 124.331017557000109, -1.71810237699998, 0.0 ], [ 124.331236467000053, -1.711611207999965, 0.0 ], [ 124.336970969000049, -1.704182529999969, 0.0 ], [ 124.33917435, -1.707823105999978, 0.0 ] ] ], [ [ [ 124.96218826900008, -1.69471991599994, 0.0 ], [ 124.966728281000087, -1.696238963999974, 0.0 ], [ 124.967733365000072, -1.69866030299994, 0.0 ], [ 124.963181932000111, -1.698488982999947, 0.0 ], [ 124.960749171000089, -1.695993402999932, 0.0 ], [ 124.96218826900008, -1.69471991599994, 0.0 ] ] ], [ [ [ 124.348745177000069, -1.704826982999975, 0.0 ], [ 124.344495459000086, -1.708767370999965, 0.0 ], [ 124.344247995000046, -1.706859043999941, 0.0 ], [ 124.348288320000051, -1.705012581999938, 0.0 ], [ 124.345242610000014, -1.705364741999972, 0.0 ], [ 124.343810174000055, -1.707106507999924, 0.0 ], [ 124.344314620000091, -1.712791514999935, 0.0 ], [ 124.341373607000037, -1.70256173699994, 0.0 ], [ 124.343610300000023, -1.696213334999925, 0.0 ], [ 124.348402534000115, -1.69308196399993, 0.0 ], [ 124.350896209000098, -1.697112771999969, 0.0 ], [ 124.35067729900004, -1.701924040999927, 0.0 ], [ 124.348745177000069, -1.704826982999975, 0.0 ] ] ], [ [ [ 124.965337765000072, -1.686280354999951, 0.0 ], [ 124.967448479000041, -1.686581885999942, 0.0 ], [ 124.968878816000029, -1.690950212999951, 0.0 ], [ 124.965229523000062, -1.689048250999974, 0.0 ], [ 124.964510489000077, -1.686813831999928, 0.0 ], [ 124.965337765000072, -1.686280354999951, 0.0 ] ] ], [ [ [ 124.963836260000107, -1.663935184999957, 0.0 ], [ 124.970072351000113, -1.665402835999942, 0.0 ], [ 124.968399114000022, -1.667492954999943, 0.0 ], [ 124.959690287000058, -1.667898414999968, 0.0 ], [ 124.956024013000047, -1.669594494999956, 0.0 ], [ 124.954327934000048, -1.67186735599995, 0.0 ], [ 124.950033482000094, -1.666796248999958, 0.0 ], [ 124.951975122000022, -1.66460333699996, 0.0 ], [ 124.963836260000107, -1.663935184999957, 0.0 ] ] ], [ [ [ 124.893945513000062, -1.659931807999953, 0.0 ], [ 124.888787159000117, -1.663373091999972, 0.0 ], [ 124.886265469000023, -1.661663860999965, 0.0 ], [ 124.888503564000075, -1.65984732499993, 0.0 ], [ 124.893945513000062, -1.659931807999953, 0.0 ] ] ], [ [ [ 124.879277989000116, -1.657132070999978, 0.0 ], [ 124.881010234000087, -1.658570811999937, 0.0 ], [ 124.879853486000115, -1.661172055999941, 0.0 ], [ 124.87854710900001, -1.658519017999936, 0.0 ], [ 124.879277989000116, -1.657132070999978, 0.0 ] ] ], [ [ [ 125.000083137000047, -1.660231623999948, 0.0 ], [ 125.006372528000043, -1.659546339999963, 0.0 ], [ 125.022568091000039, -1.665021002999936, 0.0 ], [ 125.008485490000112, -1.667095893999942, 0.0 ], [ 124.999553945000116, -1.670191096999929, 0.0 ], [ 124.998103425000068, -1.667674578999936, 0.0 ], [ 124.991675391000058, -1.663198843999965, 0.0 ], [ 124.991247088000023, -1.660000847999925, 0.0 ], [ 124.992434915000104, -1.657533822999937, 0.0 ], [ 124.994319448000056, -1.656848537999963, 0.0 ], [ 125.000083137000047, -1.660231623999948, 0.0 ] ] ], [ [ [ 124.526588786000048, -1.635449665999943, 0.0 ], [ 124.525061171000061, -1.636996314999976, 0.0 ], [ 124.524556725000025, -1.644253670999944, 0.0 ], [ 124.519651610000096, -1.645280011999944, 0.0 ], [ 124.521463094000069, -1.647335151999926, 0.0 ], [ 124.523728340000048, -1.647449365999933, 0.0 ], [ 124.524047188000054, -1.649837393999974, 0.0 ], [ 124.522483406000106, -1.651338357999975, 0.0 ], [ 124.523244834000025, -1.651799972999925, 0.0 ], [ 124.520046838000098, -1.655307298999958, 0.0 ], [ 124.521274640000115, -1.656454198999938, 0.0 ], [ 124.523616030000085, -1.654751456999975, 0.0 ], [ 124.521520518000102, -1.66007859399997, 0.0 ], [ 124.5234098090001, -1.663976150999929, 0.0 ], [ 124.526193779000096, -1.665313407999975, 0.0 ], [ 124.5285399280001, -1.664466319999974, 0.0 ], [ 124.530909871000063, -1.66072104899996, 0.0 ], [ 124.532232851000117, -1.656028750999951, 0.0 ], [ 124.533551073000012, -1.655438644999947, 0.0 ], [ 124.537274453, -1.647672083999964, 0.0 ], [ 124.536326476000113, -1.646107349999966, 0.0 ], [ 124.541329055000119, -1.642494376999935, 0.0 ], [ 124.54651056900002, -1.642817983999976, 0.0 ], [ 124.55360707300008, -1.638797645999944, 0.0 ], [ 124.557159133000027, -1.638180889999944, 0.0 ], [ 124.561563991000071, -1.639863644999934, 0.0 ], [ 124.563735963000113, -1.638564458999952, 0.0 ], [ 124.564549739000086, -1.641391258999931, 0.0 ], [ 124.568228386000101, -1.644341790999931, 0.0 ], [ 124.577969899000095, -1.64721617899994, 0.0 ], [ 124.586597825000013, -1.642324007999946, 0.0 ], [ 124.588025501000061, -1.639682805999939, 0.0 ], [ 124.592318049000028, -1.643656504999967, 0.0 ], [ 124.597562381000103, -1.644908102999977, 0.0 ], [ 124.60088854300011, -1.643368447999933, 0.0 ], [ 124.605967265000118, -1.638148862999969, 0.0 ], [ 124.624936510000111, -1.640600780999932, 0.0 ], [ 124.62814021600002, -1.639127418999976, 0.0 ], [ 124.636746250000101, -1.640355219999947, 0.0 ], [ 124.643142241000078, -1.639532878999944, 0.0 ], [ 124.649566787000026, -1.642091274999927, 0.0 ], [ 124.658502139, -1.642224524999961, 0.0 ], [ 124.658268952000071, -1.643242933999943, 0.0 ], [ 124.661367010000049, -1.644599226999958, 0.0 ], [ 124.665769012000055, -1.643119202999969, 0.0 ], [ 124.671979406000105, -1.643956772999957, 0.0 ], [ 124.687807580000026, -1.651124660999926, 0.0 ], [ 124.695897748000107, -1.652617058999965, 0.0 ], [ 124.707835503000069, -1.656896994999954, 0.0 ], [ 124.714922490000049, -1.653807502999939, 0.0 ], [ 124.717103980000047, -1.656383031999951, 0.0 ], [ 124.72854252500008, -1.661785359999953, 0.0 ], [ 124.735709461000056, -1.662065183999971, 0.0 ], [ 124.738553393000075, -1.664161013999944, 0.0 ], [ 124.745965890000093, -1.665622953999957, 0.0 ], [ 124.747701945000017, -1.669066510999926, 0.0 ], [ 124.751254005000078, -1.670722615999978, 0.0 ], [ 124.766879449000044, -1.670872044999953, 0.0 ], [ 124.775983266000026, -1.665741927999932, 0.0 ], [ 124.778643504000115, -1.665480186999957, 0.0 ], [ 124.780942063000111, -1.666674675999957, 0.0 ], [ 124.783383391000029, -1.67511224499998, 0.0 ], [ 124.786795783000116, -1.678032544999951, 0.0 ], [ 124.801398535000089, -1.681197227999974, 0.0 ], [ 124.803540050000038, -1.682225154999969, 0.0 ], [ 124.804225335000069, -1.684119205999934, 0.0 ], [ 124.808232347000057, -1.684499919999951, 0.0 ], [ 124.809736167000096, -1.687060219999978, 0.0 ], [ 124.811972860000083, -1.686593845999937, 0.0 ], [ 124.811259022000058, -1.684309562999943, 0.0 ], [ 124.813076930000079, -1.685166168999956, 0.0 ], [ 124.814495089000047, -1.684109688999968, 0.0 ], [ 124.804996280000069, -1.679750515999956, 0.0 ], [ 124.802835730000083, -1.675267610999924, 0.0 ], [ 124.806138422000117, -1.673335488999953, 0.0 ], [ 124.812191770000027, -1.67393511299997, 0.0 ], [ 124.819881593000105, -1.677712507999956, 0.0 ], [ 124.824069445000077, -1.677379382999959, 0.0 ], [ 124.827781404, -1.681971742999963, 0.0 ], [ 124.835478960000046, -1.683958592999943, 0.0 ], [ 124.864567871000077, -1.683363727999961, 0.0 ], [ 124.870516524000095, -1.68046078499998, 0.0 ], [ 124.869612328000017, -1.682031228999961, 0.0 ], [ 124.872360606000029, -1.685088836999967, 0.0 ], [ 124.876120154000091, -1.686944815999937, 0.0 ], [ 124.87983211300002, -1.686921021999979, 0.0 ], [ 124.877892853000048, -1.691085078999947, 0.0 ], [ 124.881063521000101, -1.696329100999947, 0.0 ], [ 124.886167464000096, -1.699707934999935, 0.0 ], [ 124.891997144000015, -1.699791215999937, 0.0 ], [ 124.89393640500009, -1.702075498999932, 0.0 ], [ 124.893768022000017, -1.705278797999938, 0.0 ], [ 124.898017739000011, -1.709043104999978, 0.0 ], [ 124.902002777, -1.708559529999945, 0.0 ], [ 124.904298957000037, -1.703039180999951, 0.0 ], [ 124.906761699000072, -1.702051703999928, 0.0 ], [ 124.907249489000037, -1.703122461999953, 0.0 ], [ 124.909724128000107, -1.703265228999953, 0.0 ], [ 124.912032206000049, -1.701456838999945, 0.0 ], [ 124.912865017000058, -1.699053582999966, 0.0 ], [ 124.911318367000035, -1.695555775999935, 0.0 ], [ 124.913724498000079, -1.697098782999944, 0.0 ], [ 124.913694041000099, -1.699775199999976, 0.0 ], [ 124.915949865000016, -1.703380635999963, 0.0 ], [ 124.926095792000069, -1.70601604999996, 0.0 ], [ 124.932123442000034, -1.704584566999927, 0.0 ], [ 124.933822378000059, -1.702009988999976, 0.0 ], [ 124.934013666000055, -1.698765668999954, 0.0 ], [ 124.936431199000026, -1.699584202999972, 0.0 ], [ 124.939324623000061, -1.697185705999971, 0.0 ], [ 124.947564697000075, -1.705925466999929, 0.0 ], [ 124.950006024000118, -1.705925466999929, 0.0 ], [ 124.949706212000024, -1.704340745999957, 0.0 ], [ 124.952147539000066, -1.703598353999951, 0.0 ], [ 124.949049480000099, -1.700814384999944, 0.0 ], [ 124.949563444000091, -1.698787083999946, 0.0 ], [ 124.952061878000109, -1.699243939999974, 0.0 ], [ 124.951804896000112, -1.697102424999969, 0.0 ], [ 124.952961314000049, -1.698073244999932, 0.0 ], [ 124.958315102000029, -1.696260095999946, 0.0 ], [ 124.961369735000062, -1.699933790999978, 0.0 ], [ 124.963968106000038, -1.70085702199998, 0.0 ], [ 124.962683198000036, -1.702770108999971, 0.0 ], [ 124.964681945000052, -1.707395780999946, 0.0 ], [ 124.963368482000078, -1.708014440999932, 0.0 ], [ 124.959704112000054, -1.706167978999929, 0.0 ], [ 124.961352603000023, -1.707822179999937, 0.0 ], [ 124.960810085000048, -1.709895166999956, 0.0 ], [ 124.965515708000112, -1.709404045999975, 0.0 ], [ 124.966440842000111, -1.710820300999956, 0.0 ], [ 124.966320918000065, -1.70567495399996, 0.0 ], [ 124.967577272000085, -1.703510596999934, 0.0 ], [ 124.971957384, -1.705634978999967, 0.0 ], [ 124.971746089000021, -1.707576619999941, 0.0 ], [ 124.973982591000095, -1.704700707999962, 0.0 ], [ 124.977396642000031, -1.707857776999958, 0.0 ], [ 124.979164185000059, -1.704047573999958, 0.0 ], [ 124.98327589400003, -1.709887723999941, 0.0 ], [ 124.982552537000061, -1.710930878999932, 0.0 ], [ 124.978402757000026, -1.71082427999994, 0.0 ], [ 124.977565187000096, -1.708918806999975, 0.0 ], [ 124.976815181, -1.715863026999955, 0.0 ], [ 124.979289820000076, -1.717433469999946, 0.0 ], [ 124.981442757000082, -1.714619994999964, 0.0 ], [ 124.987239124000098, -1.714302098999951, 0.0 ], [ 124.989152273000059, -1.715988883999955, 0.0 ], [ 124.993254464000074, -1.713323887999934, 0.0 ], [ 125.001197106000063, -1.715332151999974, 0.0 ], [ 125.001078133000078, -1.72004824399994, 0.0 ], [ 124.995929573000012, -1.724390760999938, 0.0 ], [ 124.998474645000101, -1.724331749999976, 0.0 ], [ 125.000819842000055, -1.727651573999935, 0.0 ], [ 125.00249498200003, -1.726379989999941, 0.0 ], [ 125.004520380000031, -1.72731654599994, 0.0 ], [ 125.006340191000049, -1.726425675999963, 0.0 ], [ 125.007649847000039, -1.72264137999997, 0.0 ], [ 125.009286916000065, -1.722778437999978, 0.0 ], [ 125.011472213000047, -1.726867303999938, 0.0 ], [ 125.011016935000043, -1.723621211999955, 0.0 ], [ 125.014400321000039, -1.71932529299994, 0.0 ], [ 125.016786089000107, -1.720966049999959, 0.0 ], [ 125.018708693, -1.71908151699995, 0.0 ], [ 125.020163020000041, -1.719679237999969, 0.0 ], [ 125.018816690000108, -1.725703469999928, 0.0 ], [ 125.026250276000042, -1.723433849999935, 0.0 ], [ 125.025885782000046, -1.726467997999976, 0.0 ], [ 125.020281993000026, -1.734949919999963, 0.0 ], [ 125.021584034000057, -1.737538772999926, 0.0 ], [ 125.018492638000112, -1.738993099999959, 0.0 ], [ 125.018568781000113, -1.740279912999938, 0.0 ], [ 125.014638685000023, -1.743940860999942, 0.0 ], [ 125.013672802000087, -1.746545509999976, 0.0 ], [ 125.014441272000113, -1.75095379399994, 0.0 ], [ 125.017909511000084, -1.757367297999963, 0.0 ], [ 125.023719204000031, -1.761283890999948, 0.0 ], [ 125.026935473000094, -1.758903287999942, 0.0 ], [ 125.032572893000065, -1.757571265999957, 0.0 ], [ 125.036844501000019, -1.751911955999958, 0.0 ], [ 125.036724576000097, -1.758759092999981, 0.0 ], [ 125.040459378000037, -1.760957714999961, 0.0 ], [ 125.04048793100003, -1.765543411999943, 0.0 ], [ 125.044856622000111, -1.767530736999959, 0.0 ], [ 125.044094813000015, -1.769890781999948, 0.0 ], [ 125.046589441000037, -1.771794350999926, 0.0 ], [ 125.050244293000105, -1.76929115799993, 0.0 ], [ 125.056225064000046, -1.768485461999944, 0.0 ], [ 125.058640679000064, -1.766389137999965, 0.0 ], [ 125.05995804600002, -1.761753739999961, 0.0 ], [ 125.05851752, -1.757259413999975, 0.0 ], [ 125.060173625000061, -1.756716895999944, 0.0 ], [ 125.057256723000023, -1.749678450999966, 0.0 ], [ 125.058646328, -1.745585777999963, 0.0 ], [ 125.060069246000012, -1.744719653999937, 0.0 ], [ 125.062087029000054, -1.746808819999956, 0.0 ], [ 125.063181581000094, -1.750978587999953, 0.0 ], [ 125.066215869000075, -1.750887216999956, 0.0 ], [ 125.067734918000042, -1.753521755999941, 0.0 ], [ 125.066300578000096, -1.756734980999966, 0.0 ], [ 125.067465563000042, -1.757233714999927, 0.0 ], [ 125.068136951000042, -1.75939886599997, 0.0 ], [ 125.067147096000099, -1.760053693999964, 0.0 ], [ 125.068694697000069, -1.761722647999932, 0.0 ], [ 125.067652493000082, -1.771383258999947, 0.0 ], [ 125.069770213000083, -1.773577121999949, 0.0 ], [ 125.072359067000093, -1.772663408999961, 0.0 ], [ 125.075795008000114, -1.767038363999973, 0.0 ], [ 125.080907042000035, -1.765535495999927, 0.0 ], [ 125.080731914000012, -1.76431721199998, 0.0 ], [ 125.077507485000069, -1.762951181999938, 0.0 ], [ 125.079113463000112, -1.759897795999962, 0.0 ], [ 125.086284968000086, -1.760156561999963, 0.0 ], [ 125.091547358000071, -1.757787018999977, 0.0 ], [ 125.095787557000108, -1.761256273999948, 0.0 ], [ 125.098452554000119, -1.757944062999968, 0.0 ], [ 125.103285152000012, -1.760893540999973, 0.0 ], [ 125.104078075000075, -1.757621693999965, 0.0 ], [ 125.105243059000031, -1.757410397999934, 0.0 ], [ 125.103944159000093, -1.753630195999961, 0.0 ], [ 125.107608529000117, -1.753801516999943, 0.0 ], [ 125.111837579000053, -1.745359482999959, 0.0 ], [ 125.107956512000101, -1.747983194999961, 0.0 ], [ 125.106520347000014, -1.746977151999943, 0.0 ], [ 125.105016471000113, -1.747733456999924, 0.0 ], [ 125.104910220000079, -1.750876682999944, 0.0 ], [ 125.099757538000063, -1.75205832499995, 0.0 ], [ 125.096352729000046, -1.750293561999968, 0.0 ], [ 125.098897937000061, -1.747504730999935, 0.0 ], [ 125.093160251000086, -1.748748874999933, 0.0 ], [ 125.090649615000075, -1.745176912999966, 0.0 ], [ 125.088562370000091, -1.746297357999936, 0.0 ], [ 125.088104452000039, -1.745091179999974, 0.0 ], [ 125.091799645000037, -1.741645643999959, 0.0 ], [ 125.094376420000117, -1.74194238299998, 0.0 ], [ 125.096900398000116, -1.744827786999963, 0.0 ], [ 125.103813099000035, -1.743416025999977, 0.0 ], [ 125.10534356800008, -1.742148248999968, 0.0 ], [ 125.106331520000026, -1.738025119999975, 0.0 ], [ 125.105132272000105, -1.736917242999937, 0.0 ], [ 125.111253349000094, -1.733685678999962, 0.0 ], [ 125.114734945, -1.730234732999975, 0.0 ], [ 125.113568741000108, -1.729511083999967, 0.0 ], [ 125.109417205000113, -1.730976204999934, 0.0 ], [ 125.106702543000097, -1.728441319999945, 0.0 ], [ 125.105235052000012, -1.73115127799997, 0.0 ], [ 125.101922124000112, -1.731053668999948, 0.0 ], [ 125.102513013000021, -1.726436135999961, 0.0 ], [ 125.106220824000047, -1.72375109799998, 0.0 ], [ 125.108478841000078, -1.71726229199993, 0.0 ], [ 125.108643499000095, -1.709932917999936, 0.0 ], [ 125.106973118000042, -1.708367231999944, 0.0 ], [ 125.106578127000034, -1.705697476999944, 0.0 ], [ 125.107934547000013, -1.691884340999934, 0.0 ], [ 125.115099199000042, -1.688067875999934, 0.0 ], [ 125.128771202000053, -1.683604006999929, 0.0 ], [ 125.137099315000114, -1.686968564999972, 0.0 ], [ 125.138584099000013, -1.691204004999975, 0.0 ], [ 125.141577461000111, -1.692308074999971, 0.0 ], [ 125.143714216000035, -1.699903314999972, 0.0 ], [ 125.141310961000045, -1.701416651999978, 0.0 ], [ 125.13932649100002, -1.707472855999924, 0.0 ], [ 125.142227529000024, -1.709582009999963, 0.0 ], [ 125.145779589000085, -1.708127683999976, 0.0 ], [ 125.147452253000097, -1.708814086999951, 0.0 ], [ 125.147984176000023, -1.715795018999927, 0.0 ], [ 125.149015684000119, -1.716256862999956, 0.0 ], [ 125.150039056000082, -1.714855799999953, 0.0 ], [ 125.150872485000036, -1.707543240999939, 0.0 ], [ 125.159769550000078, -1.702387947999966, 0.0 ], [ 125.164702078000118, -1.696776797999973, 0.0 ], [ 125.169275878, -1.698556158999963, 0.0 ], [ 125.170170555000027, -1.70093942699998, 0.0 ], [ 125.174902827000096, -1.698948293999933, 0.0 ], [ 125.180586883000046, -1.702740203999952, 0.0 ], [ 125.18407422100006, -1.703315080999971, 0.0 ], [ 125.181103227000108, -1.715446049999969, 0.0 ], [ 125.183243314000038, -1.716820901999938, 0.0 ], [ 125.191772719000028, -1.71178006699995, 0.0 ], [ 125.194882010000015, -1.714198618999944, 0.0 ], [ 125.198192991000042, -1.721102027999962, 0.0 ], [ 125.203008473000068, -1.724079257999961, 0.0 ], [ 125.20501691700008, -1.728450369999962, 0.0 ], [ 125.200768152000023, -1.731397094999977, 0.0 ], [ 125.19783024600008, -1.735738405999939, 0.0 ], [ 125.198834379000118, -1.738988749999976, 0.0 ], [ 125.196964122000054, -1.743623939999964, 0.0 ], [ 125.191283086000112, -1.745550014999935, 0.0 ], [ 125.193637562000049, -1.746780089999959, 0.0 ], [ 125.192974303000028, -1.75081998099995, 0.0 ], [ 125.191710272000023, -1.751342911999927, 0.0 ], [ 125.194329583000012, -1.753376715999934, 0.0 ], [ 125.193889858000034, -1.756868812999926, 0.0 ], [ 125.190276409000035, -1.763844440999947, 0.0 ], [ 125.190028946000098, -1.767544978999979, 0.0 ], [ 125.186743386000103, -1.769067832999951, 0.0 ], [ 125.185550086000035, -1.776432281999973, 0.0 ], [ 125.1808635000001, -1.778313006999952, 0.0 ], [ 125.180300043000102, -1.780087133999928, 0.0 ], [ 125.182649047000041, -1.784891740999967, 0.0 ], [ 125.189912114000094, -1.789361319999955, 0.0 ], [ 125.196940090000112, -1.792224287999943, 0.0 ], [ 125.206421766000062, -1.793525218999946, 0.0 ], [ 125.211114380000026, -1.793515827999954, 0.0 ], [ 125.213409608, -1.79222782599993, 0.0 ], [ 125.213623760000019, -1.78861580399996, 0.0 ], [ 125.215598713000077, -1.787183606999974, 0.0 ], [ 125.215101405000041, -1.782739486999958, 0.0 ], [ 125.216891711000017, -1.778928303999976, 0.0 ], [ 125.21922453600007, -1.778091923999966, 0.0 ], [ 125.220977198000014, -1.780414848999953, 0.0 ], [ 125.222150749000093, -1.779995111999938, 0.0 ], [ 125.223108784000033, -1.771806989999959, 0.0 ], [ 125.229619004000028, -1.762175248999938, 0.0 ], [ 125.226513094000097, -1.751803653999957, 0.0 ], [ 125.221885518000022, -1.74518018699996, 0.0 ], [ 125.221409627000071, -1.740021515999956, 0.0 ], [ 125.223335721000012, -1.735557011999958, 0.0 ], [ 125.227342733000114, -1.740039916999933, 0.0 ], [ 125.231882744000018, -1.739721067999938, 0.0 ], [ 125.234619124000119, -1.731059830999925, 0.0 ], [ 125.236558861000049, -1.728570914999978, 0.0 ], [ 125.241781302000049, -1.724949184999957, 0.0 ], [ 125.250021852000032, -1.723367318999976, 0.0 ], [ 125.25698288600006, -1.723520397999948, 0.0 ], [ 125.26242490900006, -1.726137994999931, 0.0 ], [ 125.272333381000067, -1.726472443999967, 0.0 ], [ 125.289338162000035, -1.73094145999994, 0.0 ], [ 125.293373727000017, -1.732281572999966, 0.0 ], [ 125.295841943000028, -1.734736557999952, 0.0 ], [ 125.297836883000059, -1.740234064999925, 0.0 ], [ 125.297730644000012, -1.744473629999959, 0.0 ], [ 125.294858713000053, -1.750622377999946, 0.0 ], [ 125.296644678, -1.758252103999951, 0.0 ], [ 125.295401831000049, -1.767137229999946, 0.0 ], [ 125.293548967000106, -1.770253090999972, 0.0 ], [ 125.288668216000019, -1.774319113999979, 0.0 ], [ 125.284202444000016, -1.776169382999967, 0.0 ], [ 125.282661347000044, -1.778577555999959, 0.0 ], [ 125.274072444000012, -1.782906270999945, 0.0 ], [ 125.26951530000008, -1.78379714099998, 0.0 ], [ 125.269797596000103, -1.790908138999953, 0.0 ], [ 125.273281194000106, -1.796327699999949, 0.0 ], [ 125.275215220000064, -1.797081513999956, 0.0 ], [ 125.279972238000028, -1.794599259999927, 0.0 ], [ 125.286504652000076, -1.786478079999938, 0.0 ], [ 125.293646842000044, -1.780858744999932, 0.0 ], [ 125.299753491000047, -1.778300348999949, 0.0 ], [ 125.312827201000118, -1.779130304999967, 0.0 ], [ 125.321050619000061, -1.783980597999971, 0.0 ], [ 125.323944044000086, -1.797046694999949, 0.0 ], [ 125.32147736200011, -1.803816378999954, 0.0 ], [ 125.317168912000056, -1.810212749999948, 0.0 ], [ 125.316763782000066, -1.819909189999976, 0.0 ], [ 125.314056907, -1.824997429999939, 0.0 ], [ 125.314905009000086, -1.829783797999937, 0.0 ], [ 125.317166747000101, -1.831835877999936, 0.0 ], [ 125.317376241000034, -1.835038678999979, 0.0 ], [ 125.314877895000109, -1.840237394999974, 0.0 ], [ 125.314211080000064, -1.846629120999978, 0.0 ], [ 125.320776568000042, -1.861347661999957, 0.0 ], [ 125.322543080000059, -1.875151787999926, 0.0 ], [ 125.326859201000048, -1.884612862999973, 0.0 ], [ 125.324363037000012, -1.888002961999973, 0.0 ], [ 125.318149583000036, -1.891742486999931, 0.0 ], [ 125.307719769000073, -1.892387913999926, 0.0 ], [ 125.303199609000103, -1.889609899999925, 0.0 ], [ 125.297533387000044, -1.890220188999933, 0.0 ], [ 125.292510101000062, -1.888074229999972, 0.0 ], [ 125.287943199000097, -1.888200231999974, 0.0 ], [ 125.290913397000054, -1.88751727999994, 0.0 ], [ 125.290369367000039, -1.885953746999974, 0.0 ], [ 125.280085986000017, -1.886010389999967, 0.0 ], [ 125.28632922700001, -1.887804969999934, 0.0 ], [ 125.281203276000042, -1.88708887699994, 0.0 ], [ 125.274369464000074, -1.884275402999947, 0.0 ], [ 125.264332994000029, -1.885585581999976, 0.0 ], [ 125.243422626000097, -1.881477282999924, 0.0 ], [ 125.241036128000019, -1.882149290999962, 0.0 ], [ 125.234885812000016, -1.87721666799996, 0.0 ], [ 125.234227253000086, -1.873063702999957, 0.0 ], [ 125.231315190000032, -1.872303604999956, 0.0 ], [ 125.228432741, -1.873458557999925, 0.0 ], [ 125.228393255000015, -1.876370620999978, 0.0 ], [ 125.226667146000068, -1.877406622999956, 0.0 ], [ 125.228765122000027, -1.87874398799994, 0.0 ], [ 125.226304974000072, -1.88024341299996, 0.0 ], [ 125.225208574000021, -1.880097712999941, 0.0 ], [ 125.225270260000116, -1.877905176999946, 0.0 ], [ 125.223633388000053, -1.877407189999929, 0.0 ], [ 125.220636378000108, -1.879774296999926, 0.0 ], [ 125.218778494000048, -1.879035712999951, 0.0 ], [ 125.210996705000071, -1.881860608999943, 0.0 ], [ 125.20310120900001, -1.882220510999957, 0.0 ], [ 125.201540283000099, -1.880499683999972, 0.0 ], [ 125.199227447000112, -1.880511105999972, 0.0 ], [ 125.195877166000059, -1.881044104999944, 0.0 ], [ 125.190960009000037, -1.884533623999971, 0.0 ], [ 125.184638257000074, -1.885047586999974, 0.0 ], [ 125.176489079000021, -1.88388260399995, 0.0 ], [ 125.172160365000082, -1.880353386999957, 0.0 ], [ 125.170332939000104, -1.875042429999951, 0.0 ], [ 125.16170520300011, -1.875278471999934, 0.0 ], [ 125.15914680700007, -1.878613524999935, 0.0 ], [ 125.156740696000043, -1.874364758999945, 0.0 ], [ 125.149613734000013, -1.873740388999977, 0.0 ], [ 125.127113551000093, -1.877410469999973, 0.0 ], [ 125.125202367000043, -1.880996792999952, 0.0 ], [ 125.119189470000038, -1.883133073999943, 0.0 ], [ 125.111360091000051, -1.893873008999947, 0.0 ], [ 125.102875885000117, -1.898908899999981, 0.0 ], [ 125.098307320000117, -1.899594183999966, 0.0 ], [ 125.09273367000003, -1.897732493999968, 0.0 ], [ 125.089912582000011, -1.893061136999961, 0.0 ], [ 125.083946797000067, -1.890928377999956, 0.0 ], [ 125.082158887000105, -1.889116520999949, 0.0 ], [ 125.069638724000015, -1.890313124999977, 0.0 ], [ 125.063625097000113, -1.889002675999961, 0.0 ], [ 125.05842210000003, -1.885029002999943, 0.0 ], [ 125.043779427000118, -1.886722083999928, 0.0 ], [ 125.02786955900001, -1.890351109999926, 0.0 ], [ 125.018707016, -1.894908834999967, 0.0 ], [ 125.012888240000052, -1.900662042999954, 0.0 ], [ 125.012651199000061, -1.905470518999948, 0.0 ], [ 125.013669290000053, -1.906911855999965, 0.0 ], [ 125.014888285000097, -1.906307570999957, 0.0 ], [ 125.016903819000049, -1.909828990999927, 0.0 ], [ 125.016793312000118, -1.914366099999938, 0.0 ], [ 125.018153872000084, -1.919208447999949, 0.0 ], [ 125.020038832000068, -1.921018156999935, 0.0 ], [ 125.019764274000067, -1.928697651999926, 0.0 ], [ 125.01201711300007, -1.941328107999936, 0.0 ], [ 125.008417747000067, -1.94294333199997, 0.0 ], [ 124.999313344000029, -1.940416609999943, 0.0 ], [ 124.996002641000018, -1.936507958999925, 0.0 ], [ 124.996103301000062, -1.933125145999952, 0.0 ], [ 124.99284315400007, -1.931223359999933, 0.0 ], [ 124.988891092000017, -1.931891880999956, 0.0 ], [ 124.985601253000027, -1.936698298999943, 0.0 ], [ 124.97847696000008, -1.938059535999969, 0.0 ], [ 124.976254175, -1.937330097999961, 0.0 ], [ 124.972492161000105, -1.931732889999978, 0.0 ], [ 124.961127641000076, -1.930622923999977, 0.0 ], [ 124.957879433000016, -1.927155162999952, 0.0 ], [ 124.954607644000021, -1.929164926999931, 0.0 ], [ 124.948852037000051, -1.929874922999943, 0.0 ], [ 124.942889627000113, -1.926533420999931, 0.0 ], [ 124.939171623000107, -1.928169292999939, 0.0 ], [ 124.92606837400001, -1.92641389399995, 0.0 ], [ 124.92152648800004, -1.92817068599993, 0.0 ], [ 124.918643265000014, -1.925329695999949, 0.0 ], [ 124.915612955000029, -1.926506597999946, 0.0 ], [ 124.915699815000039, -1.924443052999948, 0.0 ], [ 124.913030782000078, -1.92336589599995, 0.0 ], [ 124.909320989000094, -1.926118956999971, 0.0 ], [ 124.903037570000038, -1.927023185999929, 0.0 ], [ 124.890891172000011, -1.925252284999942, 0.0 ], [ 124.88752906700006, -1.92320187699994, 0.0 ], [ 124.883020464000083, -1.916392000999963, 0.0 ], [ 124.877979294000056, -1.911775346999946, 0.0 ], [ 124.875155876, -1.90335811999995, 0.0 ], [ 124.864907869000035, -1.892734093999934, 0.0 ], [ 124.860733680000067, -1.891614140999934, 0.0 ], [ 124.845994146000066, -1.894201917999965, 0.0 ], [ 124.835096641000064, -1.898699527999952, 0.0 ], [ 124.813704668000014, -1.901866283999937, 0.0 ], [ 124.782897618000106, -1.91176080799994, 0.0 ], [ 124.774469461000081, -1.915573816999938, 0.0 ], [ 124.767197030000034, -1.920656088999976, 0.0 ], [ 124.763778421000097, -1.927337465999926, 0.0 ], [ 124.757817395000075, -1.931283528999927, 0.0 ], [ 124.739348971000027, -1.938630669999952, 0.0 ], [ 124.732391427000039, -1.93978803899995, 0.0 ], [ 124.721689563000041, -1.943745558999979, 0.0 ], [ 124.706278022000106, -1.950577663999979, 0.0 ], [ 124.700165117000097, -1.954863352999951, 0.0 ], [ 124.695005494000043, -1.960558830999958, 0.0 ], [ 124.692826860000082, -1.965235898999936, 0.0 ], [ 124.693487588000039, -1.969857192999939, 0.0 ], [ 124.686540514000058, -1.971456190999959, 0.0 ], [ 124.680935455000053, -1.975633572999925, 0.0 ], [ 124.673680003000072, -1.974031719999971, 0.0 ], [ 124.669752514000038, -1.97461565499998, 0.0 ], [ 124.649116235000065, -1.980752246999941, 0.0 ], [ 124.632592422000016, -1.988601635999942, 0.0 ], [ 124.614184912000042, -1.991760798999962, 0.0 ], [ 124.580161888000021, -2.003316888999962, 0.0 ], [ 124.568688683000119, -2.004323983999939, 0.0 ], [ 124.548180332000015, -2.009189172999925, 0.0 ], [ 124.523858166000082, -2.01810177699997, 0.0 ], [ 124.516886027000055, -2.014315585999952, 0.0 ], [ 124.509286144000043, -2.013257839999937, 0.0 ], [ 124.496803617000069, -2.015604348999943, 0.0 ], [ 124.48448896900004, -2.021217827999976, 0.0 ], [ 124.484397107000063, -2.023292386999969, 0.0 ], [ 124.480932612000061, -2.024960389999933, 0.0 ], [ 124.479485901000089, -2.021438786999965, 0.0 ], [ 124.471757411000112, -2.017579300999955, 0.0 ], [ 124.463212766000083, -2.018485875999943, 0.0 ], [ 124.449292919000072, -2.025081741999941, 0.0 ], [ 124.445423916000095, -2.02400384699996, 0.0 ], [ 124.440493673000105, -2.025436280999941, 0.0 ], [ 124.426014653000038, -2.025740852999945, 0.0 ], [ 124.417574704000117, -2.02233584399994, 0.0 ], [ 124.410521982000091, -2.026200088999929, 0.0 ], [ 124.405077775000109, -2.031320687999937, 0.0 ], [ 124.404563812000106, -2.033224256999972, 0.0 ], [ 124.402479404000019, -2.030901903999961, 0.0 ], [ 124.395950163000066, -2.028037031999929, 0.0 ], [ 124.396787932000052, -2.022464730999957, 0.0 ], [ 124.392181295000114, -2.018762289999927, 0.0 ], [ 124.395583041, -2.008399182999938, 0.0 ], [ 124.397815947000026, -1.993856343999937, 0.0 ], [ 124.397210612000094, -1.987898172999962, 0.0 ], [ 124.39473216600004, -1.981643046999977, 0.0 ], [ 124.395421257000066, -1.977192502999969, 0.0 ], [ 124.392912354000032, -1.970370111999955, 0.0 ], [ 124.382598818000019, -1.956264666999971, 0.0 ], [ 124.382850089000044, -1.949541261999968, 0.0 ], [ 124.378868775000115, -1.942278195999961, 0.0 ], [ 124.37103558900003, -1.938602403999937, 0.0 ], [ 124.368476241000053, -1.932629480999935, 0.0 ], [ 124.35884653800008, -1.927204594999978, 0.0 ], [ 124.350490189000084, -1.914415245999976, 0.0 ], [ 124.347659963000069, -1.912401269999975, 0.0 ], [ 124.348181699000065, -1.909686384999929, 0.0 ], [ 124.343837755000095, -1.907401149999941, 0.0 ], [ 124.340973156000018, -1.89950917699997, 0.0 ], [ 124.341349122000111, -1.89690659799993, 0.0 ], [ 124.337195439000084, -1.889968755999973, 0.0 ], [ 124.338006835000101, -1.882789921999972, 0.0 ], [ 124.341285732000074, -1.877024487999961, 0.0 ], [ 124.341276214000118, -1.867351026999927, 0.0 ], [ 124.344980178000014, -1.852893389999963, 0.0 ], [ 124.345615812000119, -1.83622225199997, 0.0 ], [ 124.342288374000077, -1.829137168999978, 0.0 ], [ 124.34258628200007, -1.825618421999934, 0.0 ], [ 124.344218593000051, -1.825642216999938, 0.0 ], [ 124.344661173000077, -1.822429943999964, 0.0 ], [ 124.342286471000079, -1.81507265099998, 0.0 ], [ 124.345780471000012, -1.811123696999971, 0.0 ], [ 124.345868986000028, -1.80557289099994, 0.0 ], [ 124.349257974000011, -1.805043888999933, 0.0 ], [ 124.348656446000064, -1.803323062999937, 0.0 ], [ 124.347502883000061, -1.804130175999944, 0.0 ], [ 124.346905163000088, -1.803064176999953, 0.0 ], [ 124.348191975000077, -1.797730377999926, 0.0 ], [ 124.347840132000101, -1.788672562999977, 0.0 ], [ 124.354309982000018, -1.780991281999945, 0.0 ], [ 124.357823185000029, -1.772023156999978, 0.0 ], [ 124.360702587000105, -1.769955785999969, 0.0 ], [ 124.360707346000027, -1.761665981999954, 0.0 ], [ 124.361472581000044, -1.761066356999947, 0.0 ], [ 124.364253695000116, -1.762813833999928, 0.0 ], [ 124.364920598000026, -1.765488604999973, 0.0 ], [ 124.365834311000071, -1.764108517999944, 0.0 ], [ 124.365392842000119, -1.760470163999969, 0.0 ], [ 124.363230551000015, -1.759763519999979, 0.0 ], [ 124.364558290000105, -1.75514736599996, 0.0 ], [ 124.362300658000095, -1.750997585999926, 0.0 ], [ 124.364411716000063, -1.750696821999952, 0.0 ], [ 124.365353982000101, -1.749943008999935, 0.0 ], [ 124.363218178000011, -1.749560391999978, 0.0 ], [ 124.365365403000055, -1.745380153999974, 0.0 ], [ 124.368900331000077, -1.74231350499997, 0.0 ], [ 124.372058352000067, -1.742444850999959, 0.0 ], [ 124.373023461000116, -1.738453066999966, 0.0 ], [ 124.371184613000082, -1.737196711999957, 0.0 ], [ 124.371607206000022, -1.734055822999949, 0.0 ], [ 124.367027219000079, -1.729966957999977, 0.0 ], [ 124.36873153800002, -1.71997691699994, 0.0 ], [ 124.367508654000062, -1.716702873999964, 0.0 ], [ 124.369027702000039, -1.71534943599994, 0.0 ], [ 124.371026450000045, -1.717845014999966, 0.0 ], [ 124.372385598000051, -1.717845014999966, 0.0 ], [ 124.370386850000045, -1.716417337999928, 0.0 ], [ 124.370061339000017, -1.713841809999963, 0.0 ], [ 124.374791201000107, -1.712978889999931, 0.0 ], [ 124.373625265000101, -1.707801183999948, 0.0 ], [ 124.375714432000109, -1.702866180999933, 0.0 ], [ 124.375210938, -1.699794010999938, 0.0 ], [ 124.377076911000017, -1.699045432999981, 0.0 ], [ 124.372639692, -1.698188826999967, 0.0 ], [ 124.370709474000023, -1.702254849999974, 0.0 ], [ 124.367967858000043, -1.702149319999933, 0.0 ], [ 124.369833356000072, -1.703300979999938, 0.0 ], [ 124.368624590000081, -1.704395531999978, 0.0 ], [ 124.369298453000056, -1.706476131999977, 0.0 ], [ 124.372389849000115, -1.705760390999956, 0.0 ], [ 124.372976147000031, -1.711981253999966, 0.0 ], [ 124.369313682000097, -1.710564997999938, 0.0 ], [ 124.369092868000052, -1.712042167999925, 0.0 ], [ 124.366168986000048, -1.711524397999938, 0.0 ], [ 124.364724812000077, -1.714651642999968, 0.0 ], [ 124.362332025000114, -1.715873734999946, 0.0 ], [ 124.361760955000022, -1.718255098999975, 0.0 ], [ 124.360219065000024, -1.717112957999973, 0.0 ], [ 124.36140118000003, -1.714537428999961, 0.0 ], [ 124.361846615000104, -1.705234687999962, 0.0 ], [ 124.367380924000031, -1.694388152999977, 0.0 ], [ 124.371886644000028, -1.689296420999938, 0.0 ], [ 124.373080750000099, -1.685034633999976, 0.0 ], [ 124.378549638000095, -1.677314568999975, 0.0 ], [ 124.38566556, -1.674816324999938, 0.0 ], [ 124.392708526000092, -1.665394848999938, 0.0 ], [ 124.4004294020001, -1.659512821999954, 0.0 ], [ 124.418394078, -1.664151707999963, 0.0 ], [ 124.434967500000084, -1.664693272999955, 0.0 ], [ 124.464526434000049, -1.663331110999934, 0.0 ], [ 124.496158155000103, -1.657519933999936, 0.0 ], [ 124.50634095800001, -1.653604584999925, 0.0 ], [ 124.510310851000099, -1.649654679999969, 0.0 ], [ 124.508872705000044, -1.640800229999968, 0.0 ], [ 124.512360042000068, -1.635580644999948, 0.0 ], [ 124.521116459000041, -1.635253229999933, 0.0 ], [ 124.527876432000085, -1.630545353999935, 0.0 ], [ 124.531515255000045, -1.630741721999925, 0.0 ], [ 124.531022331000031, -1.632561132999967, 0.0 ], [ 124.526588786000048, -1.635449665999943, 0.0 ] ] ], [ [ [ 124.486469819000035, -1.630128002999925, 0.0 ], [ 124.486051033000081, -1.629856743999937, 0.0 ], [ 124.486108140000056, -1.629295191999972, 0.0 ], [ 124.486736319000102, -1.629342780999934, 0.0 ], [ 124.486469819000035, -1.630128002999925, 0.0 ] ] ], [ [ [ 124.49147069300011, -1.628710478999949, 0.0 ], [ 124.488822828000025, -1.636492267999927, 0.0 ], [ 124.48678601000006, -1.637206105999951, 0.0 ], [ 124.485943680000105, -1.632566157999975, 0.0 ], [ 124.486787913000057, -1.629829776999941, 0.0 ], [ 124.488546810000116, -1.628584842999942, 0.0 ], [ 124.49147069300011, -1.628710478999949, 0.0 ] ] ], [ [ [ 124.47551989100009, -1.578444391999938, 0.0 ], [ 124.481502673000023, -1.581510729999934, 0.0 ], [ 124.480298816000072, -1.582841014999929, 0.0 ], [ 124.482292842000106, -1.58926407499996, 0.0 ], [ 124.481653167000104, -1.599612283999932, 0.0 ], [ 124.47984744200005, -1.604124079999963, 0.0 ], [ 124.477846366000108, -1.59994559699993, 0.0 ], [ 124.47828679700001, -1.592388629999959, 0.0 ], [ 124.473882550000098, -1.58795525499994, 0.0 ], [ 124.472012494000069, -1.583162178999942, 0.0 ], [ 124.47312622100003, -1.578058800999941, 0.0 ], [ 124.47551989100009, -1.578444391999938, 0.0 ] ] ] ] } }
]
}
